entity_id,family,current_url,finding_id,finding_heading,finding_text,evidence_class,severity,scope,status,recommendation,dossier_path
TERM-category-1,category,https://www.mariwork.ir/mag/%D8%AF%D8%B3%D8%AA%D9%87%E2%80%8C%D8%A8%D9%86%D8%AF%DB%8C-%D9%86%D8%B4%D8%AF%D9%87/,TERM-category-1-F001,,"- id: TERM-category-1-F001
  severity: P1
  scope: PAGE
  status: BLOCKED
  evidence_class: OBSERVED
  confidence: HIGH
  source_refs: [supplied inventory TERM-category-1, pages/category/TERM-category-1.md]
  impact: The requested category URL is unavailable; whether this is an obsolete URL, a broken live category, or an intentional removal is unknown.
  recommendation: INITIAL — verify taxonomy identity, legacy URLs, internal-link sources, GSC/Coverage evidence, and a relevant replacement before considering redirect, restoration, or 410. Do not infer a destination from slug similarity.
  acceptance_criteria: Entity mapping and source evidence support one approved disposition; direct redirect/410 behavior and internal-link cleanup are regression-tested.
  google_basis: GOOGLE_CONSISTENT
  google_reference: https://developers.google.com/search/docs/crawling-indexing/301-redirects
  seo_owner_current: UNKNOWN_NEEDS_VERIFICATION
  seo_owner_target: UNKNOWN_NEEDS_VERIFICATION
  rank_math_capability_checked: BLOCKED_BY_ACCESS
  rank_math_path_or_reason_not_used: Rank Math version/modules and redirect ownership were not supplied.",OBSERVED,P1,PAGE,BLOCKED,"INITIAL — verify taxonomy identity, legacy URLs, internal-link sources, GSC/Coverage evidence, and a relevant replacement before considering redirect, restoration, or 410. Do not infer a destination from slug similarity.",pages/category/TERM-category-1.md
TERM-category-142,category,https://www.mariwork.ir/mag/history/,TERM-category-142-F001,,"- id: TERM-category-142-F001
  severity: P2
  scope: PAGE
  status: OPEN
  evidence_class: OBSERVED
  confidence: HIGH
  source_refs: [supplied inventory TERM-category-142, pages/category/TERM-category-142.md]
  impact: The page has an empty meta description, leaving snippet generation to other page content.
  recommendation: INITIAL — after intent/ownership review, consider an accurate, page-specific description through the verified SEO owner; do not draft final metadata in Round 1.
  acceptance_criteria: Approved description is consistent with visible archive content, current canonical, and one verified owner.
  google_basis: GOOGLE_CONSISTENT
  google_reference: https://developers.google.com/search/docs/appearance/snippet
  seo_owner_current: UNKNOWN_NEEDS_VERIFICATION
  seo_owner_target: RANK_MATH if capability is verified
  rank_math_capability_checked: BLOCKED_BY_ACCESS
  rank_math_path_or_reason_not_used: Installed Rank Math version/modules and current meta owner were not supplied.",OBSERVED,P2,PAGE,OPEN,"INITIAL — after intent/ownership review, consider an accurate, page-specific description through the verified SEO owner",pages/category/TERM-category-142.md
TERM-category-142,category,https://www.mariwork.ir/mag/history/,TERM-category-142-F002,,"- id: TERM-category-142-F002
  severity: P2
  scope: PAGE
  status: OPEN
  evidence_class: MEASURED
  confidence: HIGH
  source_refs: [supplied inventory TERM-category-142]
  impact: 3 of 5 reported images lack ALT; image meaning/decorative status was not independently verified.
  recommendation: INITIAL — review each image role; add descriptive ALT only for informative images and retain empty ALT for decorative images.
  acceptance_criteria: Image-by-image informative/decorative decisions and accurate ALT output are reviewed; no invented descriptions.
  google_basis: GOOGLE_RECOMMENDED
  google_reference: https://developers.google.com/search/docs/appearance/google-images
  seo_owner_current: CONTENT/UNKNOWN_NEEDS_VERIFICATION
  seo_owner_target: CONTENT for ALT decisions
  rank_math_capability_checked: BLOCKED_BY_ACCESS
  rank_math_path_or_reason_not_used: Image/template ownership was not supplied.",MEASURED,P2,PAGE,OPEN,INITIAL — review each image role,pages/category/TERM-category-142.md
TERM-category-18,category,https://www.mariwork.ir/mag/artists/,TERM-category-18-F001,,"- id: TERM-category-18-F001
  severity: P1
  scope: FAMILY
  status: BLOCKED
  evidence_class: MEASURED
  confidence: HIGH
  source_refs: [supplied inventory TERM-category-18, pages/category/TERM-category-18.md, registry/SYSTEMIC-FINDINGS.md#SYS-012]
  impact: The URL is publicly reachable but presents no category items; its current noindex/no-canonical policy and lifecycle are not tied to an approved family decision.
  recommendation: INITIAL — resolve the category-family policy from taxonomy identity, assignments, internal links, historical evidence, and intended user value; then use one approved family-level path. Do not mass-change controls from this audit.
  acceptance_criteria: Complete category-family inventory records item count, intended indexability, canonical/robots/sitemap behavior, replacement mapping where needed, Rank Math ownership, and regression examples.
  google_basis: GOOGLE_CONSISTENT
  google_reference: https://developers.google.com/search/docs/crawling-indexing/soft-404-errors
  seo_owner_current: UNKNOWN_NEEDS_VERIFICATION
  seo_owner_target: RANK_MATH where capability is verified; otherwise UNKNOWN_NEEDS_VERIFICATION
  rank_math_capability_checked: BLOCKED_BY_ACCESS
  rank_math_path_or_reason_not_used: Installed Rank Math version/modules and taxonomy owner were not supplied.",MEASURED,P1,FAMILY,BLOCKED,"INITIAL — resolve the category-family policy from taxonomy identity, assignments, internal links, historical evidence, and intended user value",pages/category/TERM-category-18.md
TERM-category-1955,category,https://www.mariwork.ir/mag/cultural/,TERM-category-1955-F001,,"- id: TERM-category-1955-F001
  severity: P1
  scope: FAMILY
  status: BLOCKED
  evidence_class: MEASURED
  confidence: HIGH
  source_refs: [supplied inventory TERM-category-1955, pages/category/TERM-category-1955.md, registry/SYSTEMIC-FINDINGS.md#SYS-012]
  impact: The URL is publicly reachable but presents no category items; its current noindex/no-canonical policy and lifecycle are not tied to an approved family decision.
  recommendation: INITIAL — resolve the category-family policy from taxonomy identity, assignments, internal links, historical evidence, and intended user value; then use one approved family-level path. Do not mass-change controls from this audit.
  acceptance_criteria: Complete category-family inventory records item count, intended indexability, canonical/robots/sitemap behavior, replacement mapping where needed, Rank Math ownership, and regression examples.
  google_basis: GOOGLE_CONSISTENT
  google_reference: https://developers.google.com/search/docs/crawling-indexing/soft-404-errors
  seo_owner_current: UNKNOWN_NEEDS_VERIFICATION
  seo_owner_target: RANK_MATH where capability is verified; otherwise UNKNOWN_NEEDS_VERIFICATION
  rank_math_capability_checked: BLOCKED_BY_ACCESS
  rank_math_path_or_reason_not_used: Installed Rank Math version/modules and taxonomy owner were not supplied.",MEASURED,P1,FAMILY,BLOCKED,"INITIAL — resolve the category-family policy from taxonomy identity, assignments, internal links, historical evidence, and intended user value",pages/category/TERM-category-1955.md
TERM-category-1956,category,https://www.mariwork.ir/mag/guides/,TERM-category-1956-F001,,"- id: TERM-category-1956-F001
  severity: P1
  scope: FAMILY
  status: BLOCKED
  evidence_class: MEASURED
  confidence: HIGH
  source_refs: [supplied inventory TERM-category-1956, pages/category/TERM-category-1956.md, registry/SYSTEMIC-FINDINGS.md#SYS-012]
  impact: The URL is publicly reachable but presents no category items; its current noindex/no-canonical policy and lifecycle are not tied to an approved family decision.
  recommendation: INITIAL — resolve the category-family policy from taxonomy identity, assignments, internal links, historical evidence, and intended user value; then use one approved family-level path. Do not mass-change controls from this audit.
  acceptance_criteria: Complete category-family inventory records item count, intended indexability, canonical/robots/sitemap behavior, replacement mapping where needed, Rank Math ownership, and regression examples.
  google_basis: GOOGLE_CONSISTENT
  google_reference: https://developers.google.com/search/docs/crawling-indexing/soft-404-errors
  seo_owner_current: UNKNOWN_NEEDS_VERIFICATION
  seo_owner_target: RANK_MATH where capability is verified; otherwise UNKNOWN_NEEDS_VERIFICATION
  rank_math_capability_checked: BLOCKED_BY_ACCESS
  rank_math_path_or_reason_not_used: Installed Rank Math version/modules and taxonomy owner were not supplied.",MEASURED,P1,FAMILY,BLOCKED,"INITIAL — resolve the category-family policy from taxonomy identity, assignments, internal links, historical evidence, and intended user value",pages/category/TERM-category-1956.md
TERM-category-1957,category,https://www.mariwork.ir/mag/literature/,TERM-category-1957-F001,,"- id: TERM-category-1957-F001
  severity: P1
  scope: FAMILY
  status: BLOCKED
  evidence_class: MEASURED
  confidence: HIGH
  source_refs: [supplied inventory TERM-category-1957, pages/category/TERM-category-1957.md, registry/SYSTEMIC-FINDINGS.md#SYS-012]
  impact: The URL is publicly reachable but presents no category items; its current noindex/no-canonical policy and lifecycle are not tied to an approved family decision.
  recommendation: INITIAL — resolve the category-family policy from taxonomy identity, assignments, internal links, historical evidence, and intended user value; then use one approved family-level path. Do not mass-change controls from this audit.
  acceptance_criteria: Complete category-family inventory records item count, intended indexability, canonical/robots/sitemap behavior, replacement mapping where needed, Rank Math ownership, and regression examples.
  google_basis: GOOGLE_CONSISTENT
  google_reference: https://developers.google.com/search/docs/crawling-indexing/soft-404-errors
  seo_owner_current: UNKNOWN_NEEDS_VERIFICATION
  seo_owner_target: RANK_MATH where capability is verified; otherwise UNKNOWN_NEEDS_VERIFICATION
  rank_math_capability_checked: BLOCKED_BY_ACCESS
  rank_math_path_or_reason_not_used: Installed Rank Math version/modules and taxonomy owner were not supplied.",MEASURED,P1,FAMILY,BLOCKED,"INITIAL — resolve the category-family policy from taxonomy identity, assignments, internal links, historical evidence, and intended user value",pages/category/TERM-category-1957.md
TERM-category-1982,category,https://www.mariwork.ir/mag/uncategorized/,TERM-category-1982-F001,,"- id: TERM-category-1982-F001
  severity: P1
  scope: FAMILY
  status: BLOCKED
  evidence_class: MEASURED
  confidence: HIGH
  source_refs: [supplied inventory TERM-category-1982, pages/category/TERM-category-1982.md, registry/SYSTEMIC-FINDINGS.md#SYS-012]
  impact: The URL is publicly reachable but presents no category items; its current noindex/no-canonical policy and lifecycle are not tied to an approved family decision.
  recommendation: INITIAL — resolve the category-family policy from taxonomy identity, assignments, internal links, historical evidence, and intended user value; then use one approved family-level path. Do not mass-change controls from this audit.
  acceptance_criteria: Complete category-family inventory records item count, intended indexability, canonical/robots/sitemap behavior, replacement mapping where needed, Rank Math ownership, and regression examples.
  google_basis: GOOGLE_CONSISTENT
  google_reference: https://developers.google.com/search/docs/crawling-indexing/soft-404-errors
  seo_owner_current: UNKNOWN_NEEDS_VERIFICATION
  seo_owner_target: RANK_MATH where capability is verified; otherwise UNKNOWN_NEEDS_VERIFICATION
  rank_math_capability_checked: BLOCKED_BY_ACCESS
  rank_math_path_or_reason_not_used: Installed Rank Math version/modules and taxonomy owner were not supplied.",MEASURED,P1,FAMILY,BLOCKED,"INITIAL — resolve the category-family policy from taxonomy identity, assignments, internal links, historical evidence, and intended user value",pages/category/TERM-category-1982.md
TERM-category-1983,category,https://www.mariwork.ir/mag/free/,TERM-category-1983-F001,,"- id: TERM-category-1983-F001
  severity: P1
  scope: FAMILY
  status: BLOCKED
  evidence_class: MEASURED
  confidence: HIGH
  source_refs: [supplied inventory TERM-category-1983, pages/category/TERM-category-1983.md, registry/SYSTEMIC-FINDINGS.md#SYS-012]
  impact: The URL is publicly reachable but presents no category items; its current noindex/no-canonical policy and lifecycle are not tied to an approved family decision.
  recommendation: INITIAL — resolve the category-family policy from taxonomy identity, assignments, internal links, historical evidence, and intended user value; then use one approved family-level path. Do not mass-change controls from this audit.
  acceptance_criteria: Complete category-family inventory records item count, intended indexability, canonical/robots/sitemap behavior, replacement mapping where needed, Rank Math ownership, and regression examples.
  google_basis: GOOGLE_CONSISTENT
  google_reference: https://developers.google.com/search/docs/crawling-indexing/soft-404-errors
  seo_owner_current: UNKNOWN_NEEDS_VERIFICATION
  seo_owner_target: RANK_MATH where capability is verified; otherwise UNKNOWN_NEEDS_VERIFICATION
  rank_math_capability_checked: BLOCKED_BY_ACCESS
  rank_math_path_or_reason_not_used: Installed Rank Math version/modules and taxonomy owner were not supplied.",MEASURED,P1,FAMILY,BLOCKED,"INITIAL — resolve the category-family policy from taxonomy identity, assignments, internal links, historical evidence, and intended user value",pages/category/TERM-category-1983.md
TERM-category-1984,category,https://www.mariwork.ir/mag/general/,TERM-category-1984-F001,,"- id: TERM-category-1984-F001
  severity: P1
  scope: FAMILY
  status: BLOCKED
  evidence_class: MEASURED
  confidence: HIGH
  source_refs: [supplied inventory TERM-category-1984, pages/category/TERM-category-1984.md, registry/SYSTEMIC-FINDINGS.md#SYS-012]
  impact: The URL is publicly reachable but presents no category items; its current noindex/no-canonical policy and lifecycle are not tied to an approved family decision.
  recommendation: INITIAL — resolve the category-family policy from taxonomy identity, assignments, internal links, historical evidence, and intended user value; then use one approved family-level path. Do not mass-change controls from this audit.
  acceptance_criteria: Complete category-family inventory records item count, intended indexability, canonical/robots/sitemap behavior, replacement mapping where needed, Rank Math ownership, and regression examples.
  google_basis: GOOGLE_CONSISTENT
  google_reference: https://developers.google.com/search/docs/crawling-indexing/soft-404-errors
  seo_owner_current: UNKNOWN_NEEDS_VERIFICATION
  seo_owner_target: RANK_MATH where capability is verified; otherwise UNKNOWN_NEEDS_VERIFICATION
  rank_math_capability_checked: BLOCKED_BY_ACCESS
  rank_math_path_or_reason_not_used: Installed Rank Math version/modules and taxonomy owner were not supplied.",MEASURED,P1,FAMILY,BLOCKED,"INITIAL — resolve the category-family policy from taxonomy identity, assignments, internal links, historical evidence, and intended user value",pages/category/TERM-category-1984.md
TERM-category-1985,category,https://www.mariwork.ir/mag/paid/,TERM-category-1985-F001,,"- id: TERM-category-1985-F001
  severity: P1
  scope: FAMILY
  status: BLOCKED
  evidence_class: MEASURED
  confidence: HIGH
  source_refs: [supplied inventory TERM-category-1985, pages/category/TERM-category-1985.md, registry/SYSTEMIC-FINDINGS.md#SYS-012]
  impact: The URL is publicly reachable but presents no category items; its current noindex/no-canonical policy and lifecycle are not tied to an approved family decision.
  recommendation: INITIAL — resolve the category-family policy from taxonomy identity, assignments, internal links, historical evidence, and intended user value; then use one approved family-level path. Do not mass-change controls from this audit.
  acceptance_criteria: Complete category-family inventory records item count, intended indexability, canonical/robots/sitemap behavior, replacement mapping where needed, Rank Math ownership, and regression examples.
  google_basis: GOOGLE_CONSISTENT
  google_reference: https://developers.google.com/search/docs/crawling-indexing/soft-404-errors
  seo_owner_current: UNKNOWN_NEEDS_VERIFICATION
  seo_owner_target: RANK_MATH where capability is verified; otherwise UNKNOWN_NEEDS_VERIFICATION
  rank_math_capability_checked: BLOCKED_BY_ACCESS
  rank_math_path_or_reason_not_used: Installed Rank Math version/modules and taxonomy owner were not supplied.",MEASURED,P1,FAMILY,BLOCKED,"INITIAL — resolve the category-family policy from taxonomy identity, assignments, internal links, historical evidence, and intended user value",pages/category/TERM-category-1985.md
TERM-category-71,category,https://www.mariwork.ir/mag/articles/,TERM-category-71-F001,,"- id: TERM-category-71-F001
  severity: P2
  scope: PAGE
  status: OPEN
  evidence_class: OBSERVED
  confidence: HIGH
  source_refs: [supplied inventory TERM-category-71, pages/category/TERM-category-71.md]
  impact: The page has an empty meta description, leaving snippet generation to other page content.
  recommendation: INITIAL — after intent and ownership review, consider an accurate page-specific description through the verified SEO owner; do not draft final metadata in Round 1.
  acceptance_criteria: Approved description matches visible article archive content and is emitted by one verified owner.
  google_basis: GOOGLE_CONSISTENT
  google_reference: https://developers.google.com/search/docs/appearance/snippet
  seo_owner_current: UNKNOWN_NEEDS_VERIFICATION
  seo_owner_target: RANK_MATH if capability is verified
  rank_math_capability_checked: BLOCKED_BY_ACCESS
  rank_math_path_or_reason_not_used: Installed Rank Math version/modules and current meta owner were not supplied.",OBSERVED,P2,PAGE,OPEN,"INITIAL — after intent and ownership review, consider an accurate page-specific description through the verified SEO owner",pages/category/TERM-category-71.md
TERM-category-71,category,https://www.mariwork.ir/mag/articles/,TERM-category-71-F002,,"- id: TERM-category-71-F002
  severity: P2
  scope: PAGE
  status: OPEN
  evidence_class: MEASURED
  confidence: HIGH
  source_refs: [supplied inventory TERM-category-71]
  impact: 7 of 12 reported images lack ALT; image meaning/decorative status was not independently verified.
  recommendation: INITIAL — review image roles; use descriptive ALT for informative images and empty ALT for decorative images.
  acceptance_criteria: Image-by-image role decisions and accurate ALT output are reviewed; no invented descriptions.
  google_basis: GOOGLE_RECOMMENDED
  google_reference: https://developers.google.com/search/docs/appearance/google-images
  seo_owner_current: CONTENT/UNKNOWN_NEEDS_VERIFICATION
  seo_owner_target: CONTENT for ALT decisions
  rank_math_capability_checked: BLOCKED_BY_ACCESS
  rank_math_path_or_reason_not_used: Image/template ownership was not supplied.",MEASURED,P2,PAGE,OPEN,INITIAL — review image roles,pages/category/TERM-category-71.md
TERM-category-73,category,https://www.mariwork.ir/mag/education/,TERM-category-73-F001,,"- id: TERM-category-73-F001
  severity: P1
  scope: FAMILY
  status: BLOCKED
  evidence_class: MEASURED
  confidence: HIGH
  source_refs: [supplied inventory TERM-category-73, pages/category/TERM-category-73.md, registry/SYSTEMIC-FINDINGS.md#SYS-012]
  impact: The URL is publicly reachable but presents no category items; its current noindex/no-canonical policy and lifecycle are not tied to an approved family decision.
  recommendation: INITIAL — resolve the category-family policy from taxonomy identity, assignments, internal links, historical evidence, and intended user value; then use one approved family-level path. Do not mass-change controls from this audit.
  acceptance_criteria: Complete category-family inventory records item count, intended indexability, canonical/robots/sitemap behavior, replacement mapping where needed, Rank Math ownership, and regression examples.
  google_basis: GOOGLE_CONSISTENT
  google_reference: https://developers.google.com/search/docs/crawling-indexing/soft-404-errors
  seo_owner_current: UNKNOWN_NEEDS_VERIFICATION
  seo_owner_target: RANK_MATH where capability is verified; otherwise UNKNOWN_NEEDS_VERIFICATION
  rank_math_capability_checked: BLOCKED_BY_ACCESS
  rank_math_path_or_reason_not_used: Installed Rank Math version/modules and taxonomy owner were not supplied.",MEASURED,P1,FAMILY,BLOCKED,"INITIAL — resolve the category-family policy from taxonomy identity, assignments, internal links, historical evidence, and intended user value",pages/category/TERM-category-73.md
TERM-ld_course_category-1989,ld_course_category,https://www.mariwork.ir/mag/course-category/free/,TERM-ld_course_category-1989-F001,Taxonomy URL returns an unresolved 404,"#### TERM-ld_course_category-1989-F001 — Taxonomy URL returns an unresolved 404

```yaml
id: TERM-ld_course_category-1989-F001
severity: P1
scope: PAGE
status: CONFIRMED
evidence_class: OBSERVED
confidence: HIGH
source_refs:
  - REST:https://www.mariwork.ir/wp-json/wp/v2/ld_course_category:id=1989
  - LINK:https://www.mariwork.ir/mag/course-category/free/
  - supplied_page_evidence:observed_at=2026-09-24T16:05:27Z
  - SYS-003
impact: The taxonomy archive is unavailable as a 404; its intended lifecycle, replacement relationship, and historical value are not established.
recommendation: INITIAL — verify lifecycle and historical/internal-link value, then decide restore, direct relevant redirect, or removal only with evidence. Do not map by slug similarity alone and do not implement in Round 1.
acceptance_criteria: Current taxonomy state, exact destination or no-replacement rationale, redirect/canonical behavior, historical signals, internal-link cleanup, Rank Math ownership, and regression checks are documented and Second Reviewed before change.
google_basis: GOOGLE_CONSISTENT
google_reference: https://developers.google.com/search/docs/crawling-indexing/301-redirects
seo_owner_current: UNKNOWN_NEEDS_VERIFICATION
seo_owner_target: RANK_MATH if verified capability covers taxonomy controls; otherwise UNKNOWN_NEEDS_VERIFICATION
rank_math_capability_checked: BLOCKED_BY_ACCESS
rank_math_path_or_reason_not_used: Installed version/modules and current owner were not supplied; no Production access or write was performed.
```

**Evidence:** HTTP 404, no redirect, unchanged final URL, `follow, noindex`, no canonical, no X-Robots value, absent from observed sitemaps, generic 404 H1/body, and no schema types.

**Impact:** The archive cannot be evaluated as an accessible taxonomy page; final disposition remains unresolved.

**Recommendation:** Initial evidence-gathering and lifecycle decision only; no redirect, canonical, robots, sitemap, or content change is authorized.

**Acceptance criteria:** See finding YAML; independently verify taxonomy state and Rank Math ownership before any implementation decision.

**Systemic reference:** `SYS-003`.",OBSERVED,P1,PAGE,CONFIRMED,"INITIAL — verify lifecycle and historical/internal-link value, then decide restore, direct relevant redirect, or removal only with evidence. Do not map by slug similarity alone and do not implement in Round 1.",pages/ld_course_category/TERM-ld_course_category-1989.md
TERM-ld_course_category-1990,ld_course_category,https://www.mariwork.ir/mag/course-category/paid/,TERM-ld_course_category-1990-F001,Taxonomy URL returns an unresolved 404,"#### TERM-ld_course_category-1990-F001 — Taxonomy URL returns an unresolved 404

```yaml
id: TERM-ld_course_category-1990-F001
severity: P1
scope: PAGE
status: CONFIRMED
evidence_class: OBSERVED
confidence: HIGH
source_refs:
  - REST:https://www.mariwork.ir/wp-json/wp/v2/ld_course_category:id=1990
  - LINK:https://www.mariwork.ir/mag/course-category/paid/
  - supplied_page_evidence:observed_at=2026-09-24T16:05:28Z
  - SYS-003
impact: The taxonomy archive is unavailable as a 404; its intended lifecycle, replacement relationship, and historical value are not established.
recommendation: INITIAL — verify lifecycle and historical/internal-link value, then decide restore, direct relevant redirect, or removal only with evidence. Do not map by slug similarity alone and do not implement in Round 1.
acceptance_criteria: Current taxonomy state, exact destination or no-replacement rationale, redirect/canonical behavior, historical signals, internal-link cleanup, Rank Math ownership, and regression checks are documented and Second Reviewed before change.
google_basis: GOOGLE_CONSISTENT
google_reference: https://developers.google.com/search/docs/crawling-indexing/301-redirects
seo_owner_current: UNKNOWN_NEEDS_VERIFICATION
seo_owner_target: RANK_MATH if verified capability covers taxonomy controls; otherwise UNKNOWN_NEEDS_VERIFICATION
rank_math_capability_checked: BLOCKED_BY_ACCESS
rank_math_path_or_reason_not_used: Installed version/modules and current owner were not supplied; no Production access or write was performed.
```

**Evidence:** HTTP 404, no redirect, unchanged final URL, `follow, noindex`, no canonical, no X-Robots value, absent from observed sitemaps, generic 404 H1/body, and no schema types.

**Impact:** The archive cannot be evaluated as an accessible taxonomy page; final disposition remains unresolved.

**Recommendation:** Initial evidence-gathering and lifecycle decision only; no redirect, canonical, robots, sitemap, or content change is authorized.

**Acceptance criteria:** See finding YAML; independently verify taxonomy state and Rank Math ownership before any implementation decision.

**Systemic reference:** `SYS-003`.",OBSERVED,P1,PAGE,CONFIRMED,"INITIAL — verify lifecycle and historical/internal-link value, then decide restore, direct relevant redirect, or removal only with evidence. Do not map by slug similarity alone and do not implement in Round 1.",pages/ld_course_category/TERM-ld_course_category-1990.md
TERM-product_cat-1902,product_cat,https://www.mariwork.ir/product/fabric-colors/,TERM-product_cat-1902-F001,Category decision-support content not evidenced,"#### TERM-product_cat-1902-F001 — Category decision-support content not evidenced

```yaml
severity: P2
scope: PAGE
status: HYPOTHESIS
evidence_class: OBSERVED
confidence: MEDIUM
source_refs: [""INPUT:evidence.text_excerpt"", ""INPUT:evidence.headings""]
google_basis: GOOGLE_CONSISTENT
google_reference: https://developers.google.com/search/docs/fundamentals/creating-helpful-content
seo_owner_current: CONTENT/UNKNOWN_NEEDS_VERIFICATION
seo_owner_target: CONTENT after Second Review
rank_math_capability_checked: NOT_APPLICABLE_FOR_VISIBLE_COPY
rank_math_path_or_reason_not_used: This concerns visible category usefulness, not metadata implementation.
```
**Evidence:** The supplied initial-HTML excerpt shows breadcrumb/navigation and product listing, but no distinct category guidance block.
**Impact:** Users may receive product choices without verified category-level selection context; ranking or traffic causation is not claimed.
**Recommendation:** INITIAL — independently review intent and add only verified, genuinely useful category guidance if a gap is confirmed; do not draft replacement copy in Round 1.
**Acceptance criteria:** Second Review confirms the gap and approved content brief uses only verified facts, with no keyword stuffing or invented claims.",OBSERVED,P2,PAGE,HYPOTHESIS,,pages/product_cat/TERM-product_cat-1902.md
TERM-product_cat-1902,product_cat,https://www.mariwork.ir/product/fabric-colors/,TERM-product_cat-1902-F002,Structured-data extraction gap,"#### TERM-product_cat-1902-F002 — Structured-data extraction gap

```yaml
severity: P1
scope: FAMILY
status: CONFIRMED
evidence_class: MEASURED
confidence: MEDIUM
source_refs: [""INPUT:evidence.schema_types"", ""SYS-004""]
google_basis: GOOGLE_CONSISTENT
google_reference: https://developers.google.com/search/docs/appearance/structured-data/intro-structured-data
seo_owner_current: UNKNOWN_NEEDS_VERIFICATION
seo_owner_target: RANK_MATH where capability is verified
rank_math_capability_checked: BLOCKED_BY_ACCESS
rank_math_path_or_reason_not_used: Installed version/modules and current output owner unavailable.
```
**Evidence:** `schema_types: []` for this page; the same extraction gap is present across the supplied batch and is tracked by SYS-004.
**Impact:** Structured-data presence and consistency cannot be verified from the supplied extraction; rich-result eligibility is not inferred.
**Recommendation:** INITIAL — validate rendered/public output and Rank Math ownership for the product-category family before any schema change.
**Acceptance criteria:** Family sample records actual JSON-LD ownership, visible consistency, and a regression set.",MEASURED,P1,FAMILY,CONFIRMED,,pages/product_cat/TERM-product_cat-1902.md
TERM-product_cat-1902,product_cat,https://www.mariwork.ir/product/fabric-colors/,TERM-product_cat-1902-F003,Indexability/sitemap state needs verification,"#### TERM-product_cat-1902-F003 — Indexability/sitemap state needs verification

```yaml
severity: P1
scope: FAMILY
status: BLOCKED
evidence_class: OBSERVED
confidence: HIGH
source_refs: [""INPUT:inventory.sitemap"", ""INPUT:evidence.meta_robots"", ""SYS-001""]
google_basis: GOOGLE_CONSISTENT
google_reference: https://developers.google.com/search/docs/crawling-indexing/sitemaps/overview
seo_owner_current: UNKNOWN_NEEDS_VERIFICATION
seo_owner_target: RANK_MATH where capability is verified
rank_math_capability_checked: BLOCKED_BY_ACCESS
rank_math_path_or_reason_not_used: Sitemap/taxonomy settings unavailable.
```
**Evidence:** Page is 200 and index-follow in supplied HTML, while sitemap is `NOT_PRESENT_IN_OBSERVED_SITEMAPS`; intended indexability is unknown.
**Impact:** The intended relationship between category indexability and sitemap policy is unresolved; no indexing outcome is claimed.
**Recommendation:** INITIAL — verify complete sitemap set, Coverage/URL Inspection, taxonomy policy, and Rank Math ownership before deciding inclusion or exclusion.
**Acceptance criteria:** Evidence-backed family policy records intended indexability, sitemap state, canonical, owner, and regression examples.",OBSERVED,P1,FAMILY,BLOCKED,,pages/product_cat/TERM-product_cat-1902.md
TERM-product_cat-1991,product_cat,https://www.mariwork.ir/product/fabric-color-set/fabric-color-set-30-ml/,TERM-product_cat-1991-F001,Meta description contains extended FAQ text,"#### TERM-product_cat-1991-F001 — Meta description contains extended FAQ text

```yaml
severity: P2
scope: PAGE
status: CONFIRMED
evidence_class: OBSERVED
confidence: HIGH
source_refs: [""INPUT:evidence.meta_description""]
google_basis: GOOGLE_CONSISTENT
google_reference: https://developers.google.com/search/docs/appearance/snippet
seo_owner_current: UNKNOWN_NEEDS_VERIFICATION
seo_owner_target: RANK_MATH where capability is verified
rank_math_capability_checked: BLOCKED_BY_ACCESS
rank_math_path_or_reason_not_used: Current Rank Math configuration unavailable.
```
**Evidence:** Supplied meta description includes the category description followed by three FAQ questions and answers.
**Impact:** The description may be less focused as a search snippet; Google may generate a different snippet. No CTR/ranking causation is claimed.
**Recommendation:** INITIAL — review the intended snippet message and visible/metadata consistency; if changed, use Rank Math after capability and ownership verification.
**Acceptance criteria:** Approved description is concise, accurate, non-duplicative, and its owner is recorded.",OBSERVED,P2,PAGE,CONFIRMED,,pages/product_cat/TERM-product_cat-1991.md
TERM-product_cat-1991,product_cat,https://www.mariwork.ir/product/fabric-color-set/fabric-color-set-30-ml/,TERM-product_cat-1991-F002,Batch-level structured data and sitemap verification gaps,"#### TERM-product_cat-1991-F002 — Batch-level structured data and sitemap verification gaps

```yaml
severity: P1
scope: FAMILY
status: BLOCKED
evidence_class: MEASURED
confidence: HIGH
source_refs: [""INPUT:evidence.schema_types"", ""INPUT:inventory.sitemap"", ""SYS-001"", ""SYS-004""]
google_basis: GOOGLE_CONSISTENT
google_reference: https://developers.google.com/search/docs/appearance/structured-data/intro-structured-data
seo_owner_current: UNKNOWN_NEEDS_VERIFICATION
seo_owner_target: RANK_MATH where capability is verified
rank_math_capability_checked: BLOCKED_BY_ACCESS
rank_math_path_or_reason_not_used: Installed modules/settings unavailable.
```
**Evidence:** `schema_types: []`; sitemap is not present in observed sitemaps; page is 200/index-follow.
**Impact:** Family policy and structured-data ownership cannot be concluded.
**Recommendation:** INITIAL — resolve via family-level validation and Rank Math capability audit; do not add competing schema or alter sitemap in Round 1.
**Acceptance criteria:** Family regression set verifies rendered schema, taxonomy policy, canonical and sitemap state.",MEASURED,P1,FAMILY,BLOCKED,,pages/product_cat/TERM-product_cat-1991.md
TERM-product_cat-1992,product_cat,https://www.mariwork.ir/product/fabric-color-set/fabric-color-set-60-ml/,TERM-product_cat-1992-F001,Family policy and structured-data evidence gap,"#### TERM-product_cat-1992-F001 — Family policy and structured-data evidence gap

```yaml
severity: P1
scope: FAMILY
status: BLOCKED
evidence_class: MEASURED
confidence: HIGH
source_refs: [""INPUT:evidence.schema_types"", ""INPUT:inventory.sitemap"", ""SYS-001"", ""SYS-004""]
google_basis: GOOGLE_CONSISTENT
google_reference: https://developers.google.com/search/docs/appearance/structured-data/intro-structured-data
seo_owner_current: UNKNOWN_NEEDS_VERIFICATION
seo_owner_target: RANK_MATH where capability is verified
rank_math_capability_checked: BLOCKED_BY_ACCESS
rank_math_path_or_reason_not_used: Installed modules/settings unavailable.
```
**Evidence:** Page is 200/index-follow, absent from observed sitemaps, and schema extraction is empty.
**Impact:** Intended taxonomy indexability, sitemap policy and schema ownership are unresolved; no rich-result or ranking claim is made.
**Recommendation:** INITIAL — validate the complete family policy, rendered HTML/schema and Rank Math ownership before any technical change.
**Acceptance criteria:** Family regression set records canonical, robots, sitemap, rendered schema and one owner per concern.",MEASURED,P1,FAMILY,BLOCKED,,pages/product_cat/TERM-product_cat-1992.md
TERM-product_cat-1993,product_cat,https://www.mariwork.ir/product/fabric-color-set/fabric-color-set-250-ml/,TERM-product_cat-1993-F001,One-result category requires inventory verification,"#### TERM-product_cat-1993-F001 — One-result category requires inventory verification

```yaml
severity: P2
scope: PAGE
status: HYPOTHESIS
evidence_class: OBSERVED
confidence: MEDIUM
source_refs: [""INPUT:evidence.text_excerpt"", ""INPUT:evidence.headings""]
google_basis: PROJECT_DECISION
google_reference: https://developers.google.com/search/docs/fundamentals/creating-helpful-content
seo_owner_current: CONTENT/UNKNOWN_NEEDS_VERIFICATION
seo_owner_target: CONTENT after Second Review
rank_math_capability_checked: NOT_APPLICABLE_FOR_PRODUCT_COUNT
rank_math_path_or_reason_not_used: Product assortment/usefulness needs data and review, not a metadata setting.
```
**Evidence:** Initial HTML reports one result and includes only one product heading before footer headings.
**Impact:** Category usefulness and intended indexability cannot be judged from the count alone; no thin-content or ranking conclusion is made.
**Recommendation:** INITIAL — verify current Woo taxonomy membership and whether the category is intentionally maintained; then assess user intent and disposition in Second Review.
**Acceptance criteria:** Verified inventory and an evidence-backed keep/optimize/other disposition; no invented copy or forced product additions.",OBSERVED,P2,PAGE,HYPOTHESIS,,pages/product_cat/TERM-product_cat-1993.md
TERM-product_cat-1993,product_cat,https://www.mariwork.ir/product/fabric-color-set/fabric-color-set-250-ml/,TERM-product_cat-1993-F002,Batch-level structured data and sitemap verification gaps,"#### TERM-product_cat-1993-F002 — Batch-level structured data and sitemap verification gaps

```yaml
severity: P1
scope: FAMILY
status: BLOCKED
evidence_class: MEASURED
confidence: HIGH
source_refs: [""INPUT:evidence.schema_types"", ""INPUT:inventory.sitemap"", ""SYS-001"", ""SYS-004""]
google_basis: GOOGLE_CONSISTENT
google_reference: https://developers.google.com/search/docs/appearance/structured-data/intro-structured-data
seo_owner_current: UNKNOWN_NEEDS_VERIFICATION
seo_owner_target: RANK_MATH where capability is verified
rank_math_capability_checked: BLOCKED_BY_ACCESS
rank_math_path_or_reason_not_used: Installed modules/settings unavailable.
```
**Evidence:** `schema_types: []`; sitemap is not present in observed sitemaps; page is 200/index-follow.
**Impact:** Technical policy and schema output are unresolved.
**Recommendation:** INITIAL — validate family policy and Rank Math ownership before any output change.
**Acceptance criteria:** Family regression set verifies canonical, robots, sitemap and rendered schema consistency.",MEASURED,P1,FAMILY,BLOCKED,,pages/product_cat/TERM-product_cat-1993.md
TERM-product_cat-220,product_cat,https://www.mariwork.ir/product/accessories/,TERM-product_cat-220-F001,Category decision-support content not evidenced,"#### TERM-product_cat-220-F001 — Category decision-support content not evidenced

```yaml
severity: P2
scope: PAGE
status: HYPOTHESIS
evidence_class: OBSERVED
confidence: MEDIUM
source_refs: [""INPUT:evidence.text_excerpt"", ""INPUT:evidence.headings""]
google_basis: GOOGLE_CONSISTENT
google_reference: https://developers.google.com/search/docs/fundamentals/creating-helpful-content
seo_owner_current: CONTENT/UNKNOWN_NEEDS_VERIFICATION
seo_owner_target: CONTENT after Second Review
rank_math_capability_checked: NOT_APPLICABLE_FOR_VISIBLE_COPY
rank_math_path_or_reason_not_used: This concerns visible category usefulness, not metadata implementation.
```
**Evidence:** Supplied excerpt shows category navigation and a five-product grid; no distinct category guidance block is evidenced.
**Impact:** Users may lack verified selection context; no ranking or traffic causation is claimed.
**Recommendation:** INITIAL — independently assess intent and add only evidence-backed guidance if useful; do not draft replacement copy in Round 1.
**Acceptance criteria:** Second Review confirms need and approves a fact-checked content brief.",OBSERVED,P2,PAGE,HYPOTHESIS,,pages/product_cat/TERM-product_cat-220.md
TERM-product_cat-220,product_cat,https://www.mariwork.ir/product/accessories/,TERM-product_cat-220-F002,Batch-level structured data and sitemap verification gaps,"#### TERM-product_cat-220-F002 — Batch-level structured data and sitemap verification gaps

```yaml
severity: P1
scope: FAMILY
status: BLOCKED
evidence_class: MEASURED
confidence: HIGH
source_refs: [""INPUT:evidence.schema_types"", ""INPUT:inventory.sitemap"", ""SYS-001"", ""SYS-004""]
google_basis: GOOGLE_CONSISTENT
google_reference: https://developers.google.com/search/docs/appearance/structured-data/intro-structured-data
seo_owner_current: UNKNOWN_NEEDS_VERIFICATION
seo_owner_target: RANK_MATH where capability is verified
rank_math_capability_checked: BLOCKED_BY_ACCESS
rank_math_path_or_reason_not_used: Installed modules/settings unavailable.
```
**Evidence:** `schema_types: []`; sitemap is not present in observed sitemaps; page is 200/index-follow.
**Impact:** Family technical policy and schema ownership are unresolved.
**Recommendation:** INITIAL — validate family-level output and Rank Math ownership before any change.
**Acceptance criteria:** Regression sample verifies canonical, robots, sitemap and rendered schema.",MEASURED,P1,FAMILY,BLOCKED,,pages/product_cat/TERM-product_cat-220.md
TERM-product_cat-28,product_cat,https://www.mariwork.ir/product/fabric-printing-medium/,TERM-product_cat-28-F001,Category structure/usefulness needs independent review,"#### TERM-product_cat-28-F001 — Category structure/usefulness needs independent review

```yaml
severity: P2
scope: PAGE
status: HYPOTHESIS
evidence_class: OBSERVED
confidence: MEDIUM
source_refs: [""INPUT:evidence.text_excerpt"", ""INPUT:evidence.headings""]
google_basis: GOOGLE_CONSISTENT
google_reference: https://developers.google.com/search/docs/fundamentals/creating-helpful-content
seo_owner_current: CONTENT/UNKNOWN_NEEDS_VERIFICATION
seo_owner_target: CONTENT after Second Review
rank_math_capability_checked: NOT_APPLICABLE_FOR_VISIBLE_COPY
rank_math_path_or_reason_not_used: Visible category usefulness is not a metadata concern.
```
**Evidence:** The category combines glitter, glue, fixative, base coat and other medium products in the supplied headings; no category guidance block is evidenced in the excerpt.
**Impact:** Users may need clearer decision support, but the evidence does not establish that copy is required or that performance is affected.
**Recommendation:** INITIAL — Second Review should test whether the mixed assortment is understandable and identify only verified information gaps.
**Acceptance criteria:** Approved family/content brief defines useful, fact-checked guidance without keyword stuffing or invented product claims.",OBSERVED,P2,PAGE,HYPOTHESIS,,pages/product_cat/TERM-product_cat-28.md
TERM-product_cat-28,product_cat,https://www.mariwork.ir/product/fabric-printing-medium/,TERM-product_cat-28-F002,Batch-level structured data and sitemap verification gaps,"#### TERM-product_cat-28-F002 — Batch-level structured data and sitemap verification gaps

```yaml
severity: P1
scope: FAMILY
status: BLOCKED
evidence_class: MEASURED
confidence: HIGH
source_refs: [""INPUT:evidence.schema_types"", ""INPUT:inventory.sitemap"", ""SYS-001"", ""SYS-004""]
google_basis: GOOGLE_CONSISTENT
google_reference: https://developers.google.com/search/docs/appearance/structured-data/intro-structured-data
seo_owner_current: UNKNOWN_NEEDS_VERIFICATION
seo_owner_target: RANK_MATH where capability is verified
rank_math_capability_checked: BLOCKED_BY_ACCESS
rank_math_path_or_reason_not_used: Installed modules/settings unavailable.
```
**Evidence:** `schema_types: []`; sitemap is not present in observed sitemaps; page is 200/index-follow.
**Impact:** Family technical policy and schema ownership are unresolved.
**Recommendation:** INITIAL — validate family-level output and Rank Math ownership before any change.
**Acceptance criteria:** Regression sample verifies canonical, robots, sitemap and rendered schema.",MEASURED,P1,FAMILY,BLOCKED,,pages/product_cat/TERM-product_cat-28.md
TERM-product_cat-82,product_cat,https://www.mariwork.ir/product/fabric-color-set/,TERM-product_cat-82-F001,severity: P1,"#### TERM-product_cat-82-F001
- severity: P1
- scope: PAGE
- status: BLOCKED
- evidence_class: OBSERVED
- confidence: HIGH
- source_refs: `INPUT:evidence`; `GSC:Pages.csv:47`; `SITEMAP:observed sitemap set`
- impact: The page emits indexable robots and a self-canonical, while the category is not present in observed sitemaps; intended indexability and sitemap policy are both `UNKNOWN_NEEDS_VERIFICATION`.
- recommendation: INITIAL — verify the approved category policy, current Rank Math taxonomy settings and sitemap ownership before deciding KEEP INDEXED, noindex or another disposition. Do not change production in Round 1.
- acceptance_criteria: Current policy, Rank Math capability/current owner, sitemap inclusion rule, and representative category regression evidence are recorded and Second Reviewed.
- google_basis: GOOGLE_CONSISTENT
- google_reference: https://developers.google.com/search/docs/crawling-indexing/sitemaps/overview
- seo_owner_current: UNKNOWN_NEEDS_VERIFICATION
- seo_owner_target: RANK_MATH where capability is verified; otherwise UNKNOWN_NEEDS_VERIFICATION
- rank_math_capability_checked: BLOCKED_BY_ACCESS (see SYS-001)
- rank_math_path_or_reason_not_used: Production Rank Math version/modules/settings unavailable.",OBSERVED,P1,PAGE,BLOCKED,"INITIAL — verify the approved category policy, current Rank Math taxonomy settings and sitemap ownership before deciding KEEP INDEXED, noindex or another disposition. Do not change production in Round 1.",pages/product_cat/TERM-product_cat-82.md
TERM-product_cat-82,product_cat,https://www.mariwork.ir/product/fabric-color-set/,TERM-product_cat-82-F002,severity: P2,"#### TERM-product_cat-82-F002
- severity: P2
- scope: PAGE
- status: OPEN
- evidence_class: MEASURED
- confidence: MEDIUM
- source_refs: `INPUT:evidence`; `HTML:schema_types=[]`; `registry:SYS-004`
- impact: No parsed JSON-LD/microdata schema type was observed on a category page containing a 22-item product listing; structured-data presence and template ownership need validation.
- recommendation: INITIAL — validate initial and rendered HTML and the category template/plugin pipeline; if structured data is appropriate, maintain one verified owner and visible-data consistency. Do not invent product or offer data.
- acceptance_criteria: Rendered/schema audit confirms whether markup exists, identifies owner, and records consistency/regression results.
- google_basis: GOOGLE_CONSISTENT
- google_reference: https://developers.google.com/search/docs/appearance/structured-data/intro-structured-data
- seo_owner_current: UNKNOWN_NEEDS_VERIFICATION
- seo_owner_target: RANK_MATH where capable; otherwise documented platform/template owner
- rank_math_capability_checked: BLOCKED_BY_ACCESS (see SYS-001)
- rank_math_path_or_reason_not_used: Capability and current output owner unavailable.",MEASURED,P2,PAGE,OPEN,INITIAL — validate initial and rendered HTML and the category template/plugin pipeline,pages/product_cat/TERM-product_cat-82.md
URL-547bd294fbdd,academy,https://www.mariwork.ir/academy/,URL-547bd294fbdd-F001,Archive metadata is generic,"#### URL-547bd294fbdd-F001 — Archive metadata is generic

```yaml
severity: P2
scope: PAGE
status: CONFIRMED
evidence_class: OBSERVED
confidence: HIGH
source_refs: [supplied evidence, GSC:Pages.csv:336]
google_basis: GOOGLE_CONSISTENT
google_reference: https://developers.google.com/search/docs/appearance/title-link
seo_owner_current: UNKNOWN_NEEDS_VERIFICATION
seo_owner_target: RANK_MATH if capability is verified; otherwise UNKNOWN_NEEDS_VERIFICATION
rank_math_capability_checked: BLOCKED_BY_ACCESS
rank_math_path_or_reason_not_used: Production configuration unavailable.
```
**Evidence:** The title identifies the archive, but the meta description is the generic `دوره‌ها Archive - ...`; intended indexability is unknown.
**Impact:** The search-result representation may not clearly describe the academy archive. No ranking or traffic causation is claimed.
**Recommendation:** INITIAL — review archive title/meta ownership and intent after verifying Rank Math capability and current owner; do not draft final copy in Round 1.
**Acceptance criteria:** Approved archive intent, owner matrix, and before/after title/meta evidence; no duplicate SEO output.",OBSERVED,P2,PAGE,CONFIRMED,,pages/academy/URL-547bd294fbdd.md
URL-547bd294fbdd,academy,https://www.mariwork.ir/academy/,URL-547bd294fbdd-F002,Image ALT coverage gap,"#### URL-547bd294fbdd-F002 — Image ALT coverage gap

```yaml
severity: P2
scope: PAGE
status: CONFIRMED
evidence_class: MEASURED
confidence: HIGH
source_refs: [supplied evidence]
google_basis: GOOGLE_RECOMMENDED
google_reference: https://developers.google.com/search/docs/appearance/google-images
```
**Evidence:** 1 of 3 reported images is missing ALT; image role was not independently inspected.
**Impact:** Image context/accessibility may be incomplete.
**Recommendation:** INITIAL — classify the image as informative or decorative, then add descriptive ALT only when justified; retain empty ALT for decorative imagery.
**Acceptance criteria:** Per-image decision and regression evidence; no invented image facts or keyword stuffing.

**Family reference:** SYS-011 (Academy/Education image ALT coverage gaps). `SYS-004` also covers the broader missing-schema evidence.",MEASURED,P2,PAGE,CONFIRMED,,pages/academy/URL-547bd294fbdd.md
WP-12009,products,https://www.mariwork.ir/shop/mariwork-yellow-fabric-paint-104/,WP-12009-F001,,"- id: WP-12009-F001
  severity: P1
  scope: PAGE
  status: CONFIRMED
  evidence_class: MEASURED
  confidence: MEDIUM
  source_refs: [INPUT:evidence:WP-12009, SYS-004]
  impact: No schema types were parsed from the supplied initial HTML; Product/Offer/variant consistency and rich-result eligibility remain unverified.
  recommendation: INITIAL — validate rendered/source structured data and WooCommerce variant values, then use one verified Rank Math/schema owner.
  acceptance_criteria: Product and Offer output, price/currency, availability, image and variant identity are evidenced and consistent with visible content.
  google_basis: GOOGLE_RECOMMENDED
  google_reference: https://developers.google.com/search/docs/appearance/structured-data/product
  seo_owner_current: UNKNOWN_NEEDS_VERIFICATION
  seo_owner_target: RANK_MATH where capable; otherwise documented central integration
  rank_math_capability_checked: BLOCKED_BY_ACCESS
  rank_math_path_or_reason_not_used: Rank Math configuration and module capability were inaccessible.",MEASURED,P1,PAGE,CONFIRMED,"INITIAL — validate rendered/source structured data and WooCommerce variant values, then use one verified Rank Math/schema owner.",pages/products/WP-12009.md
WP-12009,products,https://www.mariwork.ir/shop/mariwork-yellow-fabric-paint-104/,WP-12009-F002,,"- id: WP-12009-F002
  severity: P2
  scope: FAMILY
  status: OPEN
  evidence_class: MEASURED
  confidence: MEDIUM
  source_refs: [INPUT:evidence:WP-12009, SYS-008]
  impact: The page uses the repeated fabric-color product heading/navigation pattern; naming consistency and differentiated information gain across the family are not yet measured.
  recommendation: INITIAL — assess the complete fabric-color family before any title, H1, copy or link edits.
  acceptance_criteria: Family inventory records meaningful distinctions, approved naming rules, exceptions and a regression set.
  google_basis: GOOGLE_CONSISTENT
  google_reference: https://developers.google.com/search/docs/fundamentals/seo-starter-guide
  seo_owner_current: CONTENT/UNKNOWN_NEEDS_VERIFICATION
  seo_owner_target: CONTENT for visible headings; RANK_MATH for approved metadata where capable
  rank_math_capability_checked: BLOCKED_BY_ACCESS
  rank_math_path_or_reason_not_used: Ownership/configuration was unavailable.",MEASURED,P2,FAMILY,OPEN,"INITIAL — assess the complete fabric-color family before any title, H1, copy or link edits.",pages/products/WP-12009.md
WP-12009,products,https://www.mariwork.ir/shop/mariwork-yellow-fabric-paint-104/,WP-12009-F003,,"- id: WP-12009-F003
  severity: P2
  scope: PAGE
  status: BLOCKED
  evidence_class: OBSERVED
  confidence: HIGH
  source_refs: [INPUT:inventory:WP-12009, docs/DATA-SOURCES.md]
  impact: Page-query relationship, live index status and current WP/Woo values are not present in the supplied batch evidence.
  recommendation: INITIAL — obtain joined Page+Query or direct filtered evidence and read-only WP/Woo verification in Second Review; do not attribute queries to this page.
  acceptance_criteria: Any query or indexability conclusion has joined/direct evidence with date range and dimension disclosed.
  google_basis: PROJECT_DECISION
  google_reference: https://support.google.com/webmasters/answer/7576553
  seo_owner_current: NOT_APPLICABLE_FOR_ATTRIBUTION
  seo_owner_target: CONTENT after Second Review
  rank_math_capability_checked: NOT_APPLICABLE_FOR_ATTRIBUTION
  rank_math_path_or_reason_not_used: This is an evidence limitation, not a metadata implementation concern.",OBSERVED,P2,PAGE,BLOCKED,INITIAL — obtain joined Page+Query or direct filtered evidence and read-only WP/Woo verification in Second Review,pages/products/WP-12009.md
WP-12471,products,https://www.mariwork.ir/shop/redbrown-mariwork-fabric-color-code105/,WP-12471-F001,,"- id: WP-12471-F001
  severity: P1
  scope: PAGE
  status: CONFIRMED
  evidence_class: MEASURED
  confidence: MEDIUM
  source_refs: [INPUT:evidence:WP-12471, SYS-004]
  impact: No schema types were parsed from the supplied initial HTML; Product/Offer/variant consistency and rich-result eligibility remain unverified.
  recommendation: INITIAL — validate rendered/source structured data and WooCommerce variant values, then use one verified Rank Math/schema owner.
  acceptance_criteria: Product and Offer output, price/currency, availability, image and variant identity are evidenced and consistent with visible content.
  google_basis: GOOGLE_RECOMMENDED
  google_reference: https://developers.google.com/search/docs/appearance/structured-data/product
  seo_owner_current: UNKNOWN_NEEDS_VERIFICATION
  seo_owner_target: RANK_MATH where capable; otherwise documented central integration
  rank_math_capability_checked: BLOCKED_BY_ACCESS
  rank_math_path_or_reason_not_used: Rank Math configuration and module capability were inaccessible.",MEASURED,P1,PAGE,CONFIRMED,"INITIAL — validate rendered/source structured data and WooCommerce variant values, then use one verified Rank Math/schema owner.",pages/products/WP-12471.md
WP-12471,products,https://www.mariwork.ir/shop/redbrown-mariwork-fabric-color-code105/,WP-12471-F002,,"- id: WP-12471-F002
  severity: P2
  scope: FAMILY
  status: OPEN
  evidence_class: MEASURED
  confidence: MEDIUM
  source_refs: [INPUT:evidence:WP-12471, SYS-008]
  impact: The page uses the repeated fabric-color product heading/navigation pattern; naming consistency and differentiated information gain across the family are not yet measured.
  recommendation: INITIAL — assess the complete fabric-color family before any title, H1, copy or link edits.
  acceptance_criteria: Family inventory records meaningful distinctions, approved naming rules, exceptions and a regression set.
  google_basis: GOOGLE_CONSISTENT
  google_reference: https://developers.google.com/search/docs/fundamentals/seo-starter-guide
  seo_owner_current: CONTENT/UNKNOWN_NEEDS_VERIFICATION
  seo_owner_target: CONTENT for visible headings; RANK_MATH for approved metadata where capable
  rank_math_capability_checked: BLOCKED_BY_ACCESS
  rank_math_path_or_reason_not_used: Ownership/configuration was unavailable.",MEASURED,P2,FAMILY,OPEN,"INITIAL — assess the complete fabric-color family before any title, H1, copy or link edits.",pages/products/WP-12471.md
WP-12471,products,https://www.mariwork.ir/shop/redbrown-mariwork-fabric-color-code105/,WP-12471-F003,,"- id: WP-12471-F003
  severity: P2
  scope: PAGE
  status: BLOCKED
  evidence_class: OBSERVED
  confidence: HIGH
  source_refs: [INPUT:inventory:WP-12471, docs/DATA-SOURCES.md]
  impact: Page-query relationship, live index status and current WP/Woo values are not present in the supplied batch evidence.
  recommendation: INITIAL — obtain joined Page+Query or direct filtered evidence and read-only WP/Woo verification in Second Review; do not attribute queries to this page.
  acceptance_criteria: Any query or indexability conclusion has joined/direct evidence with date range and dimension disclosed.
  google_basis: PROJECT_DECISION
  google_reference: https://support.google.com/webmasters/answer/7576553
  seo_owner_current: NOT_APPLICABLE_FOR_ATTRIBUTION
  seo_owner_target: CONTENT after Second Review
  rank_math_capability_checked: NOT_APPLICABLE_FOR_ATTRIBUTION
  rank_math_path_or_reason_not_used: This is an evidence limitation, not a metadata implementation concern.",OBSERVED,P2,PAGE,BLOCKED,INITIAL — obtain joined Page+Query or direct filtered evidence and read-only WP/Woo verification in Second Review,pages/products/WP-12471.md
WP-12475,products,https://www.mariwork.ir/shop/green-mariwork-fabric-color-code106/,WP-12475-F001,,"- id: WP-12475-F001
  severity: P1
  scope: PAGE
  status: CONFIRMED
  evidence_class: MEASURED
  confidence: MEDIUM
  source_refs: [INPUT:evidence:WP-12475, SYS-004]
  impact: No schema types were parsed from the supplied initial HTML; Product/Offer/variant consistency and rich-result eligibility remain unverified.
  recommendation: INITIAL — validate rendered/source structured data and WooCommerce variant values, then use one verified Rank Math/schema owner.
  acceptance_criteria: Product and Offer output, price/currency, availability, image and variant identity are evidenced and consistent with visible content.
  google_basis: GOOGLE_RECOMMENDED
  google_reference: https://developers.google.com/search/docs/appearance/structured-data/product
  seo_owner_current: UNKNOWN_NEEDS_VERIFICATION
  seo_owner_target: RANK_MATH where capable; otherwise documented central integration
  rank_math_capability_checked: BLOCKED_BY_ACCESS
  rank_math_path_or_reason_not_used: Rank Math configuration and module capability were inaccessible.",MEASURED,P1,PAGE,CONFIRMED,"INITIAL — validate rendered/source structured data and WooCommerce variant values, then use one verified Rank Math/schema owner.",pages/products/WP-12475.md
WP-12475,products,https://www.mariwork.ir/shop/green-mariwork-fabric-color-code106/,WP-12475-F002,,"- id: WP-12475-F002
  severity: P2
  scope: FAMILY
  status: OPEN
  evidence_class: MEASURED
  confidence: MEDIUM
  source_refs: [INPUT:evidence:WP-12475, SYS-008]
  impact: The page uses the repeated fabric-color product heading/navigation pattern; naming consistency and differentiated information gain across the family are not yet measured.
  recommendation: INITIAL — assess the complete fabric-color family before any title, H1, copy or link edits.
  acceptance_criteria: Family inventory records meaningful distinctions, approved naming rules, exceptions and a regression set.
  google_basis: GOOGLE_CONSISTENT
  google_reference: https://developers.google.com/search/docs/fundamentals/seo-starter-guide
  seo_owner_current: CONTENT/UNKNOWN_NEEDS_VERIFICATION
  seo_owner_target: CONTENT for visible headings; RANK_MATH for approved metadata where capable
  rank_math_capability_checked: BLOCKED_BY_ACCESS
  rank_math_path_or_reason_not_used: Ownership/configuration was unavailable.",MEASURED,P2,FAMILY,OPEN,"INITIAL — assess the complete fabric-color family before any title, H1, copy or link edits.",pages/products/WP-12475.md
WP-12475,products,https://www.mariwork.ir/shop/green-mariwork-fabric-color-code106/,WP-12475-F003,,"- id: WP-12475-F003
  severity: P2
  scope: PAGE
  status: BLOCKED
  evidence_class: OBSERVED
  confidence: HIGH
  source_refs: [INPUT:inventory:WP-12475, docs/DATA-SOURCES.md]
  impact: Page-query relationship, live index status and current WP/Woo values are not present in the supplied batch evidence.
  recommendation: INITIAL — obtain joined Page+Query or direct filtered evidence and read-only WP/Woo verification in Second Review; do not attribute queries to this page.
  acceptance_criteria: Any query or indexability conclusion has joined/direct evidence with date range and dimension disclosed.
  google_basis: PROJECT_DECISION
  google_reference: https://support.google.com/webmasters/answer/7576553
  seo_owner_current: NOT_APPLICABLE_FOR_ATTRIBUTION
  seo_owner_target: CONTENT after Second Review
  rank_math_capability_checked: NOT_APPLICABLE_FOR_ATTRIBUTION
  rank_math_path_or_reason_not_used: This is an evidence limitation, not a metadata implementation concern.",OBSERVED,P2,PAGE,BLOCKED,INITIAL — obtain joined Page+Query or direct filtered evidence and read-only WP/Woo verification in Second Review,pages/products/WP-12475.md
WP-12479,products,https://www.mariwork.ir/shop/violet-mariwork-fabric-color-code107/,WP-12479-F001,,"- id: WP-12479-F001
  severity: P1
  scope: PAGE
  status: CONFIRMED
  evidence_class: MEASURED
  confidence: MEDIUM
  source_refs: [INPUT:evidence:WP-12479, SYS-004]
  impact: No schema types were parsed from the supplied initial HTML; Product/Offer/variant consistency and rich-result eligibility remain unverified.
  recommendation: INITIAL — validate rendered/source structured data and WooCommerce variant values, then use one verified Rank Math/schema owner.
  acceptance_criteria: Product and Offer output, price/currency, availability, image and variant identity are evidenced and consistent with visible content.
  google_basis: GOOGLE_RECOMMENDED
  google_reference: https://developers.google.com/search/docs/appearance/structured-data/product
  seo_owner_current: UNKNOWN_NEEDS_VERIFICATION
  seo_owner_target: RANK_MATH where capable; otherwise documented central integration
  rank_math_capability_checked: BLOCKED_BY_ACCESS
  rank_math_path_or_reason_not_used: Rank Math configuration and module capability were inaccessible.",MEASURED,P1,PAGE,CONFIRMED,"INITIAL — validate rendered/source structured data and WooCommerce variant values, then use one verified Rank Math/schema owner.",pages/products/WP-12479.md
WP-12479,products,https://www.mariwork.ir/shop/violet-mariwork-fabric-color-code107/,WP-12479-F002,,"- id: WP-12479-F002
  severity: P2
  scope: FAMILY
  status: OPEN
  evidence_class: MEASURED
  confidence: MEDIUM
  source_refs: [INPUT:evidence:WP-12479, SYS-008]
  impact: The page uses the repeated fabric-color product heading/navigation pattern; naming consistency and differentiated information gain across the family are not yet measured.
  recommendation: INITIAL — assess the complete fabric-color family before any title, H1, copy or link edits.
  acceptance_criteria: Family inventory records meaningful distinctions, approved naming rules, exceptions and a regression set.
  google_basis: GOOGLE_CONSISTENT
  google_reference: https://developers.google.com/search/docs/fundamentals/seo-starter-guide
  seo_owner_current: CONTENT/UNKNOWN_NEEDS_VERIFICATION
  seo_owner_target: CONTENT for visible headings; RANK_MATH for approved metadata where capable
  rank_math_capability_checked: BLOCKED_BY_ACCESS
  rank_math_path_or_reason_not_used: Ownership/configuration was unavailable.",MEASURED,P2,FAMILY,OPEN,"INITIAL — assess the complete fabric-color family before any title, H1, copy or link edits.",pages/products/WP-12479.md
WP-12479,products,https://www.mariwork.ir/shop/violet-mariwork-fabric-color-code107/,WP-12479-F003,,"- id: WP-12479-F003
  severity: P2
  scope: PAGE
  status: BLOCKED
  evidence_class: OBSERVED
  confidence: HIGH
  source_refs: [INPUT:inventory:WP-12479, docs/DATA-SOURCES.md]
  impact: Page-query relationship, live index status and current WP/Woo values are not present in the supplied batch evidence.
  recommendation: INITIAL — obtain joined Page+Query or direct filtered evidence and read-only WP/Woo verification in Second Review; do not attribute queries to this page.
  acceptance_criteria: Any query or indexability conclusion has joined/direct evidence with date range and dimension disclosed.
  google_basis: PROJECT_DECISION
  google_reference: https://support.google.com/webmasters/answer/7576553
  seo_owner_current: NOT_APPLICABLE_FOR_ATTRIBUTION
  seo_owner_target: CONTENT after Second Review
  rank_math_capability_checked: NOT_APPLICABLE_FOR_ATTRIBUTION
  rank_math_path_or_reason_not_used: This is an evidence limitation, not a metadata implementation concern.",OBSERVED,P2,PAGE,BLOCKED,INITIAL — obtain joined Page+Query or direct filtered evidence and read-only WP/Woo verification in Second Review,pages/products/WP-12479.md
WP-12484,products,https://www.mariwork.ir/shop/ochre-mariwork-fabric-color-code108/,WP-12484-F001,,"- id: WP-12484-F001
  severity: P1
  scope: PAGE
  status: CONFIRMED
  evidence_class: MEASURED
  confidence: MEDIUM
  source_refs: [INPUT:evidence:WP-12484, SYS-004]
  impact: No schema types were parsed from the supplied initial HTML; Product/Offer/variant consistency and rich-result eligibility remain unverified.
  recommendation: INITIAL — validate rendered/source structured data and WooCommerce variant values, then use one verified Rank Math/schema owner.
  acceptance_criteria: Product and Offer output, price/currency, availability, image and variant identity are evidenced and consistent with visible content.
  google_basis: GOOGLE_RECOMMENDED
  google_reference: https://developers.google.com/search/docs/appearance/structured-data/product
  seo_owner_current: UNKNOWN_NEEDS_VERIFICATION
  seo_owner_target: RANK_MATH where capable; otherwise documented central integration
  rank_math_capability_checked: BLOCKED_BY_ACCESS
  rank_math_path_or_reason_not_used: Rank Math configuration and module capability were inaccessible.",MEASURED,P1,PAGE,CONFIRMED,"INITIAL — validate rendered/source structured data and WooCommerce variant values, then use one verified Rank Math/schema owner.",pages/products/WP-12484.md
WP-12484,products,https://www.mariwork.ir/shop/ochre-mariwork-fabric-color-code108/,WP-12484-F002,,"- id: WP-12484-F002
  severity: P2
  scope: FAMILY
  status: OPEN
  evidence_class: MEASURED
  confidence: MEDIUM
  source_refs: [INPUT:evidence:WP-12484, SYS-008]
  impact: The page uses the repeated fabric-color product heading/navigation pattern; naming consistency and differentiated information gain across the family are not yet measured.
  recommendation: INITIAL — assess the complete fabric-color family before any title, H1, copy or link edits.
  acceptance_criteria: Family inventory records meaningful distinctions, approved naming rules, exceptions and a regression set.
  google_basis: GOOGLE_CONSISTENT
  google_reference: https://developers.google.com/search/docs/fundamentals/seo-starter-guide
  seo_owner_current: CONTENT/UNKNOWN_NEEDS_VERIFICATION
  seo_owner_target: CONTENT for visible headings; RANK_MATH for approved metadata where capable
  rank_math_capability_checked: BLOCKED_BY_ACCESS
  rank_math_path_or_reason_not_used: Ownership/configuration was unavailable.",MEASURED,P2,FAMILY,OPEN,"INITIAL — assess the complete fabric-color family before any title, H1, copy or link edits.",pages/products/WP-12484.md
WP-12484,products,https://www.mariwork.ir/shop/ochre-mariwork-fabric-color-code108/,WP-12484-F003,,"- id: WP-12484-F003
  severity: P2
  scope: PAGE
  status: BLOCKED
  evidence_class: OBSERVED
  confidence: HIGH
  source_refs: [INPUT:inventory:WP-12484, docs/DATA-SOURCES.md]
  impact: Page-query relationship, live index status and current WP/Woo values are not present in the supplied batch evidence.
  recommendation: INITIAL — obtain joined Page+Query or direct filtered evidence and read-only WP/Woo verification in Second Review; do not attribute queries to this page.
  acceptance_criteria: Any query or indexability conclusion has joined/direct evidence with date range and dimension disclosed.
  google_basis: PROJECT_DECISION
  google_reference: https://support.google.com/webmasters/answer/7576553
  seo_owner_current: NOT_APPLICABLE_FOR_ATTRIBUTION
  seo_owner_target: CONTENT after Second Review
  rank_math_capability_checked: NOT_APPLICABLE_FOR_ATTRIBUTION
  rank_math_path_or_reason_not_used: This is an evidence limitation, not a metadata implementation concern.",OBSERVED,P2,PAGE,BLOCKED,INITIAL — obtain joined Page+Query or direct filtered evidence and read-only WP/Woo verification in Second Review,pages/products/WP-12484.md
WP-12488,products,https://www.mariwork.ir/shop/saddlebrown-mariwork-fabric-color-code109/,WP-12488-F001,,"- id: WP-12488-F001
  severity: P1
  scope: PAGE
  status: CONFIRMED
  evidence_class: MEASURED
  confidence: MEDIUM
  source_refs: [INPUT:evidence:WP-12488, SYS-004]
  impact: No schema types were parsed from the supplied initial HTML; Product/Offer/variant consistency and rich-result eligibility remain unverified.
  recommendation: INITIAL — validate rendered/source structured data and WooCommerce variant values, then use one verified Rank Math/schema owner.
  acceptance_criteria: Product and Offer output, price/currency, availability, image and variant identity are evidenced and consistent with visible content.
  google_basis: GOOGLE_RECOMMENDED
  google_reference: https://developers.google.com/search/docs/appearance/structured-data/product
  seo_owner_current: UNKNOWN_NEEDS_VERIFICATION
  seo_owner_target: RANK_MATH where capable; otherwise documented central integration
  rank_math_capability_checked: BLOCKED_BY_ACCESS
  rank_math_path_or_reason_not_used: Rank Math configuration and module capability were inaccessible.",MEASURED,P1,PAGE,CONFIRMED,"INITIAL — validate rendered/source structured data and WooCommerce variant values, then use one verified Rank Math/schema owner.",pages/products/WP-12488.md
WP-12488,products,https://www.mariwork.ir/shop/saddlebrown-mariwork-fabric-color-code109/,WP-12488-F002,,"- id: WP-12488-F002
  severity: P2
  scope: FAMILY
  status: OPEN
  evidence_class: MEASURED
  confidence: MEDIUM
  source_refs: [INPUT:evidence:WP-12488, SYS-008]
  impact: The page uses the repeated fabric-color product heading/navigation pattern; naming consistency and differentiated information gain across the family are not yet measured.
  recommendation: INITIAL — assess the complete fabric-color family before any title, H1, copy or link edits.
  acceptance_criteria: Family inventory records meaningful distinctions, approved naming rules, exceptions and a regression set.
  google_basis: GOOGLE_CONSISTENT
  google_reference: https://developers.google.com/search/docs/fundamentals/seo-starter-guide
  seo_owner_current: CONTENT/UNKNOWN_NEEDS_VERIFICATION
  seo_owner_target: CONTENT for visible headings; RANK_MATH for approved metadata where capable
  rank_math_capability_checked: BLOCKED_BY_ACCESS
  rank_math_path_or_reason_not_used: Ownership/configuration was unavailable.",MEASURED,P2,FAMILY,OPEN,"INITIAL — assess the complete fabric-color family before any title, H1, copy or link edits.",pages/products/WP-12488.md
WP-12488,products,https://www.mariwork.ir/shop/saddlebrown-mariwork-fabric-color-code109/,WP-12488-F003,,"- id: WP-12488-F003
  severity: P2
  scope: PAGE
  status: BLOCKED
  evidence_class: OBSERVED
  confidence: HIGH
  source_refs: [INPUT:inventory:WP-12488, docs/DATA-SOURCES.md]
  impact: Page-query relationship, live index status and current WP/Woo values are not present in the supplied batch evidence.
  recommendation: INITIAL — obtain joined Page+Query or direct filtered evidence and read-only WP/Woo verification in Second Review; do not attribute queries to this page.
  acceptance_criteria: Any query or indexability conclusion has joined/direct evidence with date range and dimension disclosed.
  google_basis: PROJECT_DECISION
  google_reference: https://support.google.com/webmasters/answer/7576553
  seo_owner_current: NOT_APPLICABLE_FOR_ATTRIBUTION
  seo_owner_target: CONTENT after Second Review
  rank_math_capability_checked: NOT_APPLICABLE_FOR_ATTRIBUTION
  rank_math_path_or_reason_not_used: This is an evidence limitation, not a metadata implementation concern.",OBSERVED,P2,PAGE,BLOCKED,INITIAL — obtain joined Page+Query or direct filtered evidence and read-only WP/Woo verification in Second Review,pages/products/WP-12488.md
WP-12492,products,https://www.mariwork.ir/shop/olivegreen-mariwork-fabric-color-code110/,WP-12492-F001,,"- id: WP-12492-F001
  severity: P1
  scope: PAGE
  status: CONFIRMED
  evidence_class: MEASURED
  confidence: MEDIUM
  source_refs: [INPUT:evidence:WP-12492, SYS-004]
  impact: No schema types were parsed from the supplied initial HTML; Product/Offer/variant consistency and rich-result eligibility remain unverified.
  recommendation: INITIAL — validate rendered/source structured data and WooCommerce variant values, then use one verified Rank Math/schema owner.
  acceptance_criteria: Product and Offer output, price/currency, availability, image and variant identity are evidenced and consistent with visible content.
  google_basis: GOOGLE_RECOMMENDED
  google_reference: https://developers.google.com/search/docs/appearance/structured-data/product
  seo_owner_current: UNKNOWN_NEEDS_VERIFICATION
  seo_owner_target: RANK_MATH where capable; otherwise documented central integration
  rank_math_capability_checked: BLOCKED_BY_ACCESS
  rank_math_path_or_reason_not_used: Rank Math configuration and module capability were inaccessible.",MEASURED,P1,PAGE,CONFIRMED,"INITIAL — validate rendered/source structured data and WooCommerce variant values, then use one verified Rank Math/schema owner.",pages/products/WP-12492.md
WP-12492,products,https://www.mariwork.ir/shop/olivegreen-mariwork-fabric-color-code110/,WP-12492-F002,,"- id: WP-12492-F002
  severity: P2
  scope: FAMILY
  status: OPEN
  evidence_class: MEASURED
  confidence: MEDIUM
  source_refs: [INPUT:evidence:WP-12492, SYS-008]
  impact: The page uses the repeated fabric-color product heading/navigation pattern; naming consistency and differentiated information gain across the family are not yet measured.
  recommendation: INITIAL — assess the complete fabric-color family before any title, H1, copy or link edits.
  acceptance_criteria: Family inventory records meaningful distinctions, approved naming rules, exceptions and a regression set.
  google_basis: GOOGLE_CONSISTENT
  google_reference: https://developers.google.com/search/docs/fundamentals/seo-starter-guide
  seo_owner_current: CONTENT/UNKNOWN_NEEDS_VERIFICATION
  seo_owner_target: CONTENT for visible headings; RANK_MATH for approved metadata where capable
  rank_math_capability_checked: BLOCKED_BY_ACCESS
  rank_math_path_or_reason_not_used: Ownership/configuration was unavailable.",MEASURED,P2,FAMILY,OPEN,"INITIAL — assess the complete fabric-color family before any title, H1, copy or link edits.",pages/products/WP-12492.md
WP-12492,products,https://www.mariwork.ir/shop/olivegreen-mariwork-fabric-color-code110/,WP-12492-F003,,"- id: WP-12492-F003
  severity: P2
  scope: PAGE
  status: BLOCKED
  evidence_class: OBSERVED
  confidence: HIGH
  source_refs: [INPUT:inventory:WP-12492, docs/DATA-SOURCES.md]
  impact: Page-query relationship, live index status and current WP/Woo values are not present in the supplied batch evidence.
  recommendation: INITIAL — obtain joined Page+Query or direct filtered evidence and read-only WP/Woo verification in Second Review; do not attribute queries to this page.
  acceptance_criteria: Any query or indexability conclusion has joined/direct evidence with date range and dimension disclosed.
  google_basis: PROJECT_DECISION
  google_reference: https://support.google.com/webmasters/answer/7576553
  seo_owner_current: NOT_APPLICABLE_FOR_ATTRIBUTION
  seo_owner_target: CONTENT after Second Review
  rank_math_capability_checked: NOT_APPLICABLE_FOR_ATTRIBUTION
  rank_math_path_or_reason_not_used: This is an evidence limitation, not a metadata implementation concern.",OBSERVED,P2,PAGE,BLOCKED,INITIAL — obtain joined Page+Query or direct filtered evidence and read-only WP/Woo verification in Second Review,pages/products/WP-12492.md
WP-12498,products,https://www.mariwork.ir/shop/lightgold-mariwork-fabric-color-code111/,WP-12498-F001,,"- id: WP-12498-F001
  severity: P1
  scope: PAGE
  status: CONFIRMED
  evidence_class: MEASURED
  confidence: MEDIUM
  source_refs: [INPUT:evidence:WP-12498, SYS-004]
  impact: No schema types were parsed from the supplied initial HTML; Product/Offer/variant consistency and rich-result eligibility remain unverified.
  recommendation: INITIAL — validate rendered/source structured data and WooCommerce variant values, then use one verified Rank Math/schema owner.
  acceptance_criteria: Product and Offer output, price/currency, availability, image and variant identity are evidenced and consistent with visible content.
  google_basis: GOOGLE_RECOMMENDED
  google_reference: https://developers.google.com/search/docs/appearance/structured-data/product
  seo_owner_current: UNKNOWN_NEEDS_VERIFICATION
  seo_owner_target: RANK_MATH where capable; otherwise documented central integration
  rank_math_capability_checked: BLOCKED_BY_ACCESS
  rank_math_path_or_reason_not_used: Rank Math configuration and module capability were inaccessible.",MEASURED,P1,PAGE,CONFIRMED,"INITIAL — validate rendered/source structured data and WooCommerce variant values, then use one verified Rank Math/schema owner.",pages/products/WP-12498.md
WP-12498,products,https://www.mariwork.ir/shop/lightgold-mariwork-fabric-color-code111/,WP-12498-F002,,"- id: WP-12498-F002
  severity: P2
  scope: FAMILY
  status: OPEN
  evidence_class: MEASURED
  confidence: MEDIUM
  source_refs: [INPUT:evidence:WP-12498, SYS-008]
  impact: The page uses the repeated fabric-color product heading/navigation pattern; naming consistency and differentiated information gain across the family are not yet measured.
  recommendation: INITIAL — assess the complete fabric-color family before any title, H1, copy or link edits.
  acceptance_criteria: Family inventory records meaningful distinctions, approved naming rules, exceptions and a regression set.
  google_basis: GOOGLE_CONSISTENT
  google_reference: https://developers.google.com/search/docs/fundamentals/seo-starter-guide
  seo_owner_current: CONTENT/UNKNOWN_NEEDS_VERIFICATION
  seo_owner_target: CONTENT for visible headings; RANK_MATH for approved metadata where capable
  rank_math_capability_checked: BLOCKED_BY_ACCESS
  rank_math_path_or_reason_not_used: Ownership/configuration was unavailable.",MEASURED,P2,FAMILY,OPEN,"INITIAL — assess the complete fabric-color family before any title, H1, copy or link edits.",pages/products/WP-12498.md
WP-12498,products,https://www.mariwork.ir/shop/lightgold-mariwork-fabric-color-code111/,WP-12498-F003,,"- id: WP-12498-F003
  severity: P2
  scope: PAGE
  status: BLOCKED
  evidence_class: OBSERVED
  confidence: HIGH
  source_refs: [INPUT:inventory:WP-12498, docs/DATA-SOURCES.md]
  impact: Page-query relationship, live index status and current WP/Woo values are not present in the supplied batch evidence.
  recommendation: INITIAL — obtain joined Page+Query or direct filtered evidence and read-only WP/Woo verification in Second Review; do not attribute queries to this page.
  acceptance_criteria: Any query or indexability conclusion has joined/direct evidence with date range and dimension disclosed.
  google_basis: PROJECT_DECISION
  google_reference: https://support.google.com/webmasters/answer/7576553
  seo_owner_current: NOT_APPLICABLE_FOR_ATTRIBUTION
  seo_owner_target: CONTENT after Second Review
  rank_math_capability_checked: NOT_APPLICABLE_FOR_ATTRIBUTION
  rank_math_path_or_reason_not_used: This is an evidence limitation, not a metadata implementation concern.",OBSERVED,P2,PAGE,BLOCKED,INITIAL — obtain joined Page+Query or direct filtered evidence and read-only WP/Woo verification in Second Review,pages/products/WP-12498.md
WP-12502,products,https://www.mariwork.ir/shop/orange-mariwork-fabric-color-code112/,WP-12502-F001,,"- id: WP-12502-F001
  severity: P2
  scope: PAGE
  status: CONFIRMED
  evidence_class: OBSERVED
  confidence: HIGH
  source_refs: [INPUT:evidence:WP-12502]
  impact: The supplied meta description appears to end mid-construction at «انتخاب»; no schema types were parsed from the supplied initial HTML, so Product/Offer/variant consistency also remains unverified.
  recommendation: INITIAL — review the description in the approved content/Rank Math owner and validate rendered/source structured data with WooCommerce variant values; no replacement copy is drafted in Round 1.
  acceptance_criteria: Complete description and consistent Product/Offer output, price/currency, availability, image and variant identity are evidenced in the final owner output and family regression set.
  google_basis: GOOGLE_CONSISTENT
  google_reference: https://developers.google.com/search/docs/appearance/snippet
  seo_owner_current: UNKNOWN_NEEDS_VERIFICATION
  seo_owner_target: RANK_MATH if capability is verified
  rank_math_capability_checked: BLOCKED_BY_ACCESS
  rank_math_path_or_reason_not_used: Installed version/modules and current metadata owner were unavailable.",OBSERVED,P2,PAGE,CONFIRMED,INITIAL — review the description in the approved content/Rank Math owner and validate rendered/source structured data with WooCommerce variant values,pages/products/WP-12502.md
WP-12502,products,https://www.mariwork.ir/shop/orange-mariwork-fabric-color-code112/,WP-12502-F002,,"- id: WP-12502-F002
  severity: P2
  scope: FAMILY
  status: OPEN
  evidence_class: MEASURED
  confidence: MEDIUM
  source_refs: [INPUT:evidence:WP-12502, SYS-008]
  impact: The page uses the repeated fabric-color product heading/navigation pattern; naming consistency and differentiated information gain across the family are not yet measured.
  recommendation: INITIAL — assess the complete fabric-color family before any title, H1, copy or link edits.
  acceptance_criteria: Family inventory records meaningful distinctions, approved naming rules, exceptions and a regression set.
  google_basis: GOOGLE_CONSISTENT
  google_reference: https://developers.google.com/search/docs/fundamentals/seo-starter-guide
  seo_owner_current: CONTENT/UNKNOWN_NEEDS_VERIFICATION
  seo_owner_target: CONTENT for visible headings; RANK_MATH for approved metadata where capable
  rank_math_capability_checked: BLOCKED_BY_ACCESS
  rank_math_path_or_reason_not_used: Ownership/configuration was unavailable.",MEASURED,P2,FAMILY,OPEN,"INITIAL — assess the complete fabric-color family before any title, H1, copy or link edits.",pages/products/WP-12502.md
WP-12502,products,https://www.mariwork.ir/shop/orange-mariwork-fabric-color-code112/,WP-12502-F003,,"- id: WP-12502-F003
  severity: P2
  scope: PAGE
  status: BLOCKED
  evidence_class: OBSERVED
  confidence: HIGH
  source_refs: [INPUT:inventory:WP-12502, docs/DATA-SOURCES.md]
  impact: Page-query relationship, live index status and current WP/Woo values are not present in the supplied batch evidence.
  recommendation: INITIAL — obtain joined Page+Query or direct filtered evidence and read-only WP/Woo verification in Second Review; do not attribute queries to this page.
  acceptance_criteria: Any query or indexability conclusion has joined/direct evidence with date range and dimension disclosed.
  google_basis: PROJECT_DECISION
  google_reference: https://support.google.com/webmasters/answer/7576553
  seo_owner_current: NOT_APPLICABLE_FOR_ATTRIBUTION
  seo_owner_target: CONTENT after Second Review
  rank_math_capability_checked: NOT_APPLICABLE_FOR_ATTRIBUTION
  rank_math_path_or_reason_not_used: This is an evidence limitation, not a metadata implementation concern.",OBSERVED,P2,PAGE,BLOCKED,INITIAL — obtain joined Page+Query or direct filtered evidence and read-only WP/Woo verification in Second Review,pages/products/WP-12502.md
WP-12506,products,https://www.mariwork.ir/shop/darkbrown-mariwork-fabric-color-code113/,WP-12506-F001,,"- id: WP-12506-F001
  severity: P2
  scope: PAGE
  status: CONFIRMED
  evidence_class: OBSERVED
  confidence: HIGH
  source_refs: [INPUT:evidence:WP-12506]
  impact: The supplied meta description appears to end mid-construction at «انتخاب»; no schema types were parsed from the supplied initial HTML, so Product/Offer/variant consistency also remains unverified.
  recommendation: INITIAL — review the description in the approved content/Rank Math owner and validate rendered/source structured data with WooCommerce variant values; no replacement copy is drafted in Round 1.
  acceptance_criteria: Complete description and consistent Product/Offer output, price/currency, availability, image and variant identity are evidenced in the final owner output and family regression set.
  google_basis: GOOGLE_CONSISTENT
  google_reference: https://developers.google.com/search/docs/appearance/snippet
  seo_owner_current: UNKNOWN_NEEDS_VERIFICATION
  seo_owner_target: RANK_MATH if capability is verified
  rank_math_capability_checked: BLOCKED_BY_ACCESS
  rank_math_path_or_reason_not_used: Installed version/modules and current metadata owner were unavailable.",OBSERVED,P2,PAGE,CONFIRMED,INITIAL — review the description in the approved content/Rank Math owner and validate rendered/source structured data with WooCommerce variant values,pages/products/WP-12506.md
WP-12506,products,https://www.mariwork.ir/shop/darkbrown-mariwork-fabric-color-code113/,WP-12506-F002,,"- id: WP-12506-F002
  severity: P2
  scope: FAMILY
  status: OPEN
  evidence_class: MEASURED
  confidence: MEDIUM
  source_refs: [INPUT:evidence:WP-12506, SYS-008]
  impact: The page uses the repeated fabric-color product heading/navigation pattern; naming consistency and differentiated information gain across the family are not yet measured.
  recommendation: INITIAL — assess the complete fabric-color family before any title, H1, copy or link edits.
  acceptance_criteria: Family inventory records meaningful distinctions, approved naming rules, exceptions and a regression set.
  google_basis: GOOGLE_CONSISTENT
  google_reference: https://developers.google.com/search/docs/fundamentals/seo-starter-guide
  seo_owner_current: CONTENT/UNKNOWN_NEEDS_VERIFICATION
  seo_owner_target: CONTENT for visible headings; RANK_MATH for approved metadata where capable
  rank_math_capability_checked: BLOCKED_BY_ACCESS
  rank_math_path_or_reason_not_used: Ownership/configuration was unavailable.",MEASURED,P2,FAMILY,OPEN,"INITIAL — assess the complete fabric-color family before any title, H1, copy or link edits.",pages/products/WP-12506.md
WP-12506,products,https://www.mariwork.ir/shop/darkbrown-mariwork-fabric-color-code113/,WP-12506-F003,,"- id: WP-12506-F003
  severity: P2
  scope: PAGE
  status: BLOCKED
  evidence_class: OBSERVED
  confidence: HIGH
  source_refs: [INPUT:inventory:WP-12506, docs/DATA-SOURCES.md]
  impact: Page-query relationship, live index status and current WP/Woo values are not present in the supplied batch evidence.
  recommendation: INITIAL — obtain joined Page+Query or direct filtered evidence and read-only WP/Woo verification in Second Review; do not attribute queries to this page.
  acceptance_criteria: Any query or indexability conclusion has joined/direct evidence with date range and dimension disclosed.
  google_basis: PROJECT_DECISION
  google_reference: https://support.google.com/webmasters/answer/7576553
  seo_owner_current: NOT_APPLICABLE_FOR_ATTRIBUTION
  seo_owner_target: CONTENT after Second Review
  rank_math_capability_checked: NOT_APPLICABLE_FOR_ATTRIBUTION
  rank_math_path_or_reason_not_used: This is an evidence limitation, not a metadata implementation concern.",OBSERVED,P2,PAGE,BLOCKED,INITIAL — obtain joined Page+Query or direct filtered evidence and read-only WP/Woo verification in Second Review,pages/products/WP-12506.md
WP-12511,products,https://www.mariwork.ir/shop/turquoseblue-mariwork-fabric-color-code114/,WP-12511-F001,,"- id: WP-12511-F001
  severity: P2
  scope: PAGE
  status: CONFIRMED
  evidence_class: OBSERVED
  confidence: HIGH
  source_refs: [INPUT:evidence:WP-12511]
  impact: The supplied meta description appears to end mid-construction at «انتخاب»; no schema types were parsed from the supplied initial HTML, so Product/Offer/variant consistency also remains unverified.
  recommendation: INITIAL — review the description in the approved content/Rank Math owner and validate rendered/source structured data with WooCommerce variant values; no replacement copy is drafted in Round 1.
  acceptance_criteria: Complete description and consistent Product/Offer output, price/currency, availability, image and variant identity are evidenced in the final owner output and family regression set.
  google_basis: GOOGLE_CONSISTENT
  google_reference: https://developers.google.com/search/docs/appearance/snippet
  seo_owner_current: UNKNOWN_NEEDS_VERIFICATION
  seo_owner_target: RANK_MATH if capability is verified
  rank_math_capability_checked: BLOCKED_BY_ACCESS
  rank_math_path_or_reason_not_used: Installed version/modules and current metadata owner were unavailable.",OBSERVED,P2,PAGE,CONFIRMED,INITIAL — review the description in the approved content/Rank Math owner and validate rendered/source structured data with WooCommerce variant values,pages/products/WP-12511.md
WP-12511,products,https://www.mariwork.ir/shop/turquoseblue-mariwork-fabric-color-code114/,WP-12511-F002,,"- id: WP-12511-F002
  severity: P2
  scope: FAMILY
  status: OPEN
  evidence_class: MEASURED
  confidence: MEDIUM
  source_refs: [INPUT:evidence:WP-12511, SYS-008]
  impact: The page uses the repeated fabric-color product heading/navigation pattern; naming consistency and differentiated information gain across the family are not yet measured.
  recommendation: INITIAL — assess the complete fabric-color family before any title, H1, copy or link edits.
  acceptance_criteria: Family inventory records meaningful distinctions, approved naming rules, exceptions and a regression set.
  google_basis: GOOGLE_CONSISTENT
  google_reference: https://developers.google.com/search/docs/fundamentals/seo-starter-guide
  seo_owner_current: CONTENT/UNKNOWN_NEEDS_VERIFICATION
  seo_owner_target: CONTENT for visible headings; RANK_MATH for approved metadata where capable
  rank_math_capability_checked: BLOCKED_BY_ACCESS
  rank_math_path_or_reason_not_used: Ownership/configuration was unavailable.",MEASURED,P2,FAMILY,OPEN,"INITIAL — assess the complete fabric-color family before any title, H1, copy or link edits.",pages/products/WP-12511.md
WP-12511,products,https://www.mariwork.ir/shop/turquoseblue-mariwork-fabric-color-code114/,WP-12511-F003,,"- id: WP-12511-F003
  severity: P2
  scope: PAGE
  status: BLOCKED
  evidence_class: OBSERVED
  confidence: HIGH
  source_refs: [INPUT:inventory:WP-12511, docs/DATA-SOURCES.md]
  impact: Page-query relationship, live index status and current WP/Woo values are not present in the supplied batch evidence.
  recommendation: INITIAL — obtain joined Page+Query or direct filtered evidence and read-only WP/Woo verification in Second Review; do not attribute queries to this page.
  acceptance_criteria: Any query or indexability conclusion has joined/direct evidence with date range and dimension disclosed.
  google_basis: PROJECT_DECISION
  google_reference: https://support.google.com/webmasters/answer/7576553
  seo_owner_current: NOT_APPLICABLE_FOR_ATTRIBUTION
  seo_owner_target: CONTENT after Second Review
  rank_math_capability_checked: NOT_APPLICABLE_FOR_ATTRIBUTION
  rank_math_path_or_reason_not_used: This is an evidence limitation, not a metadata implementation concern.",OBSERVED,P2,PAGE,BLOCKED,INITIAL — obtain joined Page+Query or direct filtered evidence and read-only WP/Woo verification in Second Review,pages/products/WP-12511.md
WP-12516,products,https://www.mariwork.ir/shop/darkgold-115/,WP-12516-F001,,"- id: WP-12516-F001
  severity: P1
  scope: PAGE
  status: CONFIRMED
  evidence_class: MEASURED
  confidence: MEDIUM
  source_refs: [INPUT:evidence:WP-12516, SYS-004]
  impact: No schema types were parsed from the supplied initial HTML; Product/Offer/variant consistency and rich-result eligibility remain unverified.
  recommendation: INITIAL — validate rendered/source structured data and WooCommerce variant values, then use one verified Rank Math/schema owner.
  acceptance_criteria: Product and Offer output, price/currency, availability, image and variant identity are evidenced and consistent with visible content.
  google_basis: GOOGLE_RECOMMENDED
  google_reference: https://developers.google.com/search/docs/appearance/structured-data/product
  seo_owner_current: UNKNOWN_NEEDS_VERIFICATION
  seo_owner_target: RANK_MATH where capable; otherwise documented central integration
  rank_math_capability_checked: BLOCKED_BY_ACCESS
  rank_math_path_or_reason_not_used: Rank Math configuration and module capability were inaccessible.",MEASURED,P1,PAGE,CONFIRMED,"INITIAL — validate rendered/source structured data and WooCommerce variant values, then use one verified Rank Math/schema owner.",pages/products/WP-12516.md
WP-12516,products,https://www.mariwork.ir/shop/darkgold-115/,WP-12516-F002,,"- id: WP-12516-F002
  severity: P2
  scope: FAMILY
  status: OPEN
  evidence_class: MEASURED
  confidence: MEDIUM
  source_refs: [INPUT:evidence:WP-12516, SYS-008]
  impact: The page uses the repeated fabric-color product heading/navigation pattern; naming consistency and differentiated information gain across the family are not yet measured.
  recommendation: INITIAL — assess the complete fabric-color family before any title, H1, copy or link edits.
  acceptance_criteria: Family inventory records meaningful distinctions, approved naming rules, exceptions and a regression set.
  google_basis: GOOGLE_CONSISTENT
  google_reference: https://developers.google.com/search/docs/fundamentals/seo-starter-guide
  seo_owner_current: CONTENT/UNKNOWN_NEEDS_VERIFICATION
  seo_owner_target: CONTENT for visible headings; RANK_MATH for approved metadata where capable
  rank_math_capability_checked: BLOCKED_BY_ACCESS
  rank_math_path_or_reason_not_used: Ownership/configuration was unavailable.",MEASURED,P2,FAMILY,OPEN,"INITIAL — assess the complete fabric-color family before any title, H1, copy or link edits.",pages/products/WP-12516.md
WP-12516,products,https://www.mariwork.ir/shop/darkgold-115/,WP-12516-F003,,"- id: WP-12516-F003
  severity: P2
  scope: PAGE
  status: BLOCKED
  evidence_class: OBSERVED
  confidence: HIGH
  source_refs: [INPUT:inventory:WP-12516, docs/DATA-SOURCES.md]
  impact: Page-query relationship, live index status and current WP/Woo values are not present in the supplied batch evidence.
  recommendation: INITIAL — obtain joined Page+Query or direct filtered evidence and read-only WP/Woo verification in Second Review; do not attribute queries to this page.
  acceptance_criteria: Any query or indexability conclusion has joined/direct evidence with date range and dimension disclosed.
  google_basis: PROJECT_DECISION
  google_reference: https://support.google.com/webmasters/answer/7576553
  seo_owner_current: NOT_APPLICABLE_FOR_ATTRIBUTION
  seo_owner_target: CONTENT after Second Review
  rank_math_capability_checked: NOT_APPLICABLE_FOR_ATTRIBUTION
  rank_math_path_or_reason_not_used: This is an evidence limitation, not a metadata implementation concern.",OBSERVED,P2,PAGE,BLOCKED,INITIAL — obtain joined Page+Query or direct filtered evidence and read-only WP/Woo verification in Second Review,pages/products/WP-12516.md
WP-12520,products,https://www.mariwork.ir/shop/red-mariwork-fabric-color-code116/,WP-12520-F001,,"- id: WP-12520-F001
  severity: P1
  scope: PAGE
  status: CONFIRMED
  evidence_class: MEASURED
  confidence: MEDIUM
  source_refs: [INPUT:evidence:WP-12520, SYS-004]
  impact: No schema types were parsed from the supplied initial HTML; Product/Offer/variant consistency and rich-result eligibility remain unverified.
  recommendation: INITIAL — validate rendered/source structured data and WooCommerce variant values, then use one verified Rank Math/schema owner.
  acceptance_criteria: Product and Offer output, price/currency, availability, image and variant identity are evidenced and consistent with visible content.
  google_basis: GOOGLE_RECOMMENDED
  google_reference: https://developers.google.com/search/docs/appearance/structured-data/product
  seo_owner_current: UNKNOWN_NEEDS_VERIFICATION
  seo_owner_target: RANK_MATH where capable; otherwise documented central integration
  rank_math_capability_checked: BLOCKED_BY_ACCESS
  rank_math_path_or_reason_not_used: Rank Math configuration and module capability were inaccessible.",MEASURED,P1,PAGE,CONFIRMED,"INITIAL — validate rendered/source structured data and WooCommerce variant values, then use one verified Rank Math/schema owner.",pages/products/WP-12520.md
WP-12520,products,https://www.mariwork.ir/shop/red-mariwork-fabric-color-code116/,WP-12520-F002,,"- id: WP-12520-F002
  severity: P2
  scope: FAMILY
  status: OPEN
  evidence_class: MEASURED
  confidence: MEDIUM
  source_refs: [INPUT:evidence:WP-12520, SYS-008]
  impact: The page uses the repeated fabric-color product heading/navigation pattern; naming consistency and differentiated information gain across the family are not yet measured.
  recommendation: INITIAL — assess the complete fabric-color family before any title, H1, copy or link edits.
  acceptance_criteria: Family inventory records meaningful distinctions, approved naming rules, exceptions and a regression set.
  google_basis: GOOGLE_CONSISTENT
  google_reference: https://developers.google.com/search/docs/fundamentals/seo-starter-guide
  seo_owner_current: CONTENT/UNKNOWN_NEEDS_VERIFICATION
  seo_owner_target: CONTENT for visible headings; RANK_MATH for approved metadata where capable
  rank_math_capability_checked: BLOCKED_BY_ACCESS
  rank_math_path_or_reason_not_used: Ownership/configuration was unavailable.",MEASURED,P2,FAMILY,OPEN,"INITIAL — assess the complete fabric-color family before any title, H1, copy or link edits.",pages/products/WP-12520.md
WP-12520,products,https://www.mariwork.ir/shop/red-mariwork-fabric-color-code116/,WP-12520-F003,,"- id: WP-12520-F003
  severity: P2
  scope: PAGE
  status: BLOCKED
  evidence_class: OBSERVED
  confidence: HIGH
  source_refs: [INPUT:inventory:WP-12520, docs/DATA-SOURCES.md]
  impact: Page-query relationship, live index status and current WP/Woo values are not present in the supplied batch evidence.
  recommendation: INITIAL — obtain joined Page+Query or direct filtered evidence and read-only WP/Woo verification in Second Review; do not attribute queries to this page.
  acceptance_criteria: Any query or indexability conclusion has joined/direct evidence with date range and dimension disclosed.
  google_basis: PROJECT_DECISION
  google_reference: https://support.google.com/webmasters/answer/7576553
  seo_owner_current: NOT_APPLICABLE_FOR_ATTRIBUTION
  seo_owner_target: CONTENT after Second Review
  rank_math_capability_checked: NOT_APPLICABLE_FOR_ATTRIBUTION
  rank_math_path_or_reason_not_used: This is an evidence limitation, not a metadata implementation concern.",OBSERVED,P2,PAGE,BLOCKED,INITIAL — obtain joined Page+Query or direct filtered evidence and read-only WP/Woo verification in Second Review,pages/products/WP-12520.md
WP-12524,products,https://www.mariwork.ir/shop/black-mariwork-fabric-color-code117/,WP-12524-F001,,"- id: WP-12524-F001
  severity: P1
  scope: PAGE
  status: CONFIRMED
  evidence_class: MEASURED
  confidence: MEDIUM
  source_refs: [INPUT:evidence:WP-12524, SYS-004]
  impact: No schema types were parsed from the supplied initial HTML; Product/Offer/variant consistency and rich-result eligibility remain unverified.
  recommendation: INITIAL — validate rendered/source structured data and WooCommerce variant values, then use one verified Rank Math/schema owner.
  acceptance_criteria: Product and Offer output, price/currency, availability, image and variant identity are evidenced and consistent with visible content.
  google_basis: GOOGLE_RECOMMENDED
  google_reference: https://developers.google.com/search/docs/appearance/structured-data/product
  seo_owner_current: UNKNOWN_NEEDS_VERIFICATION
  seo_owner_target: RANK_MATH where capable; otherwise documented central integration
  rank_math_capability_checked: BLOCKED_BY_ACCESS
  rank_math_path_or_reason_not_used: Rank Math configuration and module capability were inaccessible.",MEASURED,P1,PAGE,CONFIRMED,"INITIAL — validate rendered/source structured data and WooCommerce variant values, then use one verified Rank Math/schema owner.",pages/products/WP-12524.md
WP-12524,products,https://www.mariwork.ir/shop/black-mariwork-fabric-color-code117/,WP-12524-F002,,"- id: WP-12524-F002
  severity: P2
  scope: FAMILY
  status: OPEN
  evidence_class: MEASURED
  confidence: MEDIUM
  source_refs: [INPUT:evidence:WP-12524, SYS-008]
  impact: The page uses the repeated fabric-color product heading/navigation pattern; naming consistency and differentiated information gain across the family are not yet measured.
  recommendation: INITIAL — assess the complete fabric-color family before any title, H1, copy or link edits.
  acceptance_criteria: Family inventory records meaningful distinctions, approved naming rules, exceptions and a regression set.
  google_basis: GOOGLE_CONSISTENT
  google_reference: https://developers.google.com/search/docs/fundamentals/seo-starter-guide
  seo_owner_current: CONTENT/UNKNOWN_NEEDS_VERIFICATION
  seo_owner_target: CONTENT for visible headings; RANK_MATH for approved metadata where capable
  rank_math_capability_checked: BLOCKED_BY_ACCESS
  rank_math_path_or_reason_not_used: Ownership/configuration was unavailable.",MEASURED,P2,FAMILY,OPEN,"INITIAL — assess the complete fabric-color family before any title, H1, copy or link edits.",pages/products/WP-12524.md
WP-12524,products,https://www.mariwork.ir/shop/black-mariwork-fabric-color-code117/,WP-12524-F003,,"- id: WP-12524-F003
  severity: P2
  scope: PAGE
  status: BLOCKED
  evidence_class: OBSERVED
  confidence: HIGH
  source_refs: [INPUT:inventory:WP-12524, docs/DATA-SOURCES.md]
  impact: Page-query relationship, live index status and current WP/Woo values are not present in the supplied batch evidence.
  recommendation: INITIAL — obtain joined Page+Query or direct filtered evidence and read-only WP/Woo verification in Second Review; do not attribute queries to this page.
  acceptance_criteria: Any query or indexability conclusion has joined/direct evidence with date range and dimension disclosed.
  google_basis: PROJECT_DECISION
  google_reference: https://support.google.com/webmasters/answer/7576553
  seo_owner_current: NOT_APPLICABLE_FOR_ATTRIBUTION
  seo_owner_target: CONTENT after Second Review
  rank_math_capability_checked: NOT_APPLICABLE_FOR_ATTRIBUTION
  rank_math_path_or_reason_not_used: This is an evidence limitation, not a metadata implementation concern.",OBSERVED,P2,PAGE,BLOCKED,INITIAL — obtain joined Page+Query or direct filtered evidence and read-only WP/Woo verification in Second Review,pages/products/WP-12524.md
WP-12528,products,https://www.mariwork.ir/shop/blue-mariwork-fabric-color-code118/,WP-12528-F001,,"- id: WP-12528-F001
  severity: P1
  scope: PAGE
  status: CONFIRMED
  evidence_class: MEASURED
  confidence: MEDIUM
  source_refs: [INPUT:evidence:WP-12528, SYS-004]
  impact: No schema types were parsed from the supplied initial HTML; Product/Offer/variant consistency and rich-result eligibility remain unverified.
  recommendation: INITIAL — validate rendered/source structured data and WooCommerce variant values, then use one verified Rank Math/schema owner.
  acceptance_criteria: Product and Offer output, price/currency, availability, image and variant identity are evidenced and consistent with visible content.
  google_basis: GOOGLE_RECOMMENDED
  google_reference: https://developers.google.com/search/docs/appearance/structured-data/product
  seo_owner_current: UNKNOWN_NEEDS_VERIFICATION
  seo_owner_target: RANK_MATH where capable; otherwise documented central integration
  rank_math_capability_checked: BLOCKED_BY_ACCESS
  rank_math_path_or_reason_not_used: Rank Math configuration and module capability were inaccessible.",MEASURED,P1,PAGE,CONFIRMED,"INITIAL — validate rendered/source structured data and WooCommerce variant values, then use one verified Rank Math/schema owner.",pages/products/WP-12528.md
WP-12528,products,https://www.mariwork.ir/shop/blue-mariwork-fabric-color-code118/,WP-12528-F002,,"- id: WP-12528-F002
  severity: P2
  scope: FAMILY
  status: OPEN
  evidence_class: MEASURED
  confidence: MEDIUM
  source_refs: [INPUT:evidence:WP-12528, SYS-008]
  impact: The page uses the repeated fabric-color product heading/navigation pattern; naming consistency and differentiated information gain across the family are not yet measured.
  recommendation: INITIAL — assess the complete fabric-color family before any title, H1, copy or link edits.
  acceptance_criteria: Family inventory records meaningful distinctions, approved naming rules, exceptions and a regression set.
  google_basis: GOOGLE_CONSISTENT
  google_reference: https://developers.google.com/search/docs/fundamentals/seo-starter-guide
  seo_owner_current: CONTENT/UNKNOWN_NEEDS_VERIFICATION
  seo_owner_target: CONTENT for visible headings; RANK_MATH for approved metadata where capable
  rank_math_capability_checked: BLOCKED_BY_ACCESS
  rank_math_path_or_reason_not_used: Ownership/configuration was unavailable.",MEASURED,P2,FAMILY,OPEN,"INITIAL — assess the complete fabric-color family before any title, H1, copy or link edits.",pages/products/WP-12528.md
WP-12528,products,https://www.mariwork.ir/shop/blue-mariwork-fabric-color-code118/,WP-12528-F003,,"- id: WP-12528-F003
  severity: P2
  scope: PAGE
  status: BLOCKED
  evidence_class: OBSERVED
  confidence: HIGH
  source_refs: [INPUT:inventory:WP-12528, docs/DATA-SOURCES.md]
  impact: Page-query relationship, live index status and current WP/Woo values are not present in the supplied batch evidence.
  recommendation: INITIAL — obtain joined Page+Query or direct filtered evidence and read-only WP/Woo verification in Second Review; do not attribute queries to this page.
  acceptance_criteria: Any query or indexability conclusion has joined/direct evidence with date range and dimension disclosed.
  google_basis: PROJECT_DECISION
  google_reference: https://support.google.com/webmasters/answer/7576553
  seo_owner_current: NOT_APPLICABLE_FOR_ATTRIBUTION
  seo_owner_target: CONTENT after Second Review
  rank_math_capability_checked: NOT_APPLICABLE_FOR_ATTRIBUTION
  rank_math_path_or_reason_not_used: This is an evidence limitation, not a metadata implementation concern.",OBSERVED,P2,PAGE,BLOCKED,INITIAL — obtain joined Page+Query or direct filtered evidence and read-only WP/Woo verification in Second Review,pages/products/WP-12528.md
WP-12532,products,https://www.mariwork.ir/shop/copper-119/,WP-12532-F001,severity: P1,"#### WP-12532-F001
- severity: P1
- scope: PAGE
- status: CONFIRMED
- evidence_class: MEASURED
- confidence: MEDIUM
- source_refs: [INPUT:evidence:WP-12532, registry:SYS-004]
- impact: No schema type was parsed from supplied initial HTML; Product/Offer/variant identity, price/currency, availability, image and visible-data consistency remain unverified.
- recommendation: INITIAL — validate rendered/source structured data and current Woo values; use one verified Rank Math/schema owner and preserve only real visible values.
- acceptance_criteria: Structured-data output, owner and variant/offer values are evidenced and consistent; no unsupported claims are introduced.
- google_basis: GOOGLE_RECOMMENDED
- google_reference: https://developers.google.com/search/docs/appearance/structured-data/product
- seo_owner_current: UNKNOWN_NEEDS_VERIFICATION
- seo_owner_target: RANK_MATH where capable; otherwise documented central integration
- rank_math_capability_checked: BLOCKED_BY_ACCESS (SYS-001)
- rank_math_path_or_reason_not_used: Production Rank Math version/modules and output pipeline inaccessible.",MEASURED,P1,PAGE,CONFIRMED,INITIAL — validate rendered/source structured data and current Woo values,pages/products/WP-12532.md
WP-12532,products,https://www.mariwork.ir/shop/copper-119/,WP-12532-F002,severity: P2,"#### WP-12532-F002
- severity: P2
- scope: FAMILY
- status: OPEN
- evidence_class: MEASURED
- confidence: MEDIUM
- source_refs: [INPUT:evidence:WP-12532, registry:SYS-008]
- impact: Repeated family pattern observed; fabric-color naming consistency and differentiated information gain is not measured in this batch.
- recommendation: INITIAL — inventory the complete family before title, H1, copy or link edits; do not mass-edit from this batch.
- acceptance_criteria: Family inventory records distinctions, approved naming/content rules, exceptions and regression set; Second Review complete.
- google_basis: GOOGLE_CONSISTENT
- google_reference: https://developers.google.com/search/docs/fundamentals/seo-starter-guide
- seo_owner_current: CONTENT/UNKNOWN_NEEDS_VERIFICATION
- seo_owner_target: CONTENT for visible content; RANK_MATH for approved metadata where capable
- rank_math_capability_checked: BLOCKED_BY_ACCESS (SYS-001)
- rank_math_path_or_reason_not_used: Ownership/configuration unavailable.",MEASURED,P2,FAMILY,OPEN,"INITIAL — inventory the complete family before title, H1, copy or link edits",pages/products/WP-12532.md
WP-12536,products,https://www.mariwork.ir/shop/magenta-mariwork-fabric-color-code120/,WP-12536-F001,severity: P1,"#### WP-12536-F001
- severity: P1
- scope: PAGE
- status: CONFIRMED
- evidence_class: MEASURED
- confidence: MEDIUM
- source_refs: [INPUT:evidence:WP-12536, registry:SYS-004]
- impact: No schema type was parsed from supplied initial HTML; Product/Offer/variant identity, price/currency, availability, image and visible-data consistency remain unverified.
- recommendation: INITIAL — validate rendered/source structured data and current Woo values; use one verified Rank Math/schema owner and preserve only real visible values.
- acceptance_criteria: Structured-data output, owner and variant/offer values are evidenced and consistent; no unsupported claims are introduced.
- google_basis: GOOGLE_RECOMMENDED
- google_reference: https://developers.google.com/search/docs/appearance/structured-data/product
- seo_owner_current: UNKNOWN_NEEDS_VERIFICATION
- seo_owner_target: RANK_MATH where capable; otherwise documented central integration
- rank_math_capability_checked: BLOCKED_BY_ACCESS (SYS-001)
- rank_math_path_or_reason_not_used: Production Rank Math version/modules and output pipeline inaccessible.",MEASURED,P1,PAGE,CONFIRMED,INITIAL — validate rendered/source structured data and current Woo values,pages/products/WP-12536.md
WP-12536,products,https://www.mariwork.ir/shop/magenta-mariwork-fabric-color-code120/,WP-12536-F002,severity: P2,"#### WP-12536-F002
- severity: P2
- scope: FAMILY
- status: OPEN
- evidence_class: MEASURED
- confidence: MEDIUM
- source_refs: [INPUT:evidence:WP-12536, registry:SYS-008]
- impact: Repeated family pattern observed; fabric-color naming consistency and differentiated information gain is not measured in this batch.
- recommendation: INITIAL — inventory the complete family before title, H1, copy or link edits; do not mass-edit from this batch.
- acceptance_criteria: Family inventory records distinctions, approved naming/content rules, exceptions and regression set; Second Review complete.
- google_basis: GOOGLE_CONSISTENT
- google_reference: https://developers.google.com/search/docs/fundamentals/seo-starter-guide
- seo_owner_current: CONTENT/UNKNOWN_NEEDS_VERIFICATION
- seo_owner_target: CONTENT for visible content; RANK_MATH for approved metadata where capable
- rank_math_capability_checked: BLOCKED_BY_ACCESS (SYS-001)
- rank_math_path_or_reason_not_used: Ownership/configuration unavailable.",MEASURED,P2,FAMILY,OPEN,"INITIAL — inventory the complete family before title, H1, copy or link edits",pages/products/WP-12536.md
WP-12541,products,https://www.mariwork.ir/shop/white-mariwork-fabric-color-code121/,WP-12541-F001,severity: P1,"#### WP-12541-F001
- severity: P1
- scope: PAGE
- status: CONFIRMED
- evidence_class: MEASURED
- confidence: MEDIUM
- source_refs: [INPUT:evidence:WP-12541, registry:SYS-004]
- impact: No schema type was parsed from supplied initial HTML; Product/Offer/variant identity, price/currency, availability, image and visible-data consistency remain unverified.
- recommendation: INITIAL — validate rendered/source structured data and current Woo values; use one verified Rank Math/schema owner and preserve only real visible values.
- acceptance_criteria: Structured-data output, owner and variant/offer values are evidenced and consistent; no unsupported claims are introduced.
- google_basis: GOOGLE_RECOMMENDED
- google_reference: https://developers.google.com/search/docs/appearance/structured-data/product
- seo_owner_current: UNKNOWN_NEEDS_VERIFICATION
- seo_owner_target: RANK_MATH where capable; otherwise documented central integration
- rank_math_capability_checked: BLOCKED_BY_ACCESS (SYS-001)
- rank_math_path_or_reason_not_used: Production Rank Math version/modules and output pipeline inaccessible.",MEASURED,P1,PAGE,CONFIRMED,INITIAL — validate rendered/source structured data and current Woo values,pages/products/WP-12541.md
WP-12541,products,https://www.mariwork.ir/shop/white-mariwork-fabric-color-code121/,WP-12541-F002,severity: P2,"#### WP-12541-F002
- severity: P2
- scope: FAMILY
- status: OPEN
- evidence_class: MEASURED
- confidence: MEDIUM
- source_refs: [INPUT:evidence:WP-12541, registry:SYS-008]
- impact: Repeated family pattern observed; fabric-color naming consistency and differentiated information gain is not measured in this batch.
- recommendation: INITIAL — inventory the complete family before title, H1, copy or link edits; do not mass-edit from this batch.
- acceptance_criteria: Family inventory records distinctions, approved naming/content rules, exceptions and regression set; Second Review complete.
- google_basis: GOOGLE_CONSISTENT
- google_reference: https://developers.google.com/search/docs/fundamentals/seo-starter-guide
- seo_owner_current: CONTENT/UNKNOWN_NEEDS_VERIFICATION
- seo_owner_target: CONTENT for visible content; RANK_MATH for approved metadata where capable
- rank_math_capability_checked: BLOCKED_BY_ACCESS (SYS-001)
- rank_math_path_or_reason_not_used: Ownership/configuration unavailable.",MEASURED,P2,FAMILY,OPEN,"INITIAL — inventory the complete family before title, H1, copy or link edits",pages/products/WP-12541.md
WP-12541,products,https://www.mariwork.ir/shop/white-mariwork-fabric-color-code121/,WP-12541-F003,severity: P2,"#### WP-12541-F003
- severity: P2
- scope: PAGE
- status: CONFIRMED
- evidence_class: OBSERVED
- confidence: HIGH
- source_refs: [INPUT:inventory:WP-12541]
- impact: Legacy URL redirects to current entity; source mapping is evidenced, but historical value transfer/final migration disposition is not.
- recommendation: INITIAL — retain history and verify source identity, canonical destination and direct-chain behavior before any URL decision; do not infer performance transfer.
- acceptance_criteria: Legacy URL, status, destination, entity mapping and canonical are rechecked with source/date context; no Round-1 redirect change.
- google_basis: GOOGLE_CONSISTENT
- google_reference: https://developers.google.com/search/docs/crawling-indexing/301-redirects
- seo_owner_current: UNKNOWN_NEEDS_VERIFICATION
- seo_owner_target: RANK_MATH if supported; otherwise PLATFORM/server owner
- rank_math_capability_checked: BLOCKED_BY_ACCESS (SYS-001)
- rank_math_path_or_reason_not_used: Redirect ownership/table inaccessible.",OBSERVED,P2,PAGE,CONFIRMED,"INITIAL — retain history and verify source identity, canonical destination and direct-chain behavior before any URL decision",pages/products/WP-12541.md
WP-12544,products,https://www.mariwork.ir/shop/gray_122/,WP-12544-F001,severity: P1,"#### WP-12544-F001
- severity: P1
- scope: PAGE
- status: CONFIRMED
- evidence_class: MEASURED
- confidence: MEDIUM
- source_refs: [INPUT:evidence:WP-12544, registry:SYS-004]
- impact: No schema type was parsed from supplied initial HTML; Product/Offer/variant identity, price/currency, availability, image and visible-data consistency remain unverified.
- recommendation: INITIAL — validate rendered/source structured data and current Woo values; use one verified Rank Math/schema owner and preserve only real visible values.
- acceptance_criteria: Structured-data output, owner and variant/offer values are evidenced and consistent; no unsupported claims are introduced.
- google_basis: GOOGLE_RECOMMENDED
- google_reference: https://developers.google.com/search/docs/appearance/structured-data/product
- seo_owner_current: UNKNOWN_NEEDS_VERIFICATION
- seo_owner_target: RANK_MATH where capable; otherwise documented central integration
- rank_math_capability_checked: BLOCKED_BY_ACCESS (SYS-001)
- rank_math_path_or_reason_not_used: Production Rank Math version/modules and output pipeline inaccessible.",MEASURED,P1,PAGE,CONFIRMED,INITIAL — validate rendered/source structured data and current Woo values,pages/products/WP-12544.md
WP-12544,products,https://www.mariwork.ir/shop/gray_122/,WP-12544-F002,severity: P2,"#### WP-12544-F002
- severity: P2
- scope: FAMILY
- status: OPEN
- evidence_class: MEASURED
- confidence: MEDIUM
- source_refs: [INPUT:evidence:WP-12544, registry:SYS-008]
- impact: Repeated family pattern observed; fabric-color naming consistency and differentiated information gain is not measured in this batch.
- recommendation: INITIAL — inventory the complete family before title, H1, copy or link edits; do not mass-edit from this batch.
- acceptance_criteria: Family inventory records distinctions, approved naming/content rules, exceptions and regression set; Second Review complete.
- google_basis: GOOGLE_CONSISTENT
- google_reference: https://developers.google.com/search/docs/fundamentals/seo-starter-guide
- seo_owner_current: CONTENT/UNKNOWN_NEEDS_VERIFICATION
- seo_owner_target: CONTENT for visible content; RANK_MATH for approved metadata where capable
- rank_math_capability_checked: BLOCKED_BY_ACCESS (SYS-001)
- rank_math_path_or_reason_not_used: Ownership/configuration unavailable.",MEASURED,P2,FAMILY,OPEN,"INITIAL — inventory the complete family before title, H1, copy or link edits",pages/products/WP-12544.md
WP-12548,products,https://www.mariwork.ir/shop/fleshtint-123/,WP-12548-F001,severity: P1,"#### WP-12548-F001
- severity: P1
- scope: PAGE
- status: CONFIRMED
- evidence_class: MEASURED
- confidence: MEDIUM
- source_refs: [INPUT:evidence:WP-12548, registry:SYS-004]
- impact: No schema type was parsed from supplied initial HTML; Product/Offer/variant identity, price/currency, availability, image and visible-data consistency remain unverified.
- recommendation: INITIAL — validate rendered/source structured data and current Woo values; use one verified Rank Math/schema owner and preserve only real visible values.
- acceptance_criteria: Structured-data output, owner and variant/offer values are evidenced and consistent; no unsupported claims are introduced.
- google_basis: GOOGLE_RECOMMENDED
- google_reference: https://developers.google.com/search/docs/appearance/structured-data/product
- seo_owner_current: UNKNOWN_NEEDS_VERIFICATION
- seo_owner_target: RANK_MATH where capable; otherwise documented central integration
- rank_math_capability_checked: BLOCKED_BY_ACCESS (SYS-001)
- rank_math_path_or_reason_not_used: Production Rank Math version/modules and output pipeline inaccessible.",MEASURED,P1,PAGE,CONFIRMED,INITIAL — validate rendered/source structured data and current Woo values,pages/products/WP-12548.md
WP-12548,products,https://www.mariwork.ir/shop/fleshtint-123/,WP-12548-F002,severity: P2,"#### WP-12548-F002
- severity: P2
- scope: FAMILY
- status: OPEN
- evidence_class: MEASURED
- confidence: MEDIUM
- source_refs: [INPUT:evidence:WP-12548, registry:SYS-008]
- impact: Repeated family pattern observed; fabric-color naming consistency and differentiated information gain is not measured in this batch.
- recommendation: INITIAL — inventory the complete family before title, H1, copy or link edits; do not mass-edit from this batch.
- acceptance_criteria: Family inventory records distinctions, approved naming/content rules, exceptions and regression set; Second Review complete.
- google_basis: GOOGLE_CONSISTENT
- google_reference: https://developers.google.com/search/docs/fundamentals/seo-starter-guide
- seo_owner_current: CONTENT/UNKNOWN_NEEDS_VERIFICATION
- seo_owner_target: CONTENT for visible content; RANK_MATH for approved metadata where capable
- rank_math_capability_checked: BLOCKED_BY_ACCESS (SYS-001)
- rank_math_path_or_reason_not_used: Ownership/configuration unavailable.",MEASURED,P2,FAMILY,OPEN,"INITIAL — inventory the complete family before title, H1, copy or link edits",pages/products/WP-12548.md
WP-12581,products,https://www.mariwork.ir/shop/mariwork-silver-corona-powder-code202/,WP-12581-F001,severity: P1,"#### WP-12581-F001
- severity: P1
- scope: PAGE
- status: CONFIRMED
- evidence_class: MEASURED
- confidence: MEDIUM
- source_refs: [INPUT:evidence:WP-12581, registry:SYS-004]
- impact: No schema type was parsed from supplied initial HTML; Product/Offer/variant identity, price/currency, availability, image and visible-data consistency remain unverified.
- recommendation: INITIAL — validate rendered/source structured data and current Woo values; use one verified Rank Math/schema owner and preserve only real visible values.
- acceptance_criteria: Structured-data output, owner and variant/offer values are evidenced and consistent; no unsupported claims are introduced.
- google_basis: GOOGLE_RECOMMENDED
- google_reference: https://developers.google.com/search/docs/appearance/structured-data/product
- seo_owner_current: UNKNOWN_NEEDS_VERIFICATION
- seo_owner_target: RANK_MATH where capable; otherwise documented central integration
- rank_math_capability_checked: BLOCKED_BY_ACCESS (SYS-001)
- rank_math_path_or_reason_not_used: Production Rank Math version/modules and output pipeline inaccessible.",MEASURED,P1,PAGE,CONFIRMED,INITIAL — validate rendered/source structured data and current Woo values,pages/products/WP-12581.md
WP-12581,products,https://www.mariwork.ir/shop/mariwork-silver-corona-powder-code202/,WP-12581-F002,severity: P2,"#### WP-12581-F002
- severity: P2
- scope: FAMILY
- status: OPEN
- evidence_class: MEASURED
- confidence: MEDIUM
- source_refs: [INPUT:evidence:WP-12581, registry:SYS-008]
- impact: Repeated family pattern observed; medium/glitter differentiation and usage evidence is not measured in this batch.
- recommendation: INITIAL — inventory the complete family before title, H1, copy or link edits; do not mass-edit from this batch.
- acceptance_criteria: Family inventory records distinctions, approved naming/content rules, exceptions and regression set; Second Review complete.
- google_basis: GOOGLE_CONSISTENT
- google_reference: https://developers.google.com/search/docs/fundamentals/seo-starter-guide
- seo_owner_current: CONTENT/UNKNOWN_NEEDS_VERIFICATION
- seo_owner_target: CONTENT for visible content; RANK_MATH for approved metadata where capable
- rank_math_capability_checked: BLOCKED_BY_ACCESS (SYS-001)
- rank_math_path_or_reason_not_used: Ownership/configuration unavailable.",MEASURED,P2,FAMILY,OPEN,"INITIAL — inventory the complete family before title, H1, copy or link edits",pages/products/WP-12581.md
WP-12585,products,https://www.mariwork.ir/shop/mariwork-golden-corona-powder-code201/,WP-12585-F001,severity: P1,"#### WP-12585-F001
- severity: P1
- scope: PAGE
- status: CONFIRMED
- evidence_class: MEASURED
- confidence: MEDIUM
- source_refs: [INPUT:evidence:WP-12585, registry:SYS-004]
- impact: No schema type was parsed from supplied initial HTML; Product/Offer/variant identity, price/currency, availability, image and visible-data consistency remain unverified.
- recommendation: INITIAL — validate rendered/source structured data and current Woo values; use one verified Rank Math/schema owner and preserve only real visible values.
- acceptance_criteria: Structured-data output, owner and variant/offer values are evidenced and consistent; no unsupported claims are introduced.
- google_basis: GOOGLE_RECOMMENDED
- google_reference: https://developers.google.com/search/docs/appearance/structured-data/product
- seo_owner_current: UNKNOWN_NEEDS_VERIFICATION
- seo_owner_target: RANK_MATH where capable; otherwise documented central integration
- rank_math_capability_checked: BLOCKED_BY_ACCESS (SYS-001)
- rank_math_path_or_reason_not_used: Production Rank Math version/modules and output pipeline inaccessible.",MEASURED,P1,PAGE,CONFIRMED,INITIAL — validate rendered/source structured data and current Woo values,pages/products/WP-12585.md
WP-12585,products,https://www.mariwork.ir/shop/mariwork-golden-corona-powder-code201/,WP-12585-F002,severity: P2,"#### WP-12585-F002
- severity: P2
- scope: FAMILY
- status: OPEN
- evidence_class: MEASURED
- confidence: MEDIUM
- source_refs: [INPUT:evidence:WP-12585, registry:SYS-008]
- impact: Repeated family pattern observed; medium/glitter differentiation and usage evidence is not measured in this batch.
- recommendation: INITIAL — inventory the complete family before title, H1, copy or link edits; do not mass-edit from this batch.
- acceptance_criteria: Family inventory records distinctions, approved naming/content rules, exceptions and regression set; Second Review complete.
- google_basis: GOOGLE_CONSISTENT
- google_reference: https://developers.google.com/search/docs/fundamentals/seo-starter-guide
- seo_owner_current: CONTENT/UNKNOWN_NEEDS_VERIFICATION
- seo_owner_target: CONTENT for visible content; RANK_MATH for approved metadata where capable
- rank_math_capability_checked: BLOCKED_BY_ACCESS (SYS-001)
- rank_math_path_or_reason_not_used: Ownership/configuration unavailable.",MEASURED,P2,FAMILY,OPEN,"INITIAL — inventory the complete family before title, H1, copy or link edits",pages/products/WP-12585.md
WP-12585,products,https://www.mariwork.ir/shop/mariwork-golden-corona-powder-code201/,WP-12585-F003,severity: P2,"#### WP-12585-F003
- severity: P2
- scope: PAGE
- status: CONFIRMED
- evidence_class: OBSERVED
- confidence: HIGH
- source_refs: [INPUT:inventory:WP-12585]
- impact: Legacy URL redirects to current entity; source mapping is evidenced, but historical value transfer/final migration disposition is not.
- recommendation: INITIAL — retain history and verify source identity, canonical destination and direct-chain behavior before any URL decision; do not infer performance transfer.
- acceptance_criteria: Legacy URL, status, destination, entity mapping and canonical are rechecked with source/date context; no Round-1 redirect change.
- google_basis: GOOGLE_CONSISTENT
- google_reference: https://developers.google.com/search/docs/crawling-indexing/301-redirects
- seo_owner_current: UNKNOWN_NEEDS_VERIFICATION
- seo_owner_target: RANK_MATH if supported; otherwise PLATFORM/server owner
- rank_math_capability_checked: BLOCKED_BY_ACCESS (SYS-001)
- rank_math_path_or_reason_not_used: Redirect ownership/table inaccessible.",OBSERVED,P2,PAGE,CONFIRMED,"INITIAL — retain history and verify source identity, canonical destination and direct-chain behavior before any URL decision",pages/products/WP-12585.md
WP-12588,products,https://www.mariwork.ir/shop/mariwork-fabric-glitter-glue-code203/,WP-12588-F001,severity: P1,"#### WP-12588-F001
- severity: P1
- scope: PAGE
- status: CONFIRMED
- evidence_class: MEASURED
- confidence: MEDIUM
- source_refs: [INPUT:evidence:WP-12588, registry:SYS-004]
- impact: No schema type was parsed from supplied initial HTML; Product/Offer/variant identity, price/currency, availability, image and visible-data consistency remain unverified.
- recommendation: INITIAL — validate rendered/source structured data and current Woo values; use one verified Rank Math/schema owner and preserve only real visible values.
- acceptance_criteria: Structured-data output, owner and variant/offer values are evidenced and consistent; no unsupported claims are introduced.
- google_basis: GOOGLE_RECOMMENDED
- google_reference: https://developers.google.com/search/docs/appearance/structured-data/product
- seo_owner_current: UNKNOWN_NEEDS_VERIFICATION
- seo_owner_target: RANK_MATH where capable; otherwise documented central integration
- rank_math_capability_checked: BLOCKED_BY_ACCESS (SYS-001)
- rank_math_path_or_reason_not_used: Production Rank Math version/modules and output pipeline inaccessible.",MEASURED,P1,PAGE,CONFIRMED,INITIAL — validate rendered/source structured data and current Woo values,pages/products/WP-12588.md
WP-12588,products,https://www.mariwork.ir/shop/mariwork-fabric-glitter-glue-code203/,WP-12588-F002,severity: P2,"#### WP-12588-F002
- severity: P2
- scope: FAMILY
- status: OPEN
- evidence_class: MEASURED
- confidence: MEDIUM
- source_refs: [INPUT:evidence:WP-12588, registry:SYS-008]
- impact: Repeated family pattern observed; medium/glitter differentiation and usage evidence is not measured in this batch.
- recommendation: INITIAL — inventory the complete family before title, H1, copy or link edits; do not mass-edit from this batch.
- acceptance_criteria: Family inventory records distinctions, approved naming/content rules, exceptions and regression set; Second Review complete.
- google_basis: GOOGLE_CONSISTENT
- google_reference: https://developers.google.com/search/docs/fundamentals/seo-starter-guide
- seo_owner_current: CONTENT/UNKNOWN_NEEDS_VERIFICATION
- seo_owner_target: CONTENT for visible content; RANK_MATH for approved metadata where capable
- rank_math_capability_checked: BLOCKED_BY_ACCESS (SYS-001)
- rank_math_path_or_reason_not_used: Ownership/configuration unavailable.",MEASURED,P2,FAMILY,OPEN,"INITIAL — inventory the complete family before title, H1, copy or link edits",pages/products/WP-12588.md
WP-12588,products,https://www.mariwork.ir/shop/mariwork-fabric-glitter-glue-code203/,WP-12588-F003,severity: P2,"#### WP-12588-F003
- severity: P2
- scope: PAGE
- status: CONFIRMED
- evidence_class: OBSERVED
- confidence: HIGH
- source_refs: [INPUT:inventory:WP-12588]
- impact: Legacy URL redirects to current entity; source mapping is evidenced, but historical value transfer/final migration disposition is not.
- recommendation: INITIAL — retain history and verify source identity, canonical destination and direct-chain behavior before any URL decision; do not infer performance transfer.
- acceptance_criteria: Legacy URL, status, destination, entity mapping and canonical are rechecked with source/date context; no Round-1 redirect change.
- google_basis: GOOGLE_CONSISTENT
- google_reference: https://developers.google.com/search/docs/crawling-indexing/301-redirects
- seo_owner_current: UNKNOWN_NEEDS_VERIFICATION
- seo_owner_target: RANK_MATH if supported; otherwise PLATFORM/server owner
- rank_math_capability_checked: BLOCKED_BY_ACCESS (SYS-001)
- rank_math_path_or_reason_not_used: Redirect ownership/table inaccessible.",OBSERVED,P2,PAGE,CONFIRMED,"INITIAL — retain history and verify source identity, canonical destination and direct-chain behavior before any URL decision",pages/products/WP-12588.md
WP-12591,products,https://www.mariwork.ir/shop/mariwork-fabric-fixative-medium-code204/,WP-12591-F001,severity: P1,"#### WP-12591-F001
- severity: P1
- scope: PAGE
- status: CONFIRMED
- evidence_class: MEASURED
- confidence: MEDIUM
- source_refs: [INPUT:evidence:WP-12591, registry:SYS-004]
- impact: No schema type was parsed from supplied initial HTML; Product/Offer/variant identity, price/currency, availability, image and visible-data consistency remain unverified.
- recommendation: INITIAL — validate rendered/source structured data and current Woo values; use one verified Rank Math/schema owner and preserve only real visible values.
- acceptance_criteria: Structured-data output, owner and variant/offer values are evidenced and consistent; no unsupported claims are introduced.
- google_basis: GOOGLE_RECOMMENDED
- google_reference: https://developers.google.com/search/docs/appearance/structured-data/product
- seo_owner_current: UNKNOWN_NEEDS_VERIFICATION
- seo_owner_target: RANK_MATH where capable; otherwise documented central integration
- rank_math_capability_checked: BLOCKED_BY_ACCESS (SYS-001)
- rank_math_path_or_reason_not_used: Production Rank Math version/modules and output pipeline inaccessible.",MEASURED,P1,PAGE,CONFIRMED,INITIAL — validate rendered/source structured data and current Woo values,pages/products/WP-12591.md
WP-12591,products,https://www.mariwork.ir/shop/mariwork-fabric-fixative-medium-code204/,WP-12591-F002,severity: P2,"#### WP-12591-F002
- severity: P2
- scope: FAMILY
- status: OPEN
- evidence_class: MEASURED
- confidence: MEDIUM
- source_refs: [INPUT:evidence:WP-12591, registry:SYS-008]
- impact: Repeated family pattern observed; medium/glitter differentiation and usage evidence is not measured in this batch.
- recommendation: INITIAL — inventory the complete family before title, H1, copy or link edits; do not mass-edit from this batch.
- acceptance_criteria: Family inventory records distinctions, approved naming/content rules, exceptions and regression set; Second Review complete.
- google_basis: GOOGLE_CONSISTENT
- google_reference: https://developers.google.com/search/docs/fundamentals/seo-starter-guide
- seo_owner_current: CONTENT/UNKNOWN_NEEDS_VERIFICATION
- seo_owner_target: CONTENT for visible content; RANK_MATH for approved metadata where capable
- rank_math_capability_checked: BLOCKED_BY_ACCESS (SYS-001)
- rank_math_path_or_reason_not_used: Ownership/configuration unavailable.",MEASURED,P2,FAMILY,OPEN,"INITIAL — inventory the complete family before title, H1, copy or link edits",pages/products/WP-12591.md
WP-12591,products,https://www.mariwork.ir/shop/mariwork-fabric-fixative-medium-code204/,WP-12591-F003,severity: P2,"#### WP-12591-F003
- severity: P2
- scope: PAGE
- status: CONFIRMED
- evidence_class: OBSERVED
- confidence: HIGH
- source_refs: [INPUT:inventory:WP-12591]
- impact: Legacy URL redirects to current entity; source mapping is evidenced, but historical value transfer/final migration disposition is not.
- recommendation: INITIAL — retain history and verify source identity, canonical destination and direct-chain behavior before any URL decision; do not infer performance transfer.
- acceptance_criteria: Legacy URL, status, destination, entity mapping and canonical are rechecked with source/date context; no Round-1 redirect change.
- google_basis: GOOGLE_CONSISTENT
- google_reference: https://developers.google.com/search/docs/crawling-indexing/301-redirects
- seo_owner_current: UNKNOWN_NEEDS_VERIFICATION
- seo_owner_target: RANK_MATH if supported; otherwise PLATFORM/server owner
- rank_math_capability_checked: BLOCKED_BY_ACCESS (SYS-001)
- rank_math_path_or_reason_not_used: Redirect ownership/table inaccessible.",OBSERVED,P2,PAGE,CONFIRMED,"INITIAL — retain history and verify source identity, canonical destination and direct-chain behavior before any URL decision",pages/products/WP-12591.md
WP-12594,products,https://www.mariwork.ir/shop/mariwork-fabric-base-coat-code208/,WP-12594-F001,severity: P1,"#### WP-12594-F001
- severity: P1
- scope: PAGE
- status: CONFIRMED
- evidence_class: MEASURED
- confidence: MEDIUM
- source_refs: [INPUT:evidence:WP-12594, registry:SYS-004]
- impact: No schema type was parsed from supplied initial HTML; Product/Offer/variant identity, price/currency, availability, image and visible-data consistency remain unverified.
- recommendation: INITIAL — validate rendered/source structured data and current Woo values; use one verified Rank Math/schema owner and preserve only real visible values.
- acceptance_criteria: Structured-data output, owner and variant/offer values are evidenced and consistent; no unsupported claims are introduced.
- google_basis: GOOGLE_RECOMMENDED
- google_reference: https://developers.google.com/search/docs/appearance/structured-data/product
- seo_owner_current: UNKNOWN_NEEDS_VERIFICATION
- seo_owner_target: RANK_MATH where capable; otherwise documented central integration
- rank_math_capability_checked: BLOCKED_BY_ACCESS (SYS-001)
- rank_math_path_or_reason_not_used: Production Rank Math version/modules and output pipeline inaccessible.",MEASURED,P1,PAGE,CONFIRMED,INITIAL — validate rendered/source structured data and current Woo values,pages/products/WP-12594.md
WP-12594,products,https://www.mariwork.ir/shop/mariwork-fabric-base-coat-code208/,WP-12594-F002,severity: P2,"#### WP-12594-F002
- severity: P2
- scope: FAMILY
- status: OPEN
- evidence_class: MEASURED
- confidence: MEDIUM
- source_refs: [INPUT:evidence:WP-12594, registry:SYS-008]
- impact: Repeated family pattern observed; medium/glitter differentiation and usage evidence is not measured in this batch.
- recommendation: INITIAL — inventory the complete family before title, H1, copy or link edits; do not mass-edit from this batch.
- acceptance_criteria: Family inventory records distinctions, approved naming/content rules, exceptions and regression set; Second Review complete.
- google_basis: GOOGLE_CONSISTENT
- google_reference: https://developers.google.com/search/docs/fundamentals/seo-starter-guide
- seo_owner_current: CONTENT/UNKNOWN_NEEDS_VERIFICATION
- seo_owner_target: CONTENT for visible content; RANK_MATH for approved metadata where capable
- rank_math_capability_checked: BLOCKED_BY_ACCESS (SYS-001)
- rank_math_path_or_reason_not_used: Ownership/configuration unavailable.",MEASURED,P2,FAMILY,OPEN,"INITIAL — inventory the complete family before title, H1, copy or link edits",pages/products/WP-12594.md
WP-12594,products,https://www.mariwork.ir/shop/mariwork-fabric-base-coat-code208/,WP-12594-F003,severity: P2,"#### WP-12594-F003
- severity: P2
- scope: PAGE
- status: CONFIRMED
- evidence_class: OBSERVED
- confidence: HIGH
- source_refs: [INPUT:inventory:WP-12594]
- impact: Legacy URL redirects to current entity; source mapping is evidenced, but historical value transfer/final migration disposition is not.
- recommendation: INITIAL — retain history and verify source identity, canonical destination and direct-chain behavior before any URL decision; do not infer performance transfer.
- acceptance_criteria: Legacy URL, status, destination, entity mapping and canonical are rechecked with source/date context; no Round-1 redirect change.
- google_basis: GOOGLE_CONSISTENT
- google_reference: https://developers.google.com/search/docs/crawling-indexing/301-redirects
- seo_owner_current: UNKNOWN_NEEDS_VERIFICATION
- seo_owner_target: RANK_MATH if supported; otherwise PLATFORM/server owner
- rank_math_capability_checked: BLOCKED_BY_ACCESS (SYS-001)
- rank_math_path_or_reason_not_used: Redirect ownership/table inaccessible.",OBSERVED,P2,PAGE,CONFIRMED,"INITIAL — retain history and verify source identity, canonical destination and direct-chain behavior before any URL decision",pages/products/WP-12594.md
WP-12597,products,https://www.mariwork.ir/shop/%D8%B3%D8%AA-5-%D8%B1%D9%86%DA%AF-%D9%81%D9%84%D9%88%D8%B1%D8%B3%D9%86%D8%AA-%D9%85%D8%A7%D8%B1%DB%8C-%D9%88%D8%B1%DA%A9/,WP-12597-F001,severity: P1,"#### WP-12597-F001
- severity: P1
- scope: PAGE
- status: CONFIRMED
- evidence_class: MEASURED
- confidence: MEDIUM
- source_refs: [INPUT:evidence:WP-12597, registry:SYS-004]
- impact: No schema type was parsed from supplied initial HTML; Product/Offer/bundle identity, price/currency, availability, image and visible-data consistency remain unverified.
- recommendation: INITIAL — validate rendered/source structured data and current Woo values; use one verified Rank Math/schema owner and preserve only real visible values.
- acceptance_criteria: Structured-data output, owner and set contents values are evidenced and consistent; no unsupported claims are introduced.
- google_basis: GOOGLE_RECOMMENDED
- google_reference: https://developers.google.com/search/docs/appearance/structured-data/product
- seo_owner_current: UNKNOWN_NEEDS_VERIFICATION
- seo_owner_target: RANK_MATH where capable; otherwise documented central integration
- rank_math_capability_checked: BLOCKED_BY_ACCESS (SYS-001)
- rank_math_path_or_reason_not_used: Production Rank Math version/modules and output pipeline inaccessible.",MEASURED,P1,PAGE,CONFIRMED,INITIAL — validate rendered/source structured data and current Woo values,pages/products/WP-12597.md
WP-12597,products,https://www.mariwork.ir/shop/%D8%B3%D8%AA-5-%D8%B1%D9%86%DA%AF-%D9%81%D9%84%D9%88%D8%B1%D8%B3%D9%86%D8%AA-%D9%85%D8%A7%D8%B1%DB%8C-%D9%88%D8%B1%DA%A9/,WP-12597-F002,severity: P2,"#### WP-12597-F002
- severity: P2
- scope: FAMILY
- status: OPEN
- evidence_class: MEASURED
- confidence: MEDIUM
- source_refs: [INPUT:evidence:WP-12597, registry:SYS-008]
- impact: Repeated family pattern observed; set/bundle contents and offer consistency is not measured in this batch.
- recommendation: INITIAL — inventory the complete family before title, H1, copy or link edits; do not mass-edit from this batch.
- acceptance_criteria: Family inventory records distinctions, approved naming/content rules, exceptions and regression set; Second Review complete.
- google_basis: GOOGLE_CONSISTENT
- google_reference: https://developers.google.com/search/docs/fundamentals/seo-starter-guide
- seo_owner_current: CONTENT/UNKNOWN_NEEDS_VERIFICATION
- seo_owner_target: CONTENT for visible content; RANK_MATH for approved metadata where capable
- rank_math_capability_checked: BLOCKED_BY_ACCESS (SYS-001)
- rank_math_path_or_reason_not_used: Ownership/configuration unavailable.",MEASURED,P2,FAMILY,OPEN,"INITIAL — inventory the complete family before title, H1, copy or link edits",pages/products/WP-12597.md
WP-12602,products,https://www.mariwork.ir/shop/six-color-set-60ml/,WP-12602-F001,severity: P1,"#### WP-12602-F001
- severity: P1
- scope: PAGE
- status: OPEN
- evidence_class: MEASURED
- confidence: MEDIUM
- source_refs: `INPUT:evidence`; `HTML:schema_types=[]`; `registry:SYS-004`
- impact: No parsed structured-data type was observed on a WooCommerce product page whose visible excerpt contains product and price information; Product/Offer eligibility and visible/schema consistency cannot be verified from supplied initial HTML.
- recommendation: INITIAL — validate rendered and initial HTML, current Woo/Rank Math schema pipeline, price/currency/availability and unique product identity. If markup is needed, use the single verified owner and only visible, current values.
- acceptance_criteria: Schema presence/absence is confirmed, owner and conflict status are recorded, and product regression checks cover identity, price, currency, availability and images.
- google_basis: GOOGLE_CONSISTENT
- google_reference: https://developers.google.com/search/docs/appearance/structured-data/product
- seo_owner_current: UNKNOWN_NEEDS_VERIFICATION
- seo_owner_target: RANK_MATH where verified; otherwise documented Woo/platform owner
- rank_math_capability_checked: BLOCKED_BY_ACCESS (see SYS-001)
- rank_math_path_or_reason_not_used: Production version/modules and output pipeline unavailable.",MEASURED,P1,PAGE,OPEN,"INITIAL — validate rendered and initial HTML, current Woo/Rank Math schema pipeline, price/currency/availability and unique product identity. If markup is needed, use the single verified owner and only visible, current values.",pages/products/WP-12602.md
WP-12602,products,https://www.mariwork.ir/shop/six-color-set-60ml/,WP-12602-F002,severity: P2,"#### WP-12602-F002
- severity: P2
- scope: FAMILY
- status: OPEN
- evidence_class: MEASURED
- confidence: MEDIUM
- source_refs: `INPUT:evidence`; `registry:SYS-008`
- impact: This product title/H1 uses a long family-specific naming pattern; consistency against other set sizes and approved product-title rules is not yet established.
- recommendation: INITIAL — inventory set-family title tokens and exceptions before any normalization; preserve product identity and URL history. Do not draft replacement titles in Round 1.
- acceptance_criteria: Complete set-family inventory, approved naming standard, exception list and regression set are Second Reviewed.
- google_basis: PROJECT_DECISION
- google_reference: NOT_APPLICABLE
- seo_owner_current: CONTENT for visible H1; metadata owner UNKNOWN_NEEDS_VERIFICATION
- seo_owner_target: CONTENT for approved visible naming; RANK_MATH for metadata where capable
- rank_math_capability_checked: BLOCKED_BY_ACCESS (see SYS-001)
- rank_math_path_or_reason_not_used: Capability/current owner unavailable.",MEASURED,P2,FAMILY,OPEN,INITIAL — inventory set-family title tokens and exceptions before any normalization,pages/products/WP-12602.md
WP-12605,products,https://www.mariwork.ir/shop/eight-color-set/,WP-12605-F001,severity: P1,"#### WP-12605-F001
- severity: P1
- scope: PAGE
- status: CONFIRMED
- evidence_class: MEASURED
- confidence: MEDIUM
- source_refs: [INPUT:evidence:WP-12605, registry:SYS-004]
- impact: No schema type was parsed from supplied initial HTML; Product/Offer/bundle identity, price/currency, availability, image and visible-data consistency remain unverified.
- recommendation: INITIAL — validate rendered/source structured data and current Woo values; use one verified Rank Math/schema owner and preserve only real visible values.
- acceptance_criteria: Structured-data output, owner and set contents values are evidenced and consistent; no unsupported claims are introduced.
- google_basis: GOOGLE_RECOMMENDED
- google_reference: https://developers.google.com/search/docs/appearance/structured-data/product
- seo_owner_current: UNKNOWN_NEEDS_VERIFICATION
- seo_owner_target: RANK_MATH where capable; otherwise documented central integration
- rank_math_capability_checked: BLOCKED_BY_ACCESS (SYS-001)
- rank_math_path_or_reason_not_used: Production Rank Math version/modules and output pipeline inaccessible.",MEASURED,P1,PAGE,CONFIRMED,INITIAL — validate rendered/source structured data and current Woo values,pages/products/WP-12605.md
WP-12605,products,https://www.mariwork.ir/shop/eight-color-set/,WP-12605-F002,severity: P2,"#### WP-12605-F002
- severity: P2
- scope: FAMILY
- status: OPEN
- evidence_class: MEASURED
- confidence: MEDIUM
- source_refs: [INPUT:evidence:WP-12605, registry:SYS-008]
- impact: Repeated family pattern observed; set/bundle contents and offer consistency is not measured in this batch.
- recommendation: INITIAL — inventory the complete family before title, H1, copy or link edits; do not mass-edit from this batch.
- acceptance_criteria: Family inventory records distinctions, approved naming/content rules, exceptions and regression set; Second Review complete.
- google_basis: GOOGLE_CONSISTENT
- google_reference: https://developers.google.com/search/docs/fundamentals/seo-starter-guide
- seo_owner_current: CONTENT/UNKNOWN_NEEDS_VERIFICATION
- seo_owner_target: CONTENT for visible content; RANK_MATH for approved metadata where capable
- rank_math_capability_checked: BLOCKED_BY_ACCESS (SYS-001)
- rank_math_path_or_reason_not_used: Ownership/configuration unavailable.",MEASURED,P2,FAMILY,OPEN,"INITIAL — inventory the complete family before title, H1, copy or link edits",pages/products/WP-12605.md
WP-12608,products,https://www.mariwork.ir/shop/set-12-colors-mariwork-fabric-color/,WP-12608-F001,severity: P1,"#### WP-12608-F001
- severity: P1
- scope: PAGE
- status: OPEN
- evidence_class: MEASURED
- confidence: MEDIUM
- source_refs: `INPUT:evidence`; `HTML:schema_types=[]`; `registry:SYS-004`
- impact: No parsed structured-data type was observed despite visible product, contents, price and purchase information; Product/Offer markup and consistency cannot be verified from supplied initial HTML.
- recommendation: INITIAL — validate rendered/initial HTML and the Woo/Rank Math schema pipeline, including unique identity, price, currency, availability and images; use one verified owner only.
- acceptance_criteria: Schema owner/output and consistency are evidenced, with a product regression set and no invented review/rating/shipping data.
- google_basis: GOOGLE_CONSISTENT
- google_reference: https://developers.google.com/search/docs/appearance/structured-data/product
- seo_owner_current: UNKNOWN_NEEDS_VERIFICATION
- seo_owner_target: RANK_MATH where verified; otherwise documented Woo/platform owner
- rank_math_capability_checked: BLOCKED_BY_ACCESS (see SYS-001)
- rank_math_path_or_reason_not_used: Production version/modules and output pipeline unavailable.",MEASURED,P1,PAGE,OPEN,"INITIAL — validate rendered/initial HTML and the Woo/Rank Math schema pipeline, including unique identity, price, currency, availability and images",pages/products/WP-12608.md
WP-12608,products,https://www.mariwork.ir/shop/set-12-colors-mariwork-fabric-color/,WP-12608-F002,severity: P2,"#### WP-12608-F002
- severity: P2
- scope: FAMILY
- status: OPEN
- evidence_class: MEASURED
- confidence: MEDIUM
- source_refs: `INPUT:evidence`; `registry:SYS-008`
- impact: The 12-color set naming differs from the sampled 6-color set naming; family-wide token/order consistency is not established.
- recommendation: INITIAL — compare all set-family titles/H1s, volumes, color counts and documented exceptions before considering any metadata or visible-name change.
- acceptance_criteria: Family inventory and approved naming standard are Second Reviewed with regression examples.
- google_basis: PROJECT_DECISION
- google_reference: NOT_APPLICABLE
- seo_owner_current: CONTENT for visible H1; metadata owner UNKNOWN_NEEDS_VERIFICATION
- seo_owner_target: CONTENT for approved visible naming; RANK_MATH for metadata where capable
- rank_math_capability_checked: BLOCKED_BY_ACCESS (see SYS-001)
- rank_math_path_or_reason_not_used: Capability/current owner unavailable.",MEASURED,P2,FAMILY,OPEN,"INITIAL — compare all set-family titles/H1s, volumes, color counts and documented exceptions before considering any metadata or visible-name change.",pages/products/WP-12608.md
WP-13295,articles,https://www.mariwork.ir/mag/articles/the-difference-between-artistic-fabric-colors-and-industrial-fabric-colors/,WP-13295-F001,Article-family structured-data and ownership evidence gap,"#### WP-13295-F001 — Article-family structured-data and ownership evidence gap

```yaml
severity: P2
scope: FAMILY
status: OPEN
evidence_class: OBSERVED
confidence: HIGH
source_refs: [""WP-13295 supplied evidence"", ""SYS-004""]
seo_owner_current: UNKNOWN_NEEDS_VERIFICATION
seo_owner_target: RANK_MATH where capability is verified; otherwise UNKNOWN_NEEDS_VERIFICATION
rank_math_capability_checked: BLOCKED_BY_ACCESS
rank_math_path_or_reason_not_used: Production Rank Math configuration/modules unavailable
google_basis: GOOGLE_CONSISTENT
google_reference: https://developers.google.com/search/docs/appearance/structured-data/intro-structured-data
```
**Evidence:** `schema_types: []`; no Rank Math configuration evidence supplied.
**Impact:** Structured-data presence, type, and ownership cannot be assessed from this snapshot.
**Recommendation:** INITIAL — verify parsed JSON-LD/microdata and Rank Math ownership for the article family before proposing changes; do not add duplicate output.
**Acceptance criteria:** Family regression set records actual schema, visible consistency, current owner, Rank Math capability, and conflicts.",OBSERVED,P2,FAMILY,OPEN,,pages/articles/WP-13295.md
WP-13295,articles,https://www.mariwork.ir/mag/articles/the-difference-between-artistic-fabric-colors-and-industrial-fabric-colors/,WP-13295-F002,Missing image ALT values,"#### WP-13295-F002 — Missing image ALT values

```yaml
severity: P2
scope: PAGE
status: CONFIRMED
evidence_class: MEASURED
confidence: HIGH
source_refs: [""WP-13295 supplied evidence""]
google_basis: GOOGLE_RECOMMENDED
google_reference: https://developers.google.com/search/docs/appearance/google-images
```
**Evidence:** 5 of 10 images are reported missing ALT.
**Impact:** Image context/accessibility is incomplete for those images.
**Recommendation:** INITIAL — review each missing ALT against the actual image and add concise descriptive ALT only where the image conveys page-relevant information; decorative images may remain empty.
**Acceptance criteria:** Sampled article images have evidence-based ALT decisions with no invented image facts.",MEASURED,P2,PAGE,CONFIRMED,,pages/articles/WP-13295.md
WP-13295,articles,https://www.mariwork.ir/mag/articles/the-difference-between-artistic-fabric-colors-and-industrial-fabric-colors/,WP-13295-F003,Safety and technical claims need source/accuracy review,"#### WP-13295-F003 — Safety and technical claims need source/accuracy review

```yaml
severity: P2
scope: PAGE
status: HYPOTHESIS
evidence_class: OBSERVED
confidence: MEDIUM
source_refs: [""WP-13295 supplied text_excerpt""]
google_basis: GOOGLE_CONSISTENT
google_reference: https://developers.google.com/search/docs/fundamentals/creating-helpful-content
```
**Evidence:** Excerpt makes health/safety and chemical-behavior claims about industrial/reactive dyes; no supporting source or reviewer evidence is supplied.
**Impact:** Accuracy and user-safety reliability cannot be confirmed.
**Recommendation:** INITIAL — independent subject-matter/source review before any content decision; do not strengthen or repeat unsupported claims.
**Acceptance criteria:** Each material safety claim has an approved source or is qualified/removed during Second Review.",OBSERVED,P2,PAGE,HYPOTHESIS,,pages/articles/WP-13295.md
WP-13305,articles,https://www.mariwork.ir/mag/articles/the-difference-between-acrylic-colors-and-fabric-colors/,WP-13305-F001,Article-family structured-data and ownership evidence gap,"#### WP-13305-F001 — Article-family structured-data and ownership evidence gap
```yaml
severity: P2
scope: FAMILY
status: OPEN
evidence_class: OBSERVED
confidence: HIGH
source_refs: [""WP-13305 supplied evidence"", ""SYS-004""]
seo_owner_current: UNKNOWN_NEEDS_VERIFICATION
seo_owner_target: RANK_MATH where capability is verified; otherwise UNKNOWN_NEEDS_VERIFICATION
rank_math_capability_checked: BLOCKED_BY_ACCESS
rank_math_path_or_reason_not_used: Production Rank Math configuration/modules unavailable
google_basis: GOOGLE_CONSISTENT
google_reference: https://developers.google.com/search/docs/appearance/structured-data/intro-structured-data
```
**Evidence:** `schema_types: []`; Rank Math settings/owner are unavailable.
**Impact:** Schema and ownership cannot be confirmed.
**Recommendation:** INITIAL — verify actual JSON-LD/microdata and Rank Math ownership at family level; avoid duplicate output.
**Acceptance criteria:** Family regression set records schema, consistency, owner, capability, and conflicts.",OBSERVED,P2,FAMILY,OPEN,,pages/articles/WP-13305.md
WP-13305,articles,https://www.mariwork.ir/mag/articles/the-difference-between-acrylic-colors-and-fabric-colors/,WP-13305-F002,Missing image ALT values,"#### WP-13305-F002 — Missing image ALT values
```yaml
severity: P2
scope: PAGE
status: CONFIRMED
evidence_class: MEASURED
confidence: HIGH
source_refs: [""WP-13305 supplied evidence""]
google_basis: GOOGLE_RECOMMENDED
google_reference: https://developers.google.com/search/docs/appearance/google-images
```
**Evidence:** 6 of 11 images are reported missing ALT.
**Impact:** Image context/accessibility is incomplete.
**Recommendation:** INITIAL — review image purpose and add descriptive ALT only where warranted; retain empty ALT for decorative images.
**Acceptance criteria:** Every article image has an evidence-based ALT decision.",MEASURED,P2,PAGE,CONFIRMED,,pages/articles/WP-13305.md
WP-13305,articles,https://www.mariwork.ir/mag/articles/the-difference-between-acrylic-colors-and-fabric-colors/,WP-13305-F003,Article content structure requires independent review,"#### WP-13305-F003 — Article content structure requires independent review
```yaml
severity: P2
scope: PAGE
status: HYPOTHESIS
evidence_class: OBSERVED
confidence: MEDIUM
source_refs: [""WP-13305 supplied evidence""]
google_basis: GOOGLE_CONSISTENT
google_reference: https://developers.google.com/search/docs/fundamentals/creating-helpful-content
```
**Evidence:** Supplied heading extraction contains only the H1 and comment/footer H2s; the excerpt indicates a comparison article but not a verifiable section hierarchy.
**Impact:** Coverage and scanability of the comparison cannot be assessed from the snapshot.
**Recommendation:** INITIAL — Second Review should inspect full visible content and confirm whether distinct comparison sections answer the user’s decision problem.
**Acceptance criteria:** Review records evidence-backed section coverage and any factual gaps without prescribing keyword or word-count targets.",OBSERVED,P2,PAGE,HYPOTHESIS,,pages/articles/WP-13305.md
WP-13312,articles,https://www.mariwork.ir/mag/articles/suitable-fabrics-for-painting-and-printing-on-fabric/,WP-13312-F001,Article-family structured-data and ownership evidence gap,"#### WP-13312-F001 — Article-family structured-data and ownership evidence gap
```yaml
severity: P2
scope: FAMILY
status: OPEN
evidence_class: OBSERVED
confidence: HIGH
source_refs: [""WP-13312 supplied evidence"", ""SYS-004""]
seo_owner_current: UNKNOWN_NEEDS_VERIFICATION
seo_owner_target: RANK_MATH where capability is verified; otherwise UNKNOWN_NEEDS_VERIFICATION
rank_math_capability_checked: BLOCKED_BY_ACCESS
rank_math_path_or_reason_not_used: Production Rank Math configuration/modules unavailable
google_basis: GOOGLE_CONSISTENT
google_reference: https://developers.google.com/search/docs/appearance/structured-data/intro-structured-data
```
**Evidence:** `schema_types: []`; Rank Math settings unavailable.
**Impact:** Structured-data presence and owner are unverified.
**Recommendation:** INITIAL — verify family output and Rank Math ownership before any technical change.
**Acceptance criteria:** Schema, consistency, owner, capability, and conflicts are recorded for the family.",OBSERVED,P2,FAMILY,OPEN,,pages/articles/WP-13312.md
WP-13312,articles,https://www.mariwork.ir/mag/articles/suitable-fabrics-for-painting-and-printing-on-fabric/,WP-13312-F002,Missing image ALT values,"#### WP-13312-F002 — Missing image ALT values
```yaml
severity: P2
scope: PAGE
status: CONFIRMED
evidence_class: MEASURED
confidence: HIGH
source_refs: [""WP-13312 supplied evidence""]
google_basis: GOOGLE_RECOMMENDED
google_reference: https://developers.google.com/search/docs/appearance/google-images
```
**Evidence:** 6 of 11 images are reported missing ALT.
**Impact:** Image context/accessibility is incomplete.
**Recommendation:** INITIAL — review image purpose and set evidence-based ALT decisions.
**Acceptance criteria:** No missing ALT remains unexplained for meaningful images; decorative images are handled appropriately.",MEASURED,P2,PAGE,CONFIRMED,,pages/articles/WP-13312.md
WP-13312,articles,https://www.mariwork.ir/mag/articles/suitable-fabrics-for-painting-and-printing-on-fabric/,WP-13312-F003,Instructional accuracy and section coverage need review,"#### WP-13312-F003 — Instructional accuracy and section coverage need review
```yaml
severity: P2
scope: PAGE
status: HYPOTHESIS
evidence_class: OBSERVED
confidence: MEDIUM
source_refs: [""WP-13312 supplied evidence""]
google_basis: GOOGLE_CONSISTENT
google_reference: https://developers.google.com/search/docs/fundamentals/creating-helpful-content
```
**Evidence:** Excerpt includes material-selection instructions; extracted headings do not expose article subheadings.
**Impact:** Completeness and instructional clarity cannot be verified from the supplied snapshot.
**Recommendation:** INITIAL — Second Review should verify the advice against the full article and distinguish beginner guidance from unsupported generalization.
**Acceptance criteria:** Evidence-backed coverage and any factual qualifiers are recorded; no word-count target is introduced.",OBSERVED,P2,PAGE,HYPOTHESIS,,pages/articles/WP-13312.md
WP-13316,articles,https://www.mariwork.ir/mag/articles/introducing-printing-and-painting-tools-on-fabric/,WP-13316-F001,Article-family structured-data and ownership evidence gap,"#### WP-13316-F001 — Article-family structured-data and ownership evidence gap
```yaml
severity: P2
scope: FAMILY
status: OPEN
evidence_class: OBSERVED
confidence: HIGH
source_refs: [""WP-13316 supplied evidence"", ""SYS-004""]
seo_owner_current: UNKNOWN_NEEDS_VERIFICATION
seo_owner_target: RANK_MATH where capability is verified; otherwise UNKNOWN_NEEDS_VERIFICATION
rank_math_capability_checked: BLOCKED_BY_ACCESS
rank_math_path_or_reason_not_used: Production Rank Math configuration/modules unavailable
google_basis: GOOGLE_CONSISTENT
google_reference: https://developers.google.com/search/docs/appearance/structured-data/intro-structured-data
```
**Evidence:** `schema_types: []`; configuration unavailable.
**Impact:** Schema and ownership cannot be confirmed.
**Recommendation:** INITIAL — verify article-family schema and Rank Math ownership; do not create parallel output.
**Acceptance criteria:** Family regression evidence covers schema, consistency, owner, and conflicts.",OBSERVED,P2,FAMILY,OPEN,,pages/articles/WP-13316.md
WP-13316,articles,https://www.mariwork.ir/mag/articles/introducing-printing-and-painting-tools-on-fabric/,WP-13316-F002,Missing image ALT values,"#### WP-13316-F002 — Missing image ALT values
```yaml
severity: P2
scope: PAGE
status: CONFIRMED
evidence_class: MEASURED
confidence: HIGH
source_refs: [""WP-13316 supplied evidence""]
google_basis: GOOGLE_RECOMMENDED
google_reference: https://developers.google.com/search/docs/appearance/google-images
```
**Evidence:** 6 of 11 images are reported missing ALT.
**Impact:** Image context/accessibility is incomplete.
**Recommendation:** INITIAL — review image purpose and record evidence-based ALT decisions.
**Acceptance criteria:** Meaningful images have descriptive ALT decisions; decorative images are not assigned invented descriptions.",MEASURED,P2,PAGE,CONFIRMED,,pages/articles/WP-13316.md
WP-13316,articles,https://www.mariwork.ir/mag/articles/introducing-printing-and-painting-tools-on-fabric/,WP-13316-F003,Tool guidance requires content/source review,"#### WP-13316-F003 — Tool guidance requires content/source review
```yaml
severity: P2
scope: PAGE
status: HYPOTHESIS
evidence_class: OBSERVED
confidence: MEDIUM
source_refs: [""WP-13316 supplied evidence""]
google_basis: GOOGLE_CONSISTENT
google_reference: https://developers.google.com/search/docs/fundamentals/creating-helpful-content
```
**Evidence:** Excerpt gives tool recommendations and use context, but no source/author evidence is supplied.
**Impact:** Practical accuracy and product-context reliability are unverified.
**Recommendation:** INITIAL — Second Review should verify each recommendation against observable use cases and current product facts.
**Acceptance criteria:** Claims are supported, qualified, or flagged for verification without drafting replacement copy.",OBSERVED,P2,PAGE,HYPOTHESIS,,pages/articles/WP-13316.md
WP-13318,articles,https://www.mariwork.ir/mag/articles/characteristics-of-good-fabric-color-and-its-difference-with-bad-fabric-color/,WP-13318-F001,Article-family structured-data and ownership evidence gap,"#### WP-13318-F001 — Article-family structured-data and ownership evidence gap
```yaml
severity: P2
scope: FAMILY
status: OPEN
evidence_class: OBSERVED
confidence: HIGH
source_refs: [""WP-13318 supplied evidence"", ""SYS-004""]
seo_owner_current: UNKNOWN_NEEDS_VERIFICATION
seo_owner_target: RANK_MATH where capability is verified; otherwise UNKNOWN_NEEDS_VERIFICATION
rank_math_capability_checked: BLOCKED_BY_ACCESS
rank_math_path_or_reason_not_used: Production Rank Math configuration/modules unavailable
google_basis: GOOGLE_CONSISTENT
google_reference: https://developers.google.com/search/docs/appearance/structured-data/intro-structured-data
```
**Evidence:** `schema_types: []`; owner/configuration unavailable.
**Impact:** Structured-data and ownership state are unverified.
**Recommendation:** INITIAL — verify article-family schema and Rank Math ownership before any change.
**Acceptance criteria:** Schema, consistency, owner, capability, and conflicts are recorded.",OBSERVED,P2,FAMILY,OPEN,,pages/articles/WP-13318.md
WP-13318,articles,https://www.mariwork.ir/mag/articles/characteristics-of-good-fabric-color-and-its-difference-with-bad-fabric-color/,WP-13318-F002,Missing image ALT values,"#### WP-13318-F002 — Missing image ALT values
```yaml
severity: P2
scope: PAGE
status: CONFIRMED
evidence_class: MEASURED
confidence: HIGH
source_refs: [""WP-13318 supplied evidence""]
google_basis: GOOGLE_RECOMMENDED
google_reference: https://developers.google.com/search/docs/appearance/google-images
```
**Evidence:** 6 of 13 images are reported missing ALT.
**Impact:** Image context/accessibility is incomplete.
**Recommendation:** INITIAL — review image purpose and record evidence-based ALT decisions.
**Acceptance criteria:** Meaningful images have descriptive ALT decisions; decorative images are handled appropriately.",MEASURED,P2,PAGE,CONFIRMED,,pages/articles/WP-13318.md
WP-13318,articles,https://www.mariwork.ir/mag/articles/characteristics-of-good-fabric-color-and-its-difference-with-bad-fabric-color/,WP-13318-F003,Quality claims require evidence review,"#### WP-13318-F003 — Quality claims require evidence review
```yaml
severity: P2
scope: PAGE
status: HYPOTHESIS
evidence_class: OBSERVED
confidence: MEDIUM
source_refs: [""WP-13318 supplied evidence""]
google_basis: GOOGLE_CONSISTENT
google_reference: https://developers.google.com/search/docs/fundamentals/creating-helpful-content
```
**Evidence:** Excerpt describes quality characteristics such as clarity, concentration, economy, and wash performance; supporting tests are not supplied.
**Impact:** Claims cannot be independently validated from Round-1 evidence.
**Recommendation:** INITIAL — verify claims and disclose basis before content decisions.
**Acceptance criteria:** Material claims have approved evidence or are explicitly qualified during Second Review.",OBSERVED,P2,PAGE,HYPOTHESIS,,pages/articles/WP-13318.md
WP-13320,articles,https://www.mariwork.ir/mag/articles/fabric-preparation/,WP-13320-F001,Article-family structured-data and ownership evidence gap,"#### WP-13320-F001 — Article-family structured-data and ownership evidence gap
```yaml
severity: P2
scope: FAMILY
status: OPEN
evidence_class: OBSERVED
confidence: HIGH
source_refs: [""WP-13320 supplied evidence"", ""SYS-004""]
seo_owner_current: UNKNOWN_NEEDS_VERIFICATION
seo_owner_target: RANK_MATH where capability is verified; otherwise UNKNOWN_NEEDS_VERIFICATION
rank_math_capability_checked: BLOCKED_BY_ACCESS
rank_math_path_or_reason_not_used: Production Rank Math configuration/modules unavailable
google_basis: GOOGLE_CONSISTENT
google_reference: https://developers.google.com/search/docs/appearance/structured-data/intro-structured-data
```
**Evidence:** `schema_types: []`; owner/configuration unavailable.
**Impact:** Schema and ownership state are unverified.
**Recommendation:** INITIAL — verify family output and Rank Math ownership before technical recommendations.
**Acceptance criteria:** Schema, consistency, owner, capability, and conflicts are evidenced.",OBSERVED,P2,FAMILY,OPEN,,pages/articles/WP-13320.md
WP-13320,articles,https://www.mariwork.ir/mag/articles/fabric-preparation/,WP-13320-F002,Missing image ALT values,"#### WP-13320-F002 — Missing image ALT values
```yaml
severity: P2
scope: PAGE
status: CONFIRMED
evidence_class: MEASURED
confidence: HIGH
source_refs: [""WP-13320 supplied evidence""]
google_basis: GOOGLE_RECOMMENDED
google_reference: https://developers.google.com/search/docs/appearance/google-images
```
**Evidence:** 7 of 11 images are reported missing ALT.
**Impact:** Image context/accessibility is incomplete.
**Recommendation:** INITIAL — review image purpose and record evidence-based ALT decisions.
**Acceptance criteria:** Meaningful images have descriptive ALT decisions; decorative images are handled appropriately.",MEASURED,P2,PAGE,CONFIRMED,,pages/articles/WP-13320.md
WP-13320,articles,https://www.mariwork.ir/mag/articles/fabric-preparation/,WP-13320-F003,Instructional claims require accuracy review,"#### WP-13320-F003 — Instructional claims require accuracy review
```yaml
severity: P2
scope: PAGE
status: HYPOTHESIS
evidence_class: OBSERVED
confidence: MEDIUM
source_refs: [""WP-13320 supplied evidence""]
google_basis: GOOGLE_CONSISTENT
google_reference: https://developers.google.com/search/docs/fundamentals/creating-helpful-content
```
**Evidence:** Excerpt gives washing/preparation advice and claims about sizing/material removal; source/reviewer evidence is not supplied.
**Impact:** User-facing instructions cannot be fully validated.
**Recommendation:** INITIAL — verify advice with an appropriate subject-matter review before any content change.
**Acceptance criteria:** Each material instruction has an evidence basis or is flagged for verification.",OBSERVED,P2,PAGE,HYPOTHESIS,,pages/articles/WP-13320.md
WP-13798,static,https://www.mariwork.ir/why-mariwork/,WP-13798-F001,No structured-data type observed in initial HTML,"#### WP-13798-F001 — No structured-data type observed in initial HTML
```yaml
severity: P2
scope: PAGE
status: CONFIRMED
evidence_class: OBSERVED
confidence: HIGH
source_refs: [""INPUT:evidence.schema_types"", ""SYS-004""]
impact: Structured-data behavior and visible/schema consistency cannot be assessed from observed output; no ranking or rich-result causation is claimed.
recommendation: INITIAL — verify whether supported structured data is appropriate, then use one verified Rank Math owner if applicable.
acceptance_criteria: Any selected type is supported by visible facts, has one owner, and passes consistency checks.
google_basis: GOOGLE_CONSISTENT
google_reference: https://developers.google.com/search/docs/appearance/structured-data/intro-structured-data
seo_owner_current: UNKNOWN_NEEDS_VERIFICATION
seo_owner_target: RANK_MATH where capability is verified
rank_math_capability_checked: BLOCKED_BY_ACCESS
rank_math_path_or_reason_not_used: Installed modules/configuration unavailable
```",OBSERVED,P2,PAGE,CONFIRMED,"INITIAL — verify whether supported structured data is appropriate, then use one verified Rank Math owner if applicable.",pages/static/WP-13798.md
WP-13798,static,https://www.mariwork.ir/why-mariwork/,WP-13798-F002,Product-characteristic claims require source verification before reuse,"#### WP-13798-F002 — Product-characteristic claims require source verification before reuse
```yaml
severity: P2
scope: PAGE
status: HYPOTHESIS
evidence_class: OBSERVED
confidence: MEDIUM
source_refs: [""INPUT:evidence.text_excerpt"", ""INPUT:evidence.headings""]
impact: Material claims are visible but supporting test/source evidence is not supplied; factual correctness is unresolved.
recommendation: INITIAL — fact-check retained claims against approved manufacturer/product evidence; do not expand or repurpose them yet.
acceptance_criteria: Each retained material claim has an approved source or is qualified/removed.
google_basis: GOOGLE_CONSISTENT
google_reference: https://developers.google.com/search/docs/fundamentals/creating-helpful-content
seo_owner_current: CONTENT
seo_owner_target: CONTENT
rank_math_capability_checked: NOT_APPLICABLE_FOR_VISIBLE_FACTS
rank_math_path_or_reason_not_used: Visible editorial content is not a metadata control
```",OBSERVED,P2,PAGE,HYPOTHESIS,INITIAL — fact-check retained claims against approved manufacturer/product evidence,pages/static/WP-13798.md
WP-14446,products,https://www.mariwork.ir/shop/yellow_fluorescent_100/,WP-14446-F001,severity: P1,"#### WP-14446-F001
- severity: P1
- scope: PAGE
- status: CONFIRMED
- evidence_class: MEASURED
- confidence: MEDIUM
- source_refs: [INPUT:evidence:WP-14446, registry:SYS-004]
- impact: No schema type was parsed from supplied initial HTML; Product/Offer/variant identity, price/currency, availability, image and visible-data consistency remain unverified.
- recommendation: INITIAL — validate rendered/source structured data and current Woo values; use one verified Rank Math/schema owner and preserve only real visible values.
- acceptance_criteria: Structured-data output, owner and variant/offer values are evidenced and consistent; no unsupported claims are introduced.
- google_basis: GOOGLE_RECOMMENDED
- google_reference: https://developers.google.com/search/docs/appearance/structured-data/product
- seo_owner_current: UNKNOWN_NEEDS_VERIFICATION
- seo_owner_target: RANK_MATH where capable; otherwise documented central integration
- rank_math_capability_checked: BLOCKED_BY_ACCESS (SYS-001)
- rank_math_path_or_reason_not_used: Production Rank Math version/modules and output pipeline inaccessible.",MEASURED,P1,PAGE,CONFIRMED,INITIAL — validate rendered/source structured data and current Woo values,pages/products/WP-14446.md
WP-14446,products,https://www.mariwork.ir/shop/yellow_fluorescent_100/,WP-14446-F002,severity: P2,"#### WP-14446-F002
- severity: P2
- scope: FAMILY
- status: OPEN
- evidence_class: MEASURED
- confidence: MEDIUM
- source_refs: [INPUT:evidence:WP-14446, registry:SYS-008]
- impact: Repeated family pattern observed; fabric-color naming consistency and differentiated information gain is not measured in this batch.
- recommendation: INITIAL — inventory the complete family before title, H1, copy or link edits; do not mass-edit from this batch.
- acceptance_criteria: Family inventory records distinctions, approved naming/content rules, exceptions and regression set; Second Review complete.
- google_basis: GOOGLE_CONSISTENT
- google_reference: https://developers.google.com/search/docs/fundamentals/seo-starter-guide
- seo_owner_current: CONTENT/UNKNOWN_NEEDS_VERIFICATION
- seo_owner_target: CONTENT for visible content; RANK_MATH for approved metadata where capable
- rank_math_capability_checked: BLOCKED_BY_ACCESS (SYS-001)
- rank_math_path_or_reason_not_used: Ownership/configuration unavailable.",MEASURED,P2,FAMILY,OPEN,"INITIAL — inventory the complete family before title, H1, copy or link edits",pages/products/WP-14446.md
WP-14448,products,https://www.mariwork.ir/shop/orange_fluorescent_101/,WP-14448-F001,severity: P1,"#### WP-14448-F001
- severity: P1
- scope: PAGE
- status: CONFIRMED
- evidence_class: MEASURED
- confidence: MEDIUM
- source_refs: [INPUT:evidence:WP-14448, registry:SYS-004]
- impact: No schema type was parsed from supplied initial HTML; Product/Offer/variant identity, price/currency, availability, image and visible-data consistency remain unverified.
- recommendation: INITIAL — validate rendered/source structured data and current Woo values; use one verified Rank Math/schema owner and preserve only real visible values.
- acceptance_criteria: Structured-data output, owner and variant/offer values are evidenced and consistent; no unsupported claims are introduced.
- google_basis: GOOGLE_RECOMMENDED
- google_reference: https://developers.google.com/search/docs/appearance/structured-data/product
- seo_owner_current: UNKNOWN_NEEDS_VERIFICATION
- seo_owner_target: RANK_MATH where capable; otherwise documented central integration
- rank_math_capability_checked: BLOCKED_BY_ACCESS (SYS-001)
- rank_math_path_or_reason_not_used: Production Rank Math version/modules and output pipeline inaccessible.",MEASURED,P1,PAGE,CONFIRMED,INITIAL — validate rendered/source structured data and current Woo values,pages/products/WP-14448.md
WP-14448,products,https://www.mariwork.ir/shop/orange_fluorescent_101/,WP-14448-F002,severity: P2,"#### WP-14448-F002
- severity: P2
- scope: FAMILY
- status: OPEN
- evidence_class: MEASURED
- confidence: MEDIUM
- source_refs: [INPUT:evidence:WP-14448, registry:SYS-008]
- impact: Repeated family pattern observed; fabric-color naming consistency and differentiated information gain is not measured in this batch.
- recommendation: INITIAL — inventory the complete family before title, H1, copy or link edits; do not mass-edit from this batch.
- acceptance_criteria: Family inventory records distinctions, approved naming/content rules, exceptions and regression set; Second Review complete.
- google_basis: GOOGLE_CONSISTENT
- google_reference: https://developers.google.com/search/docs/fundamentals/seo-starter-guide
- seo_owner_current: CONTENT/UNKNOWN_NEEDS_VERIFICATION
- seo_owner_target: CONTENT for visible content; RANK_MATH for approved metadata where capable
- rank_math_capability_checked: BLOCKED_BY_ACCESS (SYS-001)
- rank_math_path_or_reason_not_used: Ownership/configuration unavailable.",MEASURED,P2,FAMILY,OPEN,"INITIAL — inventory the complete family before title, H1, copy or link edits",pages/products/WP-14448.md
WP-14449,products,https://www.mariwork.ir/shop/green_fluorescent_102/,WP-14449-F001,severity: P1,"#### WP-14449-F001
- severity: P1
- scope: PAGE
- status: CONFIRMED
- evidence_class: MEASURED
- confidence: MEDIUM
- source_refs: [INPUT:evidence:WP-14449, registry:SYS-004]
- impact: No schema type was parsed from supplied initial HTML; Product/Offer/variant identity, price/currency, availability, image and visible-data consistency remain unverified.
- recommendation: INITIAL — validate rendered/source structured data and current Woo values; use one verified Rank Math/schema owner and preserve only real visible values.
- acceptance_criteria: Structured-data output, owner and variant/offer values are evidenced and consistent; no unsupported claims are introduced.
- google_basis: GOOGLE_RECOMMENDED
- google_reference: https://developers.google.com/search/docs/appearance/structured-data/product
- seo_owner_current: UNKNOWN_NEEDS_VERIFICATION
- seo_owner_target: RANK_MATH where capable; otherwise documented central integration
- rank_math_capability_checked: BLOCKED_BY_ACCESS (SYS-001)
- rank_math_path_or_reason_not_used: Production Rank Math version/modules and output pipeline inaccessible.",MEASURED,P1,PAGE,CONFIRMED,INITIAL — validate rendered/source structured data and current Woo values,pages/products/WP-14449.md
WP-14449,products,https://www.mariwork.ir/shop/green_fluorescent_102/,WP-14449-F002,severity: P2,"#### WP-14449-F002
- severity: P2
- scope: FAMILY
- status: OPEN
- evidence_class: MEASURED
- confidence: MEDIUM
- source_refs: [INPUT:evidence:WP-14449, registry:SYS-008]
- impact: Repeated family pattern observed; fabric-color naming consistency and differentiated information gain is not measured in this batch.
- recommendation: INITIAL — inventory the complete family before title, H1, copy or link edits; do not mass-edit from this batch.
- acceptance_criteria: Family inventory records distinctions, approved naming/content rules, exceptions and regression set; Second Review complete.
- google_basis: GOOGLE_CONSISTENT
- google_reference: https://developers.google.com/search/docs/fundamentals/seo-starter-guide
- seo_owner_current: CONTENT/UNKNOWN_NEEDS_VERIFICATION
- seo_owner_target: CONTENT for visible content; RANK_MATH for approved metadata where capable
- rank_math_capability_checked: BLOCKED_BY_ACCESS (SYS-001)
- rank_math_path_or_reason_not_used: Ownership/configuration unavailable.",MEASURED,P2,FAMILY,OPEN,"INITIAL — inventory the complete family before title, H1, copy or link edits",pages/products/WP-14449.md
WP-14450,products,https://www.mariwork.ir/shop/pink_fluorescent_103/,WP-14450-F001,Conflicting legacy URL evidence requires verification,"#### WP-14450-F001 — Conflicting legacy URL evidence requires verification

```yaml
severity: P1
scope: PAGE
status: BLOCKED
evidence_class: OBSERVED
confidence: HIGH
source_refs: [input.inventory.notes_excerpt, input.evidence.redirect_chain, input.evidence.canonical]
impact: The supplied history mentions a 60ml URL as LINK/CANONICAL/REDIRECT evidence while the current supplied snapshot is 200 with self-canonical and no redirect; entity-to-legacy mapping is not safely settled.
recommendation: INITIAL — verify each claimed legacy URL, destination, chain, and canonical before any migration or reporting of legacy metrics.
acceptance_criteria: Direct evidence records URL, status, destination, canonical destination, entity and mapping confidence.
google_basis: GOOGLE_CONSISTENT
google_reference: https://developers.google.com/search/docs/crawling-indexing/301-redirects
seo_owner_current: UNKNOWN_NEEDS_VERIFICATION
seo_owner_target: PLATFORM/server for redirects; RANK_MATH where supported for canonical controls
rank_math_capability_checked: BLOCKED_BY_ACCESS
rank_math_path_or_reason_not_used: Production configuration and redirect ownership were not supplied.
```

**Evidence:** Current snapshot reports 200/no redirect/self-canonical; inventory notes separately cite `pink_fluorescent_103_60ml/` as related redirect/canonical evidence.
**Impact:** Historical URL attribution and migration decisions could be wrong.
**Recommendation:** INITIAL — resolve the URL-history conflict in the next evidence pass; do not change URL or canonical in Round 1.
**Acceptance criteria:** See finding YAML.",OBSERVED,P1,PAGE,BLOCKED,"INITIAL — verify each claimed legacy URL, destination, chain, and canonical before any migration or reporting of legacy metrics.",pages/products/WP-14450.md
WP-14450,products,https://www.mariwork.ir/shop/pink_fluorescent_103/,WP-14450-F002,Product structured-data output is not evidenced,"#### WP-14450-F002 — Product structured-data output is not evidenced

```yaml
severity: P1
scope: FAMILY
status: BLOCKED
evidence_class: MEASURED
confidence: HIGH
source_refs: [input.evidence.schema_types, registry/SYSTEMIC-FINDINGS.md#SYS-004]
impact: Product rich-result eligibility and consistency cannot be assessed from the supplied parsed schema evidence.
recommendation: INITIAL — validate rendered/initial structured data and Rank Math/Woo ownership for a representative product regression set before any schema work.
acceptance_criteria: Product/variant identity, price, currency, availability, brand, images and visible consistency are evidenced; one owner is documented.
google_basis: GOOGLE_CONSISTENT
google_reference: https://developers.google.com/search/docs/appearance/structured-data/product-snippet
seo_owner_current: UNKNOWN_NEEDS_VERIFICATION
seo_owner_target: RANK_MATH where capable
rank_math_capability_checked: BLOCKED_BY_ACCESS
rank_math_path_or_reason_not_used: Installed version/modules and output owner unavailable.
```

**Evidence:** `schema_types: []`; family-level systemic reference SYS-004. This is an initial recommendation only.",MEASURED,P1,FAMILY,BLOCKED,INITIAL — validate rendered/initial structured data and Rank Math/Woo ownership for a representative product regression set before any schema work.,pages/products/WP-14450.md
WP-14465,products,https://www.mariwork.ir/shop/24color-set/,WP-14465-F001,Bundle component summary is internally unclear,"#### WP-14465-F001 — Bundle component summary is internally unclear

```yaml
severity: P2
scope: PAGE
status: OPEN
evidence_class: OBSERVED
confidence: HIGH
source_refs: [input.evidence.text_excerpt, input.evidence.headings]
impact: The visible bundle summary can be read as six items although the product is named 24-color and the excerpt separately shows 18 additional items; user/product-data consistency is unclear.
recommendation: INITIAL — reconcile visible component count with current Woo bundle data and expose one unambiguous count/list.
acceptance_criteria: Displayed count, component list and product data agree; verified facts only.
google_basis: GOOGLE_CONSISTENT
google_reference: https://developers.google.com/search/docs/appearance/structured-data/product-snippet
seo_owner_current: CONTENT/UNKNOWN_NEEDS_VERIFICATION
seo_owner_target: CONTENT plus Woo owner; RANK_MATH for metadata/schema where capable
rank_math_capability_checked: BLOCKED_BY_ACCESS
rank_math_path_or_reason_not_used: Woo data and Rank Math configuration were not supplied.
```",OBSERVED,P2,PAGE,OPEN,INITIAL — reconcile visible component count with current Woo bundle data and expose one unambiguous count/list.,pages/products/WP-14465.md
WP-14465,products,https://www.mariwork.ir/shop/24color-set/,WP-14465-F002,Product structured-data output is not evidenced,"#### WP-14465-F002 — Product structured-data output is not evidenced

```yaml
severity: P1
scope: FAMILY
status: BLOCKED
evidence_class: MEASURED
confidence: HIGH
source_refs: [input.evidence.schema_types, registry/SYSTEMIC-FINDINGS.md#SYS-004]
impact: Product/Offer/aggregate bundle consistency cannot be assessed.
recommendation: INITIAL — validate structured data and one SEO owner on a bundle regression set.
acceptance_criteria: Visible bundle identity, components, price/currency, availability, images and schema agree.
google_basis: GOOGLE_CONSISTENT
google_reference: https://developers.google.com/search/docs/appearance/structured-data/product-snippet
seo_owner_current: UNKNOWN_NEEDS_VERIFICATION
seo_owner_target: RANK_MATH where capable
rank_math_capability_checked: BLOCKED_BY_ACCESS
rank_math_path_or_reason_not_used: Installed capability/output owner unavailable.
```",MEASURED,P1,FAMILY,BLOCKED,INITIAL — validate structured data and one SEO owner on a bundle regression set.,pages/products/WP-14465.md
WP-14466,products,https://www.mariwork.ir/shop/a30-color-and-additives-set/,WP-14466-F001,Bundle component summary is internally unclear,"#### WP-14466-F001 — Bundle component summary is internally unclear

```yaml
severity: P2
scope: PAGE
status: OPEN
evidence_class: OBSERVED
confidence: HIGH
source_refs: [input.evidence.text_excerpt, input.evidence.headings]
impact: The visible summary presents six items while the named bundle contains 30 products and the excerpt shows 24 additional items; users may not receive a clear component count.
recommendation: INITIAL — reconcile visible count/list with Woo bundle data.
acceptance_criteria: Bundle count, component list and visible heading agree using verified data.
google_basis: GOOGLE_CONSISTENT
google_reference: https://developers.google.com/search/docs/appearance/structured-data/product-snippet
seo_owner_current: CONTENT/UNKNOWN_NEEDS_VERIFICATION
seo_owner_target: CONTENT plus Woo owner; RANK_MATH for metadata/schema where capable
rank_math_capability_checked: BLOCKED_BY_ACCESS
rank_math_path_or_reason_not_used: Woo data and Rank Math configuration unavailable.
```",OBSERVED,P2,PAGE,OPEN,INITIAL — reconcile visible count/list with Woo bundle data.,pages/products/WP-14466.md
WP-14466,products,https://www.mariwork.ir/shop/a30-color-and-additives-set/,WP-14466-F002,Product structured-data output is not evidenced,"#### WP-14466-F002 — Product structured-data output is not evidenced

```yaml
severity: P1
scope: FAMILY
status: BLOCKED
evidence_class: MEASURED
confidence: HIGH
source_refs: [input.evidence.schema_types, registry/SYSTEMIC-FINDINGS.md#SYS-004]
impact: Product/bundle structured-data consistency cannot be assessed.
recommendation: INITIAL — validate schema and ownership on the bundle regression set.
acceptance_criteria: Visible bundle identity, components, price/currency, availability, images and schema agree.
google_basis: GOOGLE_CONSISTENT
google_reference: https://developers.google.com/search/docs/appearance/structured-data/product-snippet
seo_owner_current: UNKNOWN_NEEDS_VERIFICATION
seo_owner_target: RANK_MATH where capable
rank_math_capability_checked: BLOCKED_BY_ACCESS
rank_math_path_or_reason_not_used: Installed capability/output owner unavailable.
```",MEASURED,P1,FAMILY,BLOCKED,INITIAL — validate schema and ownership on the bundle regression set.,pages/products/WP-14466.md
WP-14471,products,https://www.mariwork.ir/shop/5colorset/,WP-14471-F001,Legacy redirect is recorded but not independently validated,"#### WP-14471-F001 — Legacy redirect is recorded but not independently validated

```yaml
severity: P2
scope: PAGE
status: UNKNOWN_NEEDS_VERIFICATION
evidence_class: OBSERVED
confidence: MEDIUM
source_refs: [input.inventory.notes_excerpt, input.evidence.redirect_chain, input.evidence.canonical]
impact: A supplied 301 mapping exists, but chain behavior, source canonical and current redirect ownership are not independently verified in this run.
recommendation: INITIAL — verify direct 301, final canonical and entity mapping before any redirect change.
acceptance_criteria: One-hop/direct mapping is evidenced and destination is the intended entity; no unrelated metric join.
google_basis: GOOGLE_CONSISTENT
google_reference: https://developers.google.com/search/docs/crawling-indexing/301-redirects
seo_owner_current: UNKNOWN_NEEDS_VERIFICATION
seo_owner_target: PLATFORM/server for redirect; RANK_MATH where supported for canonical
rank_math_capability_checked: BLOCKED_BY_ACCESS
rank_math_path_or_reason_not_used: Redirect table/configuration unavailable.
```",OBSERVED,P2,PAGE,UNKNOWN_NEEDS_VERIFICATION,"INITIAL — verify direct 301, final canonical and entity mapping before any redirect change.",pages/products/WP-14471.md
WP-14471,products,https://www.mariwork.ir/shop/5colorset/,WP-14471-F002,Product structured-data output is not evidenced,"#### WP-14471-F002 — Product structured-data output is not evidenced

```yaml
severity: P1
scope: FAMILY
status: BLOCKED
evidence_class: MEASURED
confidence: HIGH
source_refs: [input.evidence.schema_types, registry/SYSTEMIC-FINDINGS.md#SYS-004]
impact: Product and variant structured-data consistency cannot be assessed.
recommendation: INITIAL — validate schema and Rank Math/Woo ownership on representative sets.
acceptance_criteria: Visible product, variants, price/currency, availability and images agree with one owner.
google_basis: GOOGLE_CONSISTENT
google_reference: https://developers.google.com/search/docs/appearance/structured-data/product-snippet
seo_owner_current: UNKNOWN_NEEDS_VERIFICATION
seo_owner_target: RANK_MATH where capable
rank_math_capability_checked: BLOCKED_BY_ACCESS
rank_math_path_or_reason_not_used: Installed capability/output owner unavailable.
```",MEASURED,P1,FAMILY,BLOCKED,INITIAL — validate schema and Rank Math/Woo ownership on representative sets.,pages/products/WP-14471.md
WP-14760,static,https://www.mariwork.ir/storesaddress/,WP-14760-F001,Store-location data freshness and map behavior are unverified,"#### WP-14760-F001 — Store-location data freshness and map behavior are unverified
```yaml
severity: P1
scope: PAGE
status: BLOCKED
evidence_class: OBSERVED
confidence: HIGH
source_refs: [""INPUT:evidence.text_excerpt"", ""INPUT:evidence.image_count""]
impact: User-facing listing accuracy and map destinations cannot be assessed; no listing is declared incorrect.
recommendation: INITIAL — verify each listing and map/link behavior through approved content/data review before SEO changes.
acceptance_criteria: Listing source/date and functional destination are recorded without exposing private data; stale entries have an approved disposition.
google_basis: GOOGLE_CONSISTENT
google_reference: https://developers.google.com/search/docs/fundamentals/seo-starter-guide
seo_owner_current: CONTENT/PLATFORM_UNKNOWN
seo_owner_target: CONTENT for verified listings; Rank Math only for supported SEO controls
rank_math_capability_checked: BLOCKED_BY_ACCESS
rank_math_path_or_reason_not_used: Production data, modules and map implementation unavailable
```",OBSERVED,P1,PAGE,BLOCKED,INITIAL — verify each listing and map/link behavior through approved content/data review before SEO changes.,pages/static/WP-14760.md
WP-14760,static,https://www.mariwork.ir/storesaddress/,WP-14760-F002,No structured-data type observed,"#### WP-14760-F002 — No structured-data type observed
```yaml
severity: P2
scope: PAGE
status: CONFIRMED
evidence_class: OBSERVED
confidence: HIGH
source_refs: [""INPUT:evidence.schema_types"", ""SYS-004""]
impact: Structured-data behavior cannot be assessed; rich-result impact is not inferred.
recommendation: INITIAL — assess supported visible-fact schema only after listing verification and ownership check.
acceptance_criteria: Any output is supported by visible data and has a single verified owner.
google_basis: GOOGLE_CONSISTENT
google_reference: https://developers.google.com/search/docs/appearance/structured-data/intro-structured-data
seo_owner_current: UNKNOWN_NEEDS_VERIFICATION
seo_owner_target: RANK_MATH where capability is verified
rank_math_capability_checked: BLOCKED_BY_ACCESS
rank_math_path_or_reason_not_used: Installed configuration unavailable
```",OBSERVED,P2,PAGE,CONFIRMED,INITIAL — assess supported visible-fact schema only after listing verification and ownership check.,pages/static/WP-14760.md
WP-17265,products,https://www.mariwork.ir/shop/six-color-set-250ml/,WP-17265-F001,severity: P1,"#### WP-17265-F001
- severity: P1
- scope: PAGE
- status: OPEN
- evidence_class: MEASURED
- confidence: MEDIUM
- source_refs: `INPUT:evidence`; `HTML:schema_types=[]`; `registry:SYS-004`
- impact: No parsed structured-data type was observed on a product page with visible product and price information; Product/Offer markup and consistency remain unverified.
- recommendation: INITIAL — validate rendered/initial HTML and Woo/Rank Math schema ownership, including price, currency, availability, identity and images. Do not add unsupported product claims.
- acceptance_criteria: Schema output/owner and visible-data consistency are evidenced in a representative product regression set.
- google_basis: GOOGLE_CONSISTENT
- google_reference: https://developers.google.com/search/docs/appearance/structured-data/product
- seo_owner_current: UNKNOWN_NEEDS_VERIFICATION
- seo_owner_target: RANK_MATH where verified; otherwise documented Woo/platform owner
- rank_math_capability_checked: BLOCKED_BY_ACCESS (see SYS-001)
- rank_math_path_or_reason_not_used: Production version/modules and output pipeline unavailable.",MEASURED,P1,PAGE,OPEN,"INITIAL — validate rendered/initial HTML and Woo/Rank Math schema ownership, including price, currency, availability, identity and images. Do not add unsupported product claims.",pages/products/WP-17265.md
WP-17265,products,https://www.mariwork.ir/shop/six-color-set-250ml/,WP-17265-F002,severity: P2,"#### WP-17265-F002
- severity: P2
- scope: FAMILY
- status: OPEN
- evidence_class: MEASURED
- confidence: MEDIUM
- source_refs: `INPUT:evidence`; `registry:SYS-008`
- impact: Volume and color-count tokens are part of the visible title/H1; consistency across set sizes is not yet established.
- recommendation: INITIAL — include 250 ml sets in the family title-pattern inventory and document exceptions before any normalization.
- acceptance_criteria: Family standard, exceptions and regression set are approved in Second Review.
- google_basis: PROJECT_DECISION
- google_reference: NOT_APPLICABLE
- seo_owner_current: CONTENT for visible H1; metadata owner UNKNOWN_NEEDS_VERIFICATION
- seo_owner_target: CONTENT for approved visible naming; RANK_MATH for metadata where capable
- rank_math_capability_checked: BLOCKED_BY_ACCESS (see SYS-001)
- rank_math_path_or_reason_not_used: Capability/current owner unavailable.",MEASURED,P2,FAMILY,OPEN,INITIAL — include 250 ml sets in the family title-pattern inventory and document exceptions before any normalization.,pages/products/WP-17265.md
WP-22192,articles,https://www.mariwork.ir/mag/articles/tips-on-pigment-fabric-color/,WP-22192-F001,Article-family structured-data and ownership evidence gap,"#### WP-22192-F001 — Article-family structured-data and ownership evidence gap
```yaml
severity: P2
scope: FAMILY
status: OPEN
evidence_class: OBSERVED
confidence: HIGH
source_refs: [""WP-22192 supplied evidence"", ""SYS-004""]
seo_owner_current: UNKNOWN_NEEDS_VERIFICATION
seo_owner_target: RANK_MATH where capability is verified; otherwise UNKNOWN_NEEDS_VERIFICATION
rank_math_capability_checked: BLOCKED_BY_ACCESS
rank_math_path_or_reason_not_used: Production Rank Math configuration/modules unavailable
google_basis: GOOGLE_CONSISTENT
google_reference: https://developers.google.com/search/docs/appearance/structured-data/intro-structured-data
```
**Evidence:** `schema_types: []`; owner/configuration unavailable.
**Impact:** Schema and ownership are unverified.
**Recommendation:** INITIAL — verify family schema and Rank Math ownership before changes.
**Acceptance criteria:** Schema, consistency, owner, capability, and conflicts are recorded.",OBSERVED,P2,FAMILY,OPEN,,pages/articles/WP-22192.md
WP-22192,articles,https://www.mariwork.ir/mag/articles/tips-on-pigment-fabric-color/,WP-22192-F002,Missing image ALT values,"#### WP-22192-F002 — Missing image ALT values
```yaml
severity: P2
scope: PAGE
status: CONFIRMED
evidence_class: MEASURED
confidence: HIGH
source_refs: [""WP-22192 supplied evidence""]
google_basis: GOOGLE_RECOMMENDED
google_reference: https://developers.google.com/search/docs/appearance/google-images
```
**Evidence:** 7 of 11 images are reported missing ALT.
**Impact:** Image context/accessibility is incomplete.
**Recommendation:** INITIAL — review image purpose and record evidence-based ALT decisions.
**Acceptance criteria:** Meaningful images have descriptive ALT decisions; decorative images are handled appropriately.",MEASURED,P2,PAGE,CONFIRMED,,pages/articles/WP-22192.md
WP-22192,articles,https://www.mariwork.ir/mag/articles/tips-on-pigment-fabric-color/,WP-22192-F003,Color-use claims require accuracy review,"#### WP-22192-F003 — Color-use claims require accuracy review
```yaml
severity: P2
scope: PAGE
status: HYPOTHESIS
evidence_class: OBSERVED
confidence: MEDIUM
source_refs: [""WP-22192 supplied text_excerpt""]
google_basis: GOOGLE_CONSISTENT
google_reference: https://developers.google.com/search/docs/fundamentals/creating-helpful-content
```
**Evidence:** Excerpt makes technical claims about pigment colors, economic use, brightness, and application.
**Impact:** Technical accuracy is not established by the supplied evidence.
**Recommendation:** INITIAL — subject-matter/source review before content decisions.
**Acceptance criteria:** Material claims have evidence or explicit qualification.",OBSERVED,P2,PAGE,HYPOTHESIS,,pages/articles/WP-22192.md
WP-22193,articles,https://www.mariwork.ir/mag/articles/history-of-painting-on-fabric/,WP-22193-F001,Article-family structured-data and ownership evidence gap,"#### WP-22193-F001 — Article-family structured-data and ownership evidence gap
```yaml
severity: P2
scope: FAMILY
status: OPEN
evidence_class: OBSERVED
confidence: HIGH
source_refs: [""WP-22193 supplied evidence"", ""SYS-004""]
seo_owner_current: UNKNOWN_NEEDS_VERIFICATION
seo_owner_target: RANK_MATH where capability is verified; otherwise UNKNOWN_NEEDS_VERIFICATION
rank_math_capability_checked: BLOCKED_BY_ACCESS
rank_math_path_or_reason_not_used: Production Rank Math configuration/modules unavailable
google_basis: GOOGLE_CONSISTENT
google_reference: https://developers.google.com/search/docs/appearance/structured-data/intro-structured-data
```
**Evidence:** `schema_types: []`; owner/configuration unavailable.
**Impact:** Schema and ownership are unverified.
**Recommendation:** INITIAL — verify family schema and Rank Math ownership before changes.
**Acceptance criteria:** Schema, consistency, owner, capability, and conflicts are recorded.",OBSERVED,P2,FAMILY,OPEN,,pages/articles/WP-22193.md
WP-22193,articles,https://www.mariwork.ir/mag/articles/history-of-painting-on-fabric/,WP-22193-F002,Historical claims and image ALT values need review,"#### WP-22193-F002 — Historical claims and image ALT values need review
```yaml
severity: P2
scope: PAGE
status: HYPOTHESIS
evidence_class: OBSERVED
confidence: HIGH
source_refs: [""WP-22193 supplied evidence""]
google_basis: GOOGLE_CONSISTENT
google_reference: https://developers.google.com/search/docs/fundamentals/creating-helpful-content
```
**Evidence:** 9 of 12 images lack ALT; excerpt contains historical claims without source verification in the supplied evidence.
**Impact:** Image context and historical accuracy are incomplete.
**Recommendation:** INITIAL — verify sources/dates and make evidence-based ALT decisions during Second Review.
**Acceptance criteria:** Claims have traceable sources or qualification; image ALT decisions are recorded.",OBSERVED,P2,PAGE,HYPOTHESIS,,pages/articles/WP-22193.md
WP-22194,articles,https://www.mariwork.ir/mag/articles/types-of-colors/,WP-22194-F001,Article-family structured-data and ownership evidence gap,"#### WP-22194-F001 — Article-family structured-data and ownership evidence gap
```yaml
severity: P2
scope: FAMILY
status: OPEN
evidence_class: OBSERVED
confidence: HIGH
source_refs: [""WP-22194 supplied evidence"", ""SYS-004""]
seo_owner_current: UNKNOWN_NEEDS_VERIFICATION
seo_owner_target: RANK_MATH where capability is verified; otherwise UNKNOWN_NEEDS_VERIFICATION
rank_math_capability_checked: BLOCKED_BY_ACCESS
rank_math_path_or_reason_not_used: Production Rank Math configuration/modules unavailable
google_basis: GOOGLE_CONSISTENT
google_reference: https://developers.google.com/search/docs/appearance/structured-data/intro-structured-data
```
**Evidence:** `schema_types: []`; owner/configuration unavailable.
**Impact:** Schema and ownership are unverified.
**Recommendation:** INITIAL — verify family schema and Rank Math ownership before changes.
**Acceptance criteria:** Schema, consistency, owner, capability, and conflicts are recorded.",OBSERVED,P2,FAMILY,OPEN,,pages/articles/WP-22194.md
WP-22194,articles,https://www.mariwork.ir/mag/articles/types-of-colors/,WP-22194-F002,Missing image ALT values,"#### WP-22194-F002 — Missing image ALT values
```yaml
severity: P2
scope: PAGE
status: CONFIRMED
evidence_class: MEASURED
confidence: HIGH
source_refs: [""WP-22194 supplied evidence""]
google_basis: GOOGLE_RECOMMENDED
google_reference: https://developers.google.com/search/docs/appearance/google-images
```
**Evidence:** 8 of 11 images are reported missing ALT.
**Impact:** Image context/accessibility is incomplete.
**Recommendation:** INITIAL — review image purpose and record evidence-based ALT decisions.
**Acceptance criteria:** Meaningful images have descriptive ALT decisions; decorative images are handled appropriately.",MEASURED,P2,PAGE,CONFIRMED,,pages/articles/WP-22194.md
WP-22194,articles,https://www.mariwork.ir/mag/articles/types-of-colors/,WP-22194-F003,Color taxonomy requires source and overlap review,"#### WP-22194-F003 — Color taxonomy requires source and overlap review
```yaml
severity: P2
scope: PAGE
status: HYPOTHESIS
evidence_class: OBSERVED
confidence: MEDIUM
source_refs: [""WP-22194 supplied evidence""]
google_basis: GOOGLE_CONSISTENT
google_reference: https://developers.google.com/search/docs/fundamentals/creating-helpful-content
```
**Evidence:** Article presents a broad type/terminology overview; related article-family pages cover adjacent color topics.
**Impact:** Terminology accuracy and overlap/cannibalization cannot be determined without full comparison and joined query evidence.
**Recommendation:** INITIAL — Second Review should verify source accuracy and distinguish this overview from adjacent articles; do not infer query ownership.
**Acceptance criteria:** Overlap and information gaps are evidence-backed, with Page+Query limitation disclosed.",OBSERVED,P2,PAGE,HYPOTHESIS,,pages/articles/WP-22194.md
WP-22196,articles,https://www.mariwork.ir/mag/articles/pattern-on-fabric/,WP-22196-F001,Article-family structured-data and ownership evidence gap,"#### WP-22196-F001 — Article-family structured-data and ownership evidence gap
```yaml
severity: P2
scope: FAMILY
status: OPEN
evidence_class: OBSERVED
confidence: HIGH
source_refs: [""WP-22196 supplied evidence"", ""SYS-004""]
seo_owner_current: UNKNOWN_NEEDS_VERIFICATION
seo_owner_target: RANK_MATH where capability is verified; otherwise UNKNOWN_NEEDS_VERIFICATION
rank_math_capability_checked: BLOCKED_BY_ACCESS
rank_math_path_or_reason_not_used: Production Rank Math configuration/modules unavailable
google_basis: GOOGLE_CONSISTENT
google_reference: https://developers.google.com/search/docs/appearance/structured-data/intro-structured-data
```
**Evidence:** `schema_types: []`; owner/configuration unavailable.
**Impact:** Schema and ownership are unverified.
**Recommendation:** INITIAL — verify family schema and Rank Math ownership before changes.
**Acceptance criteria:** Schema, consistency, owner, capability, and conflicts are recorded.",OBSERVED,P2,FAMILY,OPEN,,pages/articles/WP-22196.md
WP-22196,articles,https://www.mariwork.ir/mag/articles/pattern-on-fabric/,WP-22196-F002,Historical content and missing image ALT values need review,"#### WP-22196-F002 — Historical content and missing image ALT values need review
```yaml
severity: P2
scope: PAGE
status: HYPOTHESIS
evidence_class: OBSERVED
confidence: HIGH
source_refs: [""WP-22196 supplied evidence""]
google_basis: GOOGLE_CONSISTENT
google_reference: https://developers.google.com/search/docs/fundamentals/creating-helpful-content
```
**Evidence:** 8 of 11 images lack ALT; excerpt contains historical/cultural claims without source verification in the supplied evidence.
**Impact:** Image context and historical accuracy are incomplete.
**Recommendation:** INITIAL — verify claims/sources and make evidence-based ALT decisions during Second Review.
**Acceptance criteria:** Claims have traceable evidence or qualification; image ALT decisions are recorded.",OBSERVED,P2,PAGE,HYPOTHESIS,,pages/articles/WP-22196.md
WP-22197,articles,https://www.mariwork.ir/mag/articles/stencil-printing-history/,WP-22197-F001,Article-family structured-data and ownership evidence gap,"#### WP-22197-F001 — Article-family structured-data and ownership evidence gap
```yaml
severity: P2
scope: FAMILY
status: OPEN
evidence_class: OBSERVED
confidence: HIGH
source_refs: [""WP-22197 supplied evidence"", ""SYS-004""]
seo_owner_current: UNKNOWN_NEEDS_VERIFICATION
seo_owner_target: RANK_MATH where capability is verified; otherwise UNKNOWN_NEEDS_VERIFICATION
rank_math_capability_checked: BLOCKED_BY_ACCESS
rank_math_path_or_reason_not_used: Production Rank Math configuration/modules unavailable
google_basis: GOOGLE_CONSISTENT
google_reference: https://developers.google.com/search/docs/appearance/structured-data/intro-structured-data
```
**Evidence:** `schema_types: []`; owner/configuration unavailable.
**Impact:** Schema and ownership are unverified.
**Recommendation:** INITIAL — verify family schema and Rank Math ownership before changes.
**Acceptance criteria:** Schema, consistency, owner, capability, and conflicts are recorded.",OBSERVED,P2,FAMILY,OPEN,,pages/articles/WP-22197.md
WP-22197,articles,https://www.mariwork.ir/mag/articles/stencil-printing-history/,WP-22197-F002,"External attribution, historical claims, and image ALT values need review","#### WP-22197-F002 — External attribution, historical claims, and image ALT values need review
```yaml
severity: P2
scope: PAGE
status: HYPOTHESIS
evidence_class: OBSERVED
confidence: HIGH
source_refs: [""WP-22197 supplied text_excerpt""]
google_basis: GOOGLE_CONSISTENT
google_reference: https://developers.google.com/search/docs/fundamentals/creating-helpful-content
```
**Evidence:** 8 of 11 images lack ALT; excerpt attributes a definition to `servicemagic.com` and includes historical claims, but source validation is not supplied.
**Impact:** Attribution, historical accuracy, and image context are unverified.
**Recommendation:** INITIAL — validate the cited source/claims and make image ALT decisions during Second Review.
**Acceptance criteria:** Sources are traceable and claims/ALT decisions are evidence-backed.",OBSERVED,P2,PAGE,HYPOTHESIS,,pages/articles/WP-22197.md
WP-23912,products,https://www.mariwork.ir/shop/heatpen_301/,WP-23912-F001,severity: P1,"#### WP-23912-F001
- severity: P1
- scope: PAGE
- status: OPEN
- evidence_class: MEASURED
- confidence: MEDIUM
- source_refs: `INPUT:evidence`; `HTML:schema_types=[]`; `registry:SYS-004`
- impact: No parsed structured-data type was observed on a product page with visible price and variation choices; Product/Offer/variation consistency cannot be verified from supplied initial HTML.
- recommendation: INITIAL — validate rendered/initial HTML and the Woo/Rank Math schema pipeline for unique product identity, variation/offer data, price, currency, availability and images; preserve only real visible values.
- acceptance_criteria: Schema output, owner and variation consistency are evidenced in a regression set; no unsupported claims are introduced.
- google_basis: GOOGLE_CONSISTENT
- google_reference: https://developers.google.com/search/docs/appearance/structured-data/product
- seo_owner_current: UNKNOWN_NEEDS_VERIFICATION
- seo_owner_target: RANK_MATH where verified; otherwise documented Woo/platform owner
- rank_math_capability_checked: BLOCKED_BY_ACCESS (see SYS-001)
- rank_math_path_or_reason_not_used: Production version/modules and output pipeline unavailable.",MEASURED,P1,PAGE,OPEN,"INITIAL — validate rendered/initial HTML and the Woo/Rank Math schema pipeline for unique product identity, variation/offer data, price, currency, availability and images",pages/products/WP-23912.md
WP-23912,products,https://www.mariwork.ir/shop/heatpen_301/,WP-23912-F002,severity: P2,"#### WP-23912-F002
- severity: P2
- scope: PAGE
- status: OPEN
- evidence_class: OBSERVED
- confidence: HIGH
- source_refs: `INPUT:evidence`; `registry:SYS-008`
- impact: The title includes the brand/category suffix while the H1 is shorter («خودکار حرارتی»); whether this is an intentional approved title/H1 pattern or an inconsistency is not established.
- recommendation: INITIAL — compare the tool-family title/H1 pattern and content intent before any change; keep visible product identity and URL history intact.
- acceptance_criteria: Family pattern inventory, approved exception rationale and metadata owner are documented and Second Reviewed.
- google_basis: PROJECT_DECISION
- google_reference: NOT_APPLICABLE
- seo_owner_current: CONTENT for visible H1; metadata owner UNKNOWN_NEEDS_VERIFICATION
- seo_owner_target: CONTENT for approved visible naming; RANK_MATH for metadata where capable
- rank_math_capability_checked: BLOCKED_BY_ACCESS (see SYS-001)
- rank_math_path_or_reason_not_used: Capability/current owner unavailable.",OBSERVED,P2,PAGE,OPEN,INITIAL — compare the tool-family title/H1 pattern and content intent before any change,pages/products/WP-23912.md
WP-24043,products,https://www.mariwork.ir/shop/tampon/,WP-24043-F001,Product structured-data output is not evidenced,"#### WP-24043-F001 — Product structured-data output is not evidenced

```yaml
severity: P1
scope: FAMILY
status: BLOCKED
evidence_class: MEASURED
confidence: HIGH
source_refs: [input.evidence.schema_types, registry/SYSTEMIC-FINDINGS.md#SYS-004]
impact: Product/Offer structured-data consistency cannot be assessed.
recommendation: INITIAL — validate rendered/initial schema and Rank Math/Woo ownership on a product regression set.
acceptance_criteria: Visible product identity, price/currency, availability, brand/images and schema agree; one owner is documented.
google_basis: GOOGLE_CONSISTENT
google_reference: https://developers.google.com/search/docs/appearance/structured-data/product-snippet
seo_owner_current: UNKNOWN_NEEDS_VERIFICATION
seo_owner_target: RANK_MATH where capable
rank_math_capability_checked: BLOCKED_BY_ACCESS
rank_math_path_or_reason_not_used: Installed capability/output owner unavailable.
```",MEASURED,P1,FAMILY,BLOCKED,INITIAL — validate rendered/initial schema and Rank Math/Woo ownership on a product regression set.,pages/products/WP-24043.md
WP-24043,products,https://www.mariwork.ir/shop/tampon/,WP-24043-F002,Product description needs factual review before expansion,"#### WP-24043-F002 — Product description needs factual review before expansion

```yaml
severity: P2
scope: PAGE
status: OPEN
evidence_class: OBSERVED
confidence: MEDIUM
source_refs: [input.evidence.text_excerpt]
impact: The description makes comparative suitability claims (including a prohibition for a printing method) without supporting evidence in this batch.
recommendation: INITIAL — have product owner verify each use/suitability claim; do not add copy or stronger claims in Round 1.
acceptance_criteria: Claims are retained, corrected or removed only against verified product evidence.
google_basis: PROJECT_DECISION
google_reference: https://developers.google.com/search/docs/fundamentals/creating-helpful-content
seo_owner_current: CONTENT
seo_owner_target: CONTENT
rank_math_capability_checked: NOT_APPLICABLE_FOR_VISIBLE_FACTS
rank_math_path_or_reason_not_used: This is visible product factual content, not metadata ownership.
```",OBSERVED,P2,PAGE,OPEN,INITIAL — have product owner verify each use/suitability claim,pages/products/WP-24043.md
WP-24183,products,https://www.mariwork.ir/shop/stencil-brush/,WP-24183-F001,Product structured-data output is not evidenced,"#### WP-24183-F001 — Product structured-data output is not evidenced

```yaml
severity: P1
scope: FAMILY
status: BLOCKED
evidence_class: MEASURED
confidence: HIGH
source_refs: [input.evidence.schema_types, registry/SYSTEMIC-FINDINGS.md#SYS-004]
impact: Product/variant structured-data consistency cannot be assessed.
recommendation: INITIAL — validate schema and ownership on representative variable products.
acceptance_criteria: Product identity, size variants, price/currency, availability, images and schema agree; one owner is documented.
google_basis: GOOGLE_CONSISTENT
google_reference: https://developers.google.com/search/docs/appearance/structured-data/product-snippet
seo_owner_current: UNKNOWN_NEEDS_VERIFICATION
seo_owner_target: RANK_MATH where capable
rank_math_capability_checked: BLOCKED_BY_ACCESS
rank_math_path_or_reason_not_used: Installed capability/output owner unavailable.
```",MEASURED,P1,FAMILY,BLOCKED,INITIAL — validate schema and ownership on representative variable products.,pages/products/WP-24183.md
WP-24183,products,https://www.mariwork.ir/shop/stencil-brush/,WP-24183-F002,Variant presentation requires consistency verification,"#### WP-24183-F002 — Variant presentation requires consistency verification

```yaml
severity: P2
scope: PAGE
status: OPEN
evidence_class: OBSERVED
confidence: MEDIUM
source_refs: [input.evidence.text_excerpt, input.evidence.headings]
impact: The supplied excerpt repeats size options, so displayed selection/variant labels should be checked against Woo variation data.
recommendation: INITIAL — verify one label and price/availability state per size; do not alter variants in Round 1.
acceptance_criteria: Each displayed size maps to a unique verified variation and selection state.
google_basis: GOOGLE_CONSISTENT
google_reference: https://developers.google.com/search/docs/appearance/structured-data/product-snippet
seo_owner_current: CONTENT/UNKNOWN_NEEDS_VERIFICATION
seo_owner_target: Woo/platform owner; RANK_MATH for schema where capable
rank_math_capability_checked: BLOCKED_BY_ACCESS
rank_math_path_or_reason_not_used: Current Woo/configuration unavailable.
```",OBSERVED,P2,PAGE,OPEN,INITIAL — verify one label and price/availability state per size,pages/products/WP-24183.md
WP-24252,products,https://www.mariwork.ir/shop/mariwork-texture-medium-code209/,WP-24252-F001,Product structured-data output is not evidenced,"#### WP-24252-F001 — Product structured-data output is not evidenced

```yaml
severity: P1
scope: FAMILY
status: BLOCKED
evidence_class: MEASURED
confidence: HIGH
source_refs: [input.evidence.schema_types, registry/SYSTEMIC-FINDINGS.md#SYS-004]
impact: Product/variant structured-data consistency cannot be assessed.
recommendation: INITIAL — validate schema and one output owner for variable products.
acceptance_criteria: Product identity, variants, price/currency, availability, images and visible content agree.
google_basis: GOOGLE_CONSISTENT
google_reference: https://developers.google.com/search/docs/appearance/structured-data/product-snippet
seo_owner_current: UNKNOWN_NEEDS_VERIFICATION
seo_owner_target: RANK_MATH where capable
rank_math_capability_checked: BLOCKED_BY_ACCESS
rank_math_path_or_reason_not_used: Installed capability/output owner unavailable.
```",MEASURED,P1,FAMILY,BLOCKED,INITIAL — validate schema and one output owner for variable products.,pages/products/WP-24252.md
WP-24252,products,https://www.mariwork.ir/shop/mariwork-texture-medium-code209/,WP-24252-F002,Mixing instruction is a verified-content dependency,"#### WP-24252-F002 — Mixing instruction is a verified-content dependency

```yaml
severity: P2
scope: PAGE
status: UNKNOWN_NEEDS_VERIFICATION
evidence_class: OBSERVED
confidence: MEDIUM
source_refs: [input.evidence.text_excerpt]
impact: The visible 1:3–4 mixing instruction is material product-use information, but supporting product data/authority is not included in this batch.
recommendation: INITIAL — confirm the ratio with the product owner before relying on it in expanded content or schema.
acceptance_criteria: Instruction has an identified verified source and matches current product data.
google_basis: PROJECT_DECISION
google_reference: https://developers.google.com/search/docs/fundamentals/creating-helpful-content
seo_owner_current: CONTENT
seo_owner_target: CONTENT
rank_math_capability_checked: NOT_APPLICABLE_FOR_VISIBLE_FACTS
rank_math_path_or_reason_not_used: Visible product instruction is not an SEO metadata concern.
```",OBSERVED,P2,PAGE,UNKNOWN_NEEDS_VERIFICATION,INITIAL — confirm the ratio with the product owner before relying on it in expanded content or schema.,pages/products/WP-24252.md
WP-25397,products,https://www.mariwork.ir/shop/12colorset/,WP-25397-F001,Legacy redirect is recorded but not independently validated,"#### WP-25397-F001 — Legacy redirect is recorded but not independently validated

```yaml
severity: P2
scope: PAGE
status: UNKNOWN_NEEDS_VERIFICATION
evidence_class: OBSERVED
confidence: MEDIUM
source_refs: [input.inventory.notes_excerpt, input.evidence.redirect_chain, input.evidence.canonical]
impact: A supplied 301 mapping exists, but direct chain behavior and redirect ownership were not independently verified in this run.
recommendation: INITIAL — verify direct 301, final canonical and entity mapping before any redirect change.
acceptance_criteria: Source, destination, entity and mapping confidence are recorded; no semantic GSC join is made.
google_basis: GOOGLE_CONSISTENT
google_reference: https://developers.google.com/search/docs/crawling-indexing/301-redirects
seo_owner_current: UNKNOWN_NEEDS_VERIFICATION
seo_owner_target: PLATFORM/server for redirect; RANK_MATH where supported for canonical
rank_math_capability_checked: BLOCKED_BY_ACCESS
rank_math_path_or_reason_not_used: Redirect configuration unavailable.
```",OBSERVED,P2,PAGE,UNKNOWN_NEEDS_VERIFICATION,"INITIAL — verify direct 301, final canonical and entity mapping before any redirect change.",pages/products/WP-25397.md
WP-25397,products,https://www.mariwork.ir/shop/12colorset/,WP-25397-F002,Product structured-data output is not evidenced,"#### WP-25397-F002 — Product structured-data output is not evidenced

```yaml
severity: P1
scope: FAMILY
status: BLOCKED
evidence_class: MEASURED
confidence: HIGH
source_refs: [input.evidence.schema_types, registry/SYSTEMIC-FINDINGS.md#SYS-004]
impact: Product/bundle/variant structured-data consistency cannot be assessed.
recommendation: INITIAL — validate schema and ownership on the product-set regression set.
acceptance_criteria: Visible set identity, components, price/currency, availability, images and schema agree.
google_basis: GOOGLE_CONSISTENT
google_reference: https://developers.google.com/search/docs/appearance/structured-data/product-snippet
seo_owner_current: UNKNOWN_NEEDS_VERIFICATION
seo_owner_target: RANK_MATH where capable
rank_math_capability_checked: BLOCKED_BY_ACCESS
rank_math_path_or_reason_not_used: Installed capability/output owner unavailable.
```",MEASURED,P1,FAMILY,BLOCKED,INITIAL — validate schema and ownership on the product-set regression set.,pages/products/WP-25397.md
WP-26387,articles,https://www.mariwork.ir/mag/articles/characteristics-of-good-fabric-color-and-its-difference-with-bad-fabric-color01/,WP-26387-F001,Article-family structured-data and ownership evidence gap,"#### WP-26387-F001 — Article-family structured-data and ownership evidence gap
```yaml
severity: P2
scope: FAMILY
status: OPEN
evidence_class: OBSERVED
confidence: HIGH
source_refs: [""WP-26387 supplied evidence"", ""SYS-004""]
seo_owner_current: UNKNOWN_NEEDS_VERIFICATION
seo_owner_target: RANK_MATH where capability is verified; otherwise UNKNOWN_NEEDS_VERIFICATION
rank_math_capability_checked: BLOCKED_BY_ACCESS
rank_math_path_or_reason_not_used: Production Rank Math configuration/modules unavailable
google_basis: GOOGLE_CONSISTENT
google_reference: https://developers.google.com/search/docs/appearance/structured-data/intro-structured-data
```
**Evidence:** `schema_types: []`; owner/configuration unavailable.
**Impact:** Schema and ownership are unverified.
**Recommendation:** INITIAL — verify family schema and Rank Math ownership before changes.
**Acceptance criteria:** Schema, consistency, owner, capability, and conflicts are recorded.",OBSERVED,P2,FAMILY,OPEN,,pages/articles/WP-26387.md
WP-26387,articles,https://www.mariwork.ir/mag/articles/characteristics-of-good-fabric-color-and-its-difference-with-bad-fabric-color01/,WP-26387-F002,Missing image ALT values,"#### WP-26387-F002 — Missing image ALT values
```yaml
severity: P2
scope: PAGE
status: CONFIRMED
evidence_class: MEASURED
confidence: HIGH
source_refs: [""WP-26387 supplied evidence""]
google_basis: GOOGLE_RECOMMENDED
google_reference: https://developers.google.com/search/docs/appearance/google-images
```
**Evidence:** 7 of 10 images are reported missing ALT.
**Impact:** Image context/accessibility is incomplete.
**Recommendation:** INITIAL — review image purpose and record evidence-based ALT decisions.
**Acceptance criteria:** Meaningful images have descriptive ALT decisions; decorative images are handled appropriately.",MEASURED,P2,PAGE,CONFIRMED,,pages/articles/WP-26387.md
WP-26387,articles,https://www.mariwork.ir/mag/articles/characteristics-of-good-fabric-color-and-its-difference-with-bad-fabric-color01/,WP-26387-F003,Possible overlap/variant with WP-13318,"#### WP-26387-F003 — Possible overlap/variant with WP-13318
```yaml
severity: P1
scope: FAMILY
status: HYPOTHESIS
evidence_class: INFERRED
confidence: MEDIUM
source_refs: [""WP-26387 supplied evidence"", ""WP-13318 supplied evidence"", ""GSC:Pages.csv:106"", ""GSC:Pages.csv:252""]
google_basis: PROJECT_DECISION
google_reference: https://developers.google.com/search/docs/fundamentals/seo-starter-guide
```
**Evidence:** Both pages address good/bad fabric-color characteristics and have closely related supplied descriptions; WP-26387 uses a `...color01/` URL. Full-content identity and query relation are not proven.
**Impact:** Potential duplicate/overlapping intent and URL history risk cannot be dispositioned in Round 1.
**Recommendation:** INITIAL — compare full visible content, WP identity/history, links, and joined performance evidence before considering merge, redirect, canonical, or noindex actions.
**Acceptance criteria:** Relationship is classified as distinct, duplicate, or unresolved with evidence; no URL change occurs before approval.",INFERRED,P1,FAMILY,HYPOTHESIS,,pages/articles/WP-26387.md
WP-27025,products,https://www.mariwork.ir/shop/red-scarlet-mariwork-fabric-color-code124/,WP-27025-F001,Legacy variant URL mapping needs direct verification,"#### WP-27025-F001 — Legacy variant URL mapping needs direct verification

```yaml
severity: P2
scope: PAGE
status: UNKNOWN_NEEDS_VERIFICATION
evidence_class: OBSERVED
confidence: MEDIUM
source_refs: [input.inventory.notes_excerpt, input.evidence.redirect_chain, input.evidence.canonical]
impact: A historical 60ml URL is reported as 301 to the current variable product, but current redirect behavior and variant mapping are not independently verified.
recommendation: INITIAL — verify source status, destination, canonical and variant identity; preserve legacy metrics separately.
acceptance_criteria: Direct mapping and entity/variant confidence are documented.
google_basis: GOOGLE_CONSISTENT
google_reference: https://developers.google.com/search/docs/crawling-indexing/301-redirects
seo_owner_current: UNKNOWN_NEEDS_VERIFICATION
seo_owner_target: PLATFORM/server for redirect; RANK_MATH where supported for canonical
rank_math_capability_checked: BLOCKED_BY_ACCESS
rank_math_path_or_reason_not_used: Redirect/configuration unavailable.
```",OBSERVED,P2,PAGE,UNKNOWN_NEEDS_VERIFICATION,"INITIAL — verify source status, destination, canonical and variant identity",pages/products/WP-27025.md
WP-27025,products,https://www.mariwork.ir/shop/red-scarlet-mariwork-fabric-color-code124/,WP-27025-F002,Product structured-data output is not evidenced,"#### WP-27025-F002 — Product structured-data output is not evidenced

```yaml
severity: P1
scope: FAMILY
status: BLOCKED
evidence_class: MEASURED
confidence: HIGH
source_refs: [input.evidence.schema_types, registry/SYSTEMIC-FINDINGS.md#SYS-004]
impact: Product/variant structured-data consistency cannot be assessed.
recommendation: INITIAL — validate schema and single ownership on representative color variants.
acceptance_criteria: Identity, variants, price/currency, availability, brand, images and schema agree.
google_basis: GOOGLE_CONSISTENT
google_reference: https://developers.google.com/search/docs/appearance/structured-data/product-snippet
seo_owner_current: UNKNOWN_NEEDS_VERIFICATION
seo_owner_target: RANK_MATH where capable
rank_math_capability_checked: BLOCKED_BY_ACCESS
rank_math_path_or_reason_not_used: Installed capability/output owner unavailable.
```",MEASURED,P1,FAMILY,BLOCKED,INITIAL — validate schema and single ownership on representative color variants.,pages/products/WP-27025.md
WP-27034,products,https://www.mariwork.ir/shop/permanet-rose-mariwork-fabric-color-code125/,WP-27034-F001,Legacy variant URL mapping needs direct verification,"#### WP-27034-F001 — Legacy variant URL mapping needs direct verification

```yaml
severity: P2
scope: PAGE
status: UNKNOWN_NEEDS_VERIFICATION
evidence_class: OBSERVED
confidence: MEDIUM
source_refs: [input.inventory.notes_excerpt, input.evidence.redirect_chain, input.evidence.canonical]
impact: Supplied history reports a 301 from a 60ml URL, but current redirect behavior and variant mapping are not independently verified.
recommendation: INITIAL — verify source, destination, canonical and variant identity; do not merge historical metrics.
acceptance_criteria: Direct mapping and entity/variant confidence are documented.
google_basis: GOOGLE_CONSISTENT
google_reference: https://developers.google.com/search/docs/crawling-indexing/301-redirects
seo_owner_current: UNKNOWN_NEEDS_VERIFICATION
seo_owner_target: PLATFORM/server for redirect; RANK_MATH where supported for canonical
rank_math_capability_checked: BLOCKED_BY_ACCESS
rank_math_path_or_reason_not_used: Redirect/configuration unavailable.
```",OBSERVED,P2,PAGE,UNKNOWN_NEEDS_VERIFICATION,"INITIAL — verify source, destination, canonical and variant identity",pages/products/WP-27034.md
WP-27034,products,https://www.mariwork.ir/shop/permanet-rose-mariwork-fabric-color-code125/,WP-27034-F002,Product structured-data output is not evidenced,"#### WP-27034-F002 — Product structured-data output is not evidenced

```yaml
severity: P1
scope: FAMILY
status: BLOCKED
evidence_class: MEASURED
confidence: HIGH
source_refs: [input.evidence.schema_types, registry/SYSTEMIC-FINDINGS.md#SYS-004]
impact: Product/variant structured-data consistency cannot be assessed.
recommendation: INITIAL — validate schema and one owner on representative color variants.
acceptance_criteria: Identity, variants, price/currency, availability, brand, images and schema agree.
google_basis: GOOGLE_CONSISTENT
google_reference: https://developers.google.com/search/docs/appearance/structured-data/product-snippet
seo_owner_current: UNKNOWN_NEEDS_VERIFICATION
seo_owner_target: RANK_MATH where capable
rank_math_capability_checked: BLOCKED_BY_ACCESS
rank_math_path_or_reason_not_used: Installed capability/output owner unavailable.
```",MEASURED,P1,FAMILY,BLOCKED,INITIAL — validate schema and one owner on representative color variants.,pages/products/WP-27034.md
WP-27037,products,https://www.mariwork.ir/shop/light-pink-mariwork-fabric-color-code126/,WP-27037-F001,Legacy variant URL mapping needs direct verification,"#### WP-27037-F001 — Legacy variant URL mapping needs direct verification

```yaml
severity: P2
scope: PAGE
status: UNKNOWN_NEEDS_VERIFICATION
evidence_class: OBSERVED
confidence: MEDIUM
source_refs: [input.inventory.notes_excerpt, input.evidence.redirect_chain, input.evidence.canonical]
impact: Supplied history reports a 301 from a 60ml URL, but current redirect behavior and variant mapping are not independently verified.
recommendation: INITIAL — verify source, destination, canonical and variant identity; preserve historical metrics separately.
acceptance_criteria: Direct mapping and entity/variant confidence are documented.
google_basis: GOOGLE_CONSISTENT
google_reference: https://developers.google.com/search/docs/crawling-indexing/301-redirects
seo_owner_current: UNKNOWN_NEEDS_VERIFICATION
seo_owner_target: PLATFORM/server for redirect; RANK_MATH where supported for canonical
rank_math_capability_checked: BLOCKED_BY_ACCESS
rank_math_path_or_reason_not_used: Redirect/configuration unavailable.
```",OBSERVED,P2,PAGE,UNKNOWN_NEEDS_VERIFICATION,"INITIAL — verify source, destination, canonical and variant identity",pages/products/WP-27037.md
WP-27037,products,https://www.mariwork.ir/shop/light-pink-mariwork-fabric-color-code126/,WP-27037-F002,Product structured-data output is not evidenced,"#### WP-27037-F002 — Product structured-data output is not evidenced

```yaml
severity: P1
scope: FAMILY
status: BLOCKED
evidence_class: MEASURED
confidence: HIGH
source_refs: [input.evidence.schema_types, registry/SYSTEMIC-FINDINGS.md#SYS-004]
impact: Product/variant structured-data consistency cannot be assessed.
recommendation: INITIAL — validate schema and one owner on representative color variants.
acceptance_criteria: Identity, variants, price/currency, availability, brand, images and schema agree.
google_basis: GOOGLE_CONSISTENT
google_reference: https://developers.google.com/search/docs/appearance/structured-data/product-snippet
seo_owner_current: UNKNOWN_NEEDS_VERIFICATION
seo_owner_target: RANK_MATH where capable
rank_math_capability_checked: BLOCKED_BY_ACCESS
rank_math_path_or_reason_not_used: Installed capability/output owner unavailable.
```",MEASURED,P1,FAMILY,BLOCKED,INITIAL — validate schema and one owner on representative color variants.,pages/products/WP-27037.md
WP-27039,products,https://www.mariwork.ir/shop/papaya-mariwork-fabric-color-code127/,WP-27039-F001,Legacy variant URL mapping needs direct verification,"#### WP-27039-F001 — Legacy variant URL mapping needs direct verification

```yaml
severity: P2
scope: PAGE
status: UNKNOWN_NEEDS_VERIFICATION
evidence_class: OBSERVED
confidence: MEDIUM
source_refs: [input.inventory.notes_excerpt, input.evidence.redirect_chain, input.evidence.canonical]
impact: Supplied history reports a 301 from a 60ml URL, but current redirect behavior and variant mapping are not independently verified.
recommendation: INITIAL — verify source, destination, canonical and variant identity; preserve historical metrics separately.
acceptance_criteria: Direct mapping and entity/variant confidence are documented.
google_basis: GOOGLE_CONSISTENT
google_reference: https://developers.google.com/search/docs/crawling-indexing/301-redirects
seo_owner_current: UNKNOWN_NEEDS_VERIFICATION
seo_owner_target: PLATFORM/server for redirect; RANK_MATH where supported for canonical
rank_math_capability_checked: BLOCKED_BY_ACCESS
rank_math_path_or_reason_not_used: Redirect/configuration unavailable.
```",OBSERVED,P2,PAGE,UNKNOWN_NEEDS_VERIFICATION,"INITIAL — verify source, destination, canonical and variant identity",pages/products/WP-27039.md
WP-27039,products,https://www.mariwork.ir/shop/papaya-mariwork-fabric-color-code127/,WP-27039-F002,Product structured-data output is not evidenced,"#### WP-27039-F002 — Product structured-data output is not evidenced

```yaml
severity: P1
scope: FAMILY
status: BLOCKED
evidence_class: MEASURED
confidence: HIGH
source_refs: [input.evidence.schema_types, registry/SYSTEMIC-FINDINGS.md#SYS-004]
impact: Product/variant structured-data consistency cannot be assessed.
recommendation: INITIAL — validate schema and one owner on representative color variants.
acceptance_criteria: Identity, variants, price/currency, availability, brand, images and schema agree.
google_basis: GOOGLE_CONSISTENT
google_reference: https://developers.google.com/search/docs/appearance/structured-data/product-snippet
seo_owner_current: UNKNOWN_NEEDS_VERIFICATION
seo_owner_target: RANK_MATH where capable
rank_math_capability_checked: BLOCKED_BY_ACCESS
rank_math_path_or_reason_not_used: Installed capability/output owner unavailable.
```",MEASURED,P1,FAMILY,BLOCKED,INITIAL — validate schema and one owner on representative color variants.,pages/products/WP-27039.md
WP-27041,products,https://www.mariwork.ir/shop/lilac-mariwork-fabric-color-code128/,WP-27041-F001,Legacy variant URL mapping needs direct verification,"#### WP-27041-F001 — Legacy variant URL mapping needs direct verification

```yaml
severity: P2
scope: PAGE
status: UNKNOWN_NEEDS_VERIFICATION
evidence_class: OBSERVED
confidence: MEDIUM
source_refs: [input.inventory.notes_excerpt, input.evidence.redirect_chain, input.evidence.canonical]
impact: Supplied history reports a 301 from a 60ml URL, but current redirect behavior and variant mapping are not independently verified.
recommendation: INITIAL — verify source, destination, canonical and variant identity; preserve historical metrics separately.
acceptance_criteria: Direct mapping and entity/variant confidence are documented.
google_basis: GOOGLE_CONSISTENT
google_reference: https://developers.google.com/search/docs/crawling-indexing/301-redirects
seo_owner_current: UNKNOWN_NEEDS_VERIFICATION
seo_owner_target: PLATFORM/server for redirect; RANK_MATH where supported for canonical
rank_math_capability_checked: BLOCKED_BY_ACCESS
rank_math_path_or_reason_not_used: Redirect/configuration unavailable.
```",OBSERVED,P2,PAGE,UNKNOWN_NEEDS_VERIFICATION,"INITIAL — verify source, destination, canonical and variant identity",pages/products/WP-27041.md
WP-27041,products,https://www.mariwork.ir/shop/lilac-mariwork-fabric-color-code128/,WP-27041-F002,Product structured-data output is not evidenced,"#### WP-27041-F002 — Product structured-data output is not evidenced

```yaml
severity: P1
scope: FAMILY
status: BLOCKED
evidence_class: MEASURED
confidence: HIGH
source_refs: [input.evidence.schema_types, registry/SYSTEMIC-FINDINGS.md#SYS-004]
impact: Product/variant structured-data consistency cannot be assessed.
recommendation: INITIAL — validate schema and one owner on representative color variants.
acceptance_criteria: Identity, variants, price/currency, availability, brand, images and schema agree.
google_basis: GOOGLE_CONSISTENT
google_reference: https://developers.google.com/search/docs/appearance/structured-data/product-snippet
seo_owner_current: UNKNOWN_NEEDS_VERIFICATION
seo_owner_target: RANK_MATH where capable
rank_math_capability_checked: BLOCKED_BY_ACCESS
rank_math_path_or_reason_not_used: Installed capability/output owner unavailable.
```",MEASURED,P1,FAMILY,BLOCKED,INITIAL — validate schema and one owner on representative color variants.,pages/products/WP-27041.md
WP-27043,products,https://www.mariwork.ir/shop/fluorescent-purple-mariwork-fabric-color-code129/,WP-27043-F001,Legacy variant URL mapping needs direct verification,"#### WP-27043-F001 — Legacy variant URL mapping needs direct verification

```yaml
severity: P2
scope: PAGE
status: UNKNOWN_NEEDS_VERIFICATION
evidence_class: OBSERVED
confidence: MEDIUM
source_refs: [input.inventory.notes_excerpt, input.evidence.redirect_chain, input.evidence.canonical]
impact: Supplied history reports a 301 from a 60ml URL, but current redirect behavior and variant mapping are not independently verified.
recommendation: INITIAL — verify source, destination, canonical and variant identity; preserve historical metrics separately.
acceptance_criteria: Direct mapping and entity/variant confidence are documented.
google_basis: GOOGLE_CONSISTENT
google_reference: https://developers.google.com/search/docs/crawling-indexing/301-redirects
seo_owner_current: UNKNOWN_NEEDS_VERIFICATION
seo_owner_target: PLATFORM/server for redirect; RANK_MATH where supported for canonical
rank_math_capability_checked: BLOCKED_BY_ACCESS
rank_math_path_or_reason_not_used: Redirect/configuration unavailable.
```",OBSERVED,P2,PAGE,UNKNOWN_NEEDS_VERIFICATION,"INITIAL — verify source, destination, canonical and variant identity",pages/products/WP-27043.md
WP-27043,products,https://www.mariwork.ir/shop/fluorescent-purple-mariwork-fabric-color-code129/,WP-27043-F002,Product structured-data output is not evidenced,"#### WP-27043-F002 — Product structured-data output is not evidenced

```yaml
severity: P1
scope: FAMILY
status: BLOCKED
evidence_class: MEASURED
confidence: HIGH
source_refs: [input.evidence.schema_types, registry/SYSTEMIC-FINDINGS.md#SYS-004]
impact: Product/variant structured-data consistency cannot be assessed.
recommendation: INITIAL — validate schema and one owner on representative color variants.
acceptance_criteria: Identity, variants, price/currency, availability, brand, images and schema agree.
google_basis: GOOGLE_CONSISTENT
google_reference: https://developers.google.com/search/docs/appearance/structured-data/product-snippet
seo_owner_current: UNKNOWN_NEEDS_VERIFICATION
seo_owner_target: RANK_MATH where capable
rank_math_capability_checked: BLOCKED_BY_ACCESS
rank_math_path_or_reason_not_used: Installed capability/output owner unavailable.
```",MEASURED,P1,FAMILY,BLOCKED,INITIAL — validate schema and one owner on representative color variants.,pages/products/WP-27043.md
WP-27046,products,https://www.mariwork.ir/shop/lavender-mariwork-fabric-color-code130/,WP-27046-F001,Legacy variant URL mapping needs direct verification,"#### WP-27046-F001 — Legacy variant URL mapping needs direct verification

```yaml
severity: P2
scope: PAGE
status: UNKNOWN_NEEDS_VERIFICATION
evidence_class: OBSERVED
confidence: MEDIUM
source_refs: [input.inventory.notes_excerpt, input.evidence.redirect_chain, input.evidence.canonical]
impact: Supplied history reports a 301 from a 60ml URL, but current redirect behavior and variant mapping are not independently verified.
recommendation: INITIAL — verify source, destination, canonical and variant identity; preserve historical metrics separately.
acceptance_criteria: Direct mapping and entity/variant confidence are documented.
google_basis: GOOGLE_CONSISTENT
google_reference: https://developers.google.com/search/docs/crawling-indexing/301-redirects
seo_owner_current: UNKNOWN_NEEDS_VERIFICATION
seo_owner_target: PLATFORM/server for redirect; RANK_MATH where supported for canonical
rank_math_capability_checked: BLOCKED_BY_ACCESS
rank_math_path_or_reason_not_used: Redirect/configuration unavailable.
```",OBSERVED,P2,PAGE,UNKNOWN_NEEDS_VERIFICATION,"INITIAL — verify source, destination, canonical and variant identity",pages/products/WP-27046.md
WP-27046,products,https://www.mariwork.ir/shop/lavender-mariwork-fabric-color-code130/,WP-27046-F002,Product structured-data output is not evidenced,"#### WP-27046-F002 — Product structured-data output is not evidenced

```yaml
severity: P1
scope: FAMILY
status: BLOCKED
evidence_class: MEASURED
confidence: HIGH
source_refs: [input.evidence.schema_types, registry/SYSTEMIC-FINDINGS.md#SYS-004]
impact: Product/variant structured-data consistency cannot be assessed.
recommendation: INITIAL — validate schema and one owner on representative color variants.
acceptance_criteria: Identity, variants, price/currency, availability, brand, images and schema agree.
google_basis: GOOGLE_CONSISTENT
google_reference: https://developers.google.com/search/docs/appearance/structured-data/product-snippet
seo_owner_current: UNKNOWN_NEEDS_VERIFICATION
seo_owner_target: RANK_MATH where capable
rank_math_capability_checked: BLOCKED_BY_ACCESS
rank_math_path_or_reason_not_used: Installed capability/output owner unavailable.
```",MEASURED,P1,FAMILY,BLOCKED,INITIAL — validate schema and one owner on representative color variants.,pages/products/WP-27046.md
WP-27051,products,https://www.mariwork.ir/shop/sky-blue-mariwork-fabric-color-code131/,WP-27051-F002,SEO ownership and indexability decision are not verified,"#### WP-27051-F002 — SEO ownership and indexability decision are not verified

severity: P1; scope: PAGE; status: BLOCKED; evidence_class: OBSERVED; confidence: HIGH
source_refs: task supplied evidence (status/robots/canonical); SYS-001; SYS-006
impact: The page appears indexable, but intended/actual indexability and exclusive owners for robots/canonical/title/schema/sitemap are not fully verified.
recommendation: INITIAL — verify Rank Math version/modules and current owners before proposing metadata, robots, canonical, schema or sitemap changes.
acceptance_criteria: Current/target owner, capability check, conflict check and approved indexability decision are recorded.
google_basis: GOOGLE_CONSISTENT
google_reference: https://developers.google.com/search/docs/crawling-indexing/consolidate-duplicate-urls
seo_owner_current: UNKNOWN_NEEDS_VERIFICATION
seo_owner_target: RANK_MATH where supported; otherwise UNKNOWN_NEEDS_VERIFICATION
rank_math_capability_checked: BLOCKED_BY_ACCESS
rank_math_path_or_reason_not_used: Production configuration is unavailable in Round 1.",OBSERVED,P1,PAGE,BLOCKED,"INITIAL — verify Rank Math version/modules and current owners before proposing metadata, robots, canonical, schema or sitemap changes.",pages/products/WP-27051.md
WP-27054,products,https://www.mariwork.ir/shop/cyan-mariwork-fabric-color-code132/,WP-27054-F002,SEO ownership and indexability decision are not verified,"#### WP-27054-F002 — SEO ownership and indexability decision are not verified

severity: P1; scope: PAGE; status: BLOCKED; evidence_class: OBSERVED; confidence: HIGH
source_refs: task supplied evidence (status/robots/canonical); SYS-001; SYS-006
impact: The page appears indexable, but intended/actual indexability and exclusive owners for robots/canonical/title/schema/sitemap are not fully verified.
recommendation: INITIAL — verify Rank Math version/modules and current owners before proposing metadata, robots, canonical, schema or sitemap changes.
acceptance_criteria: Current/target owner, capability check, conflict check and approved indexability decision are recorded.
google_basis: GOOGLE_CONSISTENT
google_reference: https://developers.google.com/search/docs/crawling-indexing/consolidate-duplicate-urls
seo_owner_current: UNKNOWN_NEEDS_VERIFICATION
seo_owner_target: RANK_MATH where supported; otherwise UNKNOWN_NEEDS_VERIFICATION
rank_math_capability_checked: BLOCKED_BY_ACCESS
rank_math_path_or_reason_not_used: Production configuration is unavailable in Round 1.",OBSERVED,P1,PAGE,BLOCKED,"INITIAL — verify Rank Math version/modules and current owners before proposing metadata, robots, canonical, schema or sitemap changes.",pages/products/WP-27054.md
WP-27054,products,https://www.mariwork.ir/shop/cyan-mariwork-fabric-color-code132/,WP-27054-F004,Color naming differs between metadata/title and visible description,"#### WP-27054-F004 — Color naming differs between metadata/title and visible description

severity: P2; scope: PAGE; status: OPEN; evidence_class: OBSERVED; confidence: HIGH
source_refs: task supplied evidence (title/H1/meta/text_excerpt)
impact: The title/H1 use «آبی سایان», while the meta description and visible description use «آبی سیان»; entity wording is inconsistent within the page snapshot.
recommendation: INITIAL — verify the approved product name against authoritative WooCommerce/product evidence, then align visible and SEO fields through the single verified owner; do not choose a spelling from SEO preference alone.
acceptance_criteria: One verified product name is documented and visible title/H1/description/metadata are consistent after approval; legacy URL history remains intact.
google_basis: GOOGLE_CONSISTENT
google_reference: https://developers.google.com/search/docs/fundamentals/seo-starter-guide
seo_owner_current: CONTENT for visible wording; metadata owner UNKNOWN_NEEDS_VERIFICATION
seo_owner_target: CONTENT plus RANK_MATH for metadata where capable
rank_math_capability_checked: BLOCKED_BY_ACCESS
rank_math_path_or_reason_not_used: Current Rank Math configuration and source product name are unavailable.",OBSERVED,P2,PAGE,OPEN,"INITIAL — verify the approved product name against authoritative WooCommerce/product evidence, then align visible and SEO fields through the single verified owner",pages/products/WP-27054.md
WP-27142,products,https://www.mariwork.ir/shop/light-salmon-mariwork-fabric-color-code135/,WP-27142-F002,SEO ownership and indexability decision are not verified,"#### WP-27142-F002 — SEO ownership and indexability decision are not verified

severity: P1; scope: PAGE; status: BLOCKED; evidence_class: OBSERVED; confidence: HIGH
source_refs: task supplied evidence (status/robots/canonical); SYS-001; SYS-006
impact: The page appears indexable, but intended/actual indexability and exclusive owners for robots/canonical/title/schema/sitemap are not fully verified.
recommendation: INITIAL — verify Rank Math version/modules and current owners before proposing metadata, robots, canonical, schema or sitemap changes.
acceptance_criteria: Current/target owner, capability check, conflict check and approved indexability decision are recorded.
google_basis: GOOGLE_CONSISTENT
google_reference: https://developers.google.com/search/docs/crawling-indexing/consolidate-duplicate-urls
seo_owner_current: UNKNOWN_NEEDS_VERIFICATION
seo_owner_target: RANK_MATH where supported; otherwise UNKNOWN_NEEDS_VERIFICATION
rank_math_capability_checked: BLOCKED_BY_ACCESS
rank_math_path_or_reason_not_used: Production configuration is unavailable in Round 1.",OBSERVED,P1,PAGE,BLOCKED,"INITIAL — verify Rank Math version/modules and current owners before proposing metadata, robots, canonical, schema or sitemap changes.",pages/products/WP-27142.md
WP-27149,products,https://www.mariwork.ir/shop/green-grass-mariwork-fabric-color-code133/,WP-27149-F002,SEO ownership and indexability decision are not verified,"#### WP-27149-F002 — SEO ownership and indexability decision are not verified

severity: P1; scope: PAGE; status: BLOCKED; evidence_class: OBSERVED; confidence: HIGH
source_refs: task supplied evidence (status/robots/canonical); SYS-001; SYS-006
impact: The page appears indexable, but intended/actual indexability and exclusive owners for robots/canonical/title/schema/sitemap are not fully verified.
recommendation: INITIAL — verify Rank Math version/modules and current owners before proposing metadata, robots, canonical, schema or sitemap changes.
acceptance_criteria: Current/target owner, capability check, conflict check and approved indexability decision are recorded.
google_basis: GOOGLE_CONSISTENT
google_reference: https://developers.google.com/search/docs/crawling-indexing/consolidate-duplicate-urls
seo_owner_current: UNKNOWN_NEEDS_VERIFICATION
seo_owner_target: RANK_MATH where supported; otherwise UNKNOWN_NEEDS_VERIFICATION
rank_math_capability_checked: BLOCKED_BY_ACCESS
rank_math_path_or_reason_not_used: Production configuration is unavailable in Round 1.",OBSERVED,P1,PAGE,BLOCKED,"INITIAL — verify Rank Math version/modules and current owners before proposing metadata, robots, canonical, schema or sitemap changes.",pages/products/WP-27149.md
WP-27328,products,https://www.mariwork.ir/shop/lemon-mariwork-fabric-color-code134/,WP-27328-F002,SEO ownership and indexability decision are not verified,"#### WP-27328-F002 — SEO ownership and indexability decision are not verified

severity: P1; scope: PAGE; status: BLOCKED; evidence_class: OBSERVED; confidence: HIGH
source_refs: task supplied evidence (status/robots/canonical); SYS-001; SYS-006
impact: The page appears indexable, but intended/actual indexability and exclusive owners for robots/canonical/title/schema/sitemap are not fully verified.
recommendation: INITIAL — verify Rank Math version/modules and current owners before proposing metadata, robots, canonical, schema or sitemap changes.
acceptance_criteria: Current/target owner, capability check, conflict check and approved indexability decision are recorded.
google_basis: GOOGLE_CONSISTENT
google_reference: https://developers.google.com/search/docs/crawling-indexing/consolidate-duplicate-urls
seo_owner_current: UNKNOWN_NEEDS_VERIFICATION
seo_owner_target: RANK_MATH where supported; otherwise UNKNOWN_NEEDS_VERIFICATION
rank_math_capability_checked: BLOCKED_BY_ACCESS
rank_math_path_or_reason_not_used: Production configuration is unavailable in Round 1.",OBSERVED,P1,PAGE,BLOCKED,"INITIAL — verify Rank Math version/modules and current owners before proposing metadata, robots, canonical, schema or sitemap changes.",pages/products/WP-27328.md
WP-27333,products,https://www.mariwork.ir/shop/silver-mariwork-fabric-color-code136/,WP-27333-F002,SEO ownership and indexability decision are not verified,"#### WP-27333-F002 — SEO ownership and indexability decision are not verified

severity: P1; scope: PAGE; status: BLOCKED; evidence_class: OBSERVED; confidence: HIGH
source_refs: task supplied evidence (status/robots/canonical); SYS-001; SYS-006
impact: The page appears indexable, but intended/actual indexability and exclusive owners for robots/canonical/title/schema/sitemap are not fully verified.
recommendation: INITIAL — verify Rank Math version/modules and current owners before proposing metadata, robots, canonical, schema or sitemap changes.
acceptance_criteria: Current/target owner, capability check, conflict check and approved indexability decision are recorded.
google_basis: GOOGLE_CONSISTENT
google_reference: https://developers.google.com/search/docs/crawling-indexing/consolidate-duplicate-urls
seo_owner_current: UNKNOWN_NEEDS_VERIFICATION
seo_owner_target: RANK_MATH where supported; otherwise UNKNOWN_NEEDS_VERIFICATION
rank_math_capability_checked: BLOCKED_BY_ACCESS
rank_math_path_or_reason_not_used: Production configuration is unavailable in Round 1.",OBSERVED,P1,PAGE,BLOCKED,"INITIAL — verify Rank Math version/modules and current owners before proposing metadata, robots, canonical, schema or sitemap changes.",pages/products/WP-27333.md
WP-27369,products,https://www.mariwork.ir/shop/pearl-mariwork-fabric-color-code137/,WP-27369-F002,SEO ownership and indexability decision are not verified,"#### WP-27369-F002 — SEO ownership and indexability decision are not verified

severity: P1; scope: PAGE; status: BLOCKED; evidence_class: OBSERVED; confidence: HIGH
source_refs: task supplied evidence (status/robots/canonical); SYS-001; SYS-006
impact: The page appears indexable, but intended/actual indexability and exclusive owners for robots/canonical/title/schema/sitemap are not fully verified.
recommendation: INITIAL — verify Rank Math version/modules and current owners before proposing metadata, robots, canonical, schema or sitemap changes.
acceptance_criteria: Current/target owner, capability check, conflict check and approved indexability decision are recorded.
google_basis: GOOGLE_CONSISTENT
google_reference: https://developers.google.com/search/docs/crawling-indexing/consolidate-duplicate-urls
seo_owner_current: UNKNOWN_NEEDS_VERIFICATION
seo_owner_target: RANK_MATH where supported; otherwise UNKNOWN_NEEDS_VERIFICATION
rank_math_capability_checked: BLOCKED_BY_ACCESS
rank_math_path_or_reason_not_used: Production configuration is unavailable in Round 1.",OBSERVED,P1,PAGE,BLOCKED,"INITIAL — verify Rank Math version/modules and current owners before proposing metadata, robots, canonical, schema or sitemap changes.",pages/products/WP-27369.md
WP-27378,products,https://www.mariwork.ir/shop/mariwork-rainbow-glitter-code210/,WP-27378-F002,SEO ownership and indexability decision are not verified,"#### WP-27378-F002 — SEO ownership and indexability decision are not verified

severity: P1; scope: PAGE; status: BLOCKED; evidence_class: OBSERVED; confidence: HIGH
source_refs: task supplied evidence (status/robots/canonical); SYS-001; SYS-006
impact: The page appears indexable, but intended/actual indexability and exclusive owners for robots/canonical/title/schema/sitemap are not fully verified.
recommendation: INITIAL — verify Rank Math version/modules and current owners before proposing metadata, robots, canonical, schema or sitemap changes.
acceptance_criteria: Current/target owner, capability check, conflict check and approved indexability decision are recorded.
google_basis: GOOGLE_CONSISTENT
google_reference: https://developers.google.com/search/docs/crawling-indexing/consolidate-duplicate-urls
seo_owner_current: UNKNOWN_NEEDS_VERIFICATION
seo_owner_target: RANK_MATH where supported; otherwise UNKNOWN_NEEDS_VERIFICATION
rank_math_capability_checked: BLOCKED_BY_ACCESS
rank_math_path_or_reason_not_used: Production configuration is unavailable in Round 1.",OBSERVED,P1,PAGE,BLOCKED,"INITIAL — verify Rank Math version/modules and current owners before proposing metadata, robots, canonical, schema or sitemap changes.",pages/products/WP-27378.md
WP-27384,products,https://www.mariwork.ir/shop/mariwork-silver-glitter-code211/,WP-27384-F002,SEO ownership and indexability decision are not verified,"#### WP-27384-F002 — SEO ownership and indexability decision are not verified

severity: P1; scope: PAGE; status: BLOCKED; evidence_class: OBSERVED; confidence: HIGH
source_refs: task supplied evidence (status/robots/canonical); SYS-001; SYS-006
impact: The page appears indexable, but intended/actual indexability and exclusive owners for robots/canonical/title/schema/sitemap are not fully verified.
recommendation: INITIAL — verify Rank Math version/modules and current owners before proposing metadata, robots, canonical, schema or sitemap changes.
acceptance_criteria: Current/target owner, capability check, conflict check and approved indexability decision are recorded.
google_basis: GOOGLE_CONSISTENT
google_reference: https://developers.google.com/search/docs/crawling-indexing/consolidate-duplicate-urls
seo_owner_current: UNKNOWN_NEEDS_VERIFICATION
seo_owner_target: RANK_MATH where supported; otherwise UNKNOWN_NEEDS_VERIFICATION
rank_math_capability_checked: BLOCKED_BY_ACCESS
rank_math_path_or_reason_not_used: Production configuration is unavailable in Round 1.",OBSERVED,P1,PAGE,BLOCKED,"INITIAL — verify Rank Math version/modules and current owners before proposing metadata, robots, canonical, schema or sitemap changes.",pages/products/WP-27384.md
WP-27386,products,https://www.mariwork.ir/shop/mariwork-golden-glitter-code212/,WP-27386-F002,SEO ownership and indexability decision are not verified,"#### WP-27386-F002 — SEO ownership and indexability decision are not verified

severity: P1; scope: PAGE; status: BLOCKED; evidence_class: OBSERVED; confidence: HIGH
source_refs: task supplied evidence (status/robots/canonical); SYS-001; SYS-006
impact: The page appears indexable, but intended/actual indexability and exclusive owners for robots/canonical/title/schema/sitemap are not fully verified.
recommendation: INITIAL — verify Rank Math version/modules and current owners before proposing metadata, robots, canonical, schema or sitemap changes.
acceptance_criteria: Current/target owner, capability check, conflict check and approved indexability decision are recorded.
google_basis: GOOGLE_CONSISTENT
google_reference: https://developers.google.com/search/docs/crawling-indexing/consolidate-duplicate-urls
seo_owner_current: UNKNOWN_NEEDS_VERIFICATION
seo_owner_target: RANK_MATH where supported; otherwise UNKNOWN_NEEDS_VERIFICATION
rank_math_capability_checked: BLOCKED_BY_ACCESS
rank_math_path_or_reason_not_used: Production configuration is unavailable in Round 1.",OBSERVED,P1,PAGE,BLOCKED,"INITIAL — verify Rank Math version/modules and current owners before proposing metadata, robots, canonical, schema or sitemap changes.",pages/products/WP-27386.md
WP-27396,products,https://www.mariwork.ir/shop/glitter-set-mariwork-fabric-medium/,WP-27396-F002,SEO ownership and indexability decision are not verified,"#### WP-27396-F002 — SEO ownership and indexability decision are not verified

severity: P1; scope: PAGE; status: BLOCKED; evidence_class: OBSERVED; confidence: HIGH
source_refs: task supplied evidence (status/robots/canonical); SYS-001; SYS-006
impact: The page appears indexable, but intended/actual indexability and exclusive owners for robots/canonical/title/schema/sitemap are not fully verified.
recommendation: INITIAL — verify Rank Math version/modules and current owners before proposing metadata, robots, canonical, schema or sitemap changes.
acceptance_criteria: Current/target owner, capability check, conflict check and approved indexability decision are recorded.
google_basis: GOOGLE_CONSISTENT
google_reference: https://developers.google.com/search/docs/crawling-indexing/consolidate-duplicate-urls
seo_owner_current: UNKNOWN_NEEDS_VERIFICATION
seo_owner_target: RANK_MATH where supported; otherwise UNKNOWN_NEEDS_VERIFICATION
rank_math_capability_checked: BLOCKED_BY_ACCESS
rank_math_path_or_reason_not_used: Production configuration is unavailable in Round 1.",OBSERVED,P1,PAGE,BLOCKED,"INITIAL — verify Rank Math version/modules and current owners before proposing metadata, robots, canonical, schema or sitemap changes.",pages/products/WP-27396.md
WP-27506,products,https://www.mariwork.ir/shop/mariwork-lightening-medium-code213/,WP-27506-F002,SEO ownership and indexability decision are not verified,"#### WP-27506-F002 — SEO ownership and indexability decision are not verified

severity: P1; scope: PAGE; status: BLOCKED; evidence_class: OBSERVED; confidence: HIGH
source_refs: task supplied evidence (status/robots/canonical); SYS-001; SYS-006
impact: The page appears indexable, but intended/actual indexability and exclusive owners for robots/canonical/title/schema/sitemap are not fully verified.
recommendation: INITIAL — verify Rank Math version/modules and current owners before proposing metadata, robots, canonical, schema or sitemap changes.
acceptance_criteria: Current/target owner, capability check, conflict check and approved indexability decision are recorded.
google_basis: GOOGLE_CONSISTENT
google_reference: https://developers.google.com/search/docs/crawling-indexing/consolidate-duplicate-urls
seo_owner_current: UNKNOWN_NEEDS_VERIFICATION
seo_owner_target: RANK_MATH where supported; otherwise UNKNOWN_NEEDS_VERIFICATION
rank_math_capability_checked: BLOCKED_BY_ACCESS
rank_math_path_or_reason_not_used: Production configuration is unavailable in Round 1.",OBSERVED,P1,PAGE,BLOCKED,"INITIAL — verify Rank Math version/modules and current owners before proposing metadata, robots, canonical, schema or sitemap changes.",pages/products/WP-27506.md
WP-27512,products,https://www.mariwork.ir/shop/mariwork-thickening-medium-code214/,WP-27512-F002,SEO ownership and indexability decision are not verified,"#### WP-27512-F002 — SEO ownership and indexability decision are not verified

severity: P1; scope: PAGE; status: BLOCKED; evidence_class: OBSERVED; confidence: HIGH
source_refs: task supplied evidence (status/robots/canonical); SYS-001; SYS-006
impact: The page appears indexable, but intended/actual indexability and exclusive owners for robots/canonical/title/schema/sitemap are not fully verified.
recommendation: INITIAL — verify Rank Math version/modules and current owners before proposing metadata, robots, canonical, schema or sitemap changes.
acceptance_criteria: Current/target owner, capability check, conflict check and approved indexability decision are recorded.
google_basis: GOOGLE_CONSISTENT
google_reference: https://developers.google.com/search/docs/crawling-indexing/consolidate-duplicate-urls
seo_owner_current: UNKNOWN_NEEDS_VERIFICATION
seo_owner_target: RANK_MATH where supported; otherwise UNKNOWN_NEEDS_VERIFICATION
rank_math_capability_checked: BLOCKED_BY_ACCESS
rank_math_path_or_reason_not_used: Production configuration is unavailable in Round 1.",OBSERVED,P1,PAGE,BLOCKED,"INITIAL — verify Rank Math version/modules and current owners before proposing metadata, robots, canonical, schema or sitemap changes.",pages/products/WP-27512.md
WP-27621,products,https://www.mariwork.ir/shop/mariwork-totakali-glue-code205/,WP-27621-F002,SEO ownership and indexability decision are not verified,"#### WP-27621-F002 — SEO ownership and indexability decision are not verified

severity: P1; scope: PAGE; status: BLOCKED; evidence_class: OBSERVED; confidence: HIGH
source_refs: task supplied evidence (status/robots/canonical); SYS-001; SYS-006
impact: The page appears indexable, but intended/actual indexability and exclusive owners for robots/canonical/title/schema/sitemap are not fully verified.
recommendation: INITIAL — verify Rank Math version/modules and current owners before proposing metadata, robots, canonical, schema or sitemap changes.
acceptance_criteria: Current/target owner, capability check, conflict check and approved indexability decision are recorded.
google_basis: GOOGLE_CONSISTENT
google_reference: https://developers.google.com/search/docs/crawling-indexing/consolidate-duplicate-urls
seo_owner_current: UNKNOWN_NEEDS_VERIFICATION
seo_owner_target: RANK_MATH where supported; otherwise UNKNOWN_NEEDS_VERIFICATION
rank_math_capability_checked: BLOCKED_BY_ACCESS
rank_math_path_or_reason_not_used: Production configuration is unavailable in Round 1.",OBSERVED,P1,PAGE,BLOCKED,"INITIAL — verify Rank Math version/modules and current owners before proposing metadata, robots, canonical, schema or sitemap changes.",pages/products/WP-27621.md
WP-27680,products,https://www.mariwork.ir/shop/totakali-sheet-mariwork-code304/,WP-27680-F002,SEO ownership and indexability decision are not verified,"#### WP-27680-F002 — SEO ownership and indexability decision are not verified

severity: P1; scope: PAGE; status: BLOCKED; evidence_class: OBSERVED; confidence: HIGH
source_refs: task supplied evidence (status/robots/canonical); SYS-001; SYS-006
impact: The page appears indexable, but intended/actual indexability and exclusive owners for robots/canonical/title/schema/sitemap are not fully verified.
recommendation: INITIAL — verify Rank Math version/modules and current owners before proposing metadata, robots, canonical, schema or sitemap changes.
acceptance_criteria: Current/target owner, capability check, conflict check and approved indexability decision are recorded.
google_basis: GOOGLE_CONSISTENT
google_reference: https://developers.google.com/search/docs/crawling-indexing/consolidate-duplicate-urls
seo_owner_current: UNKNOWN_NEEDS_VERIFICATION
seo_owner_target: RANK_MATH where supported; otherwise UNKNOWN_NEEDS_VERIFICATION
rank_math_capability_checked: BLOCKED_BY_ACCESS
rank_math_path_or_reason_not_used: Production configuration is unavailable in Round 1.",OBSERVED,P1,PAGE,BLOCKED,"INITIAL — verify Rank Math version/modules and current owners before proposing metadata, robots, canonical, schema or sitemap changes.",pages/products/WP-27680.md
WP-27893,products,https://www.mariwork.ir/shop/mariwork-glossy-varnish-code215/,WP-27893-F001,No parsed structured-data types in supplied initial HTML evidence,"#### WP-27893-F001 — No parsed structured-data types in supplied initial HTML evidence

```yaml
severity: P1
scope: PAGE
status: CONFIRMED
evidence_class: OBSERVED
confidence: HIGH
source_refs: [""input.evidence.schema_types"", ""registry/SYSTEMIC-FINDINGS.md#SYS-004""]
seo_owner_current: UNKNOWN_NEEDS_VERIFICATION
seo_owner_target: RANK_MATH where capability is verified; otherwise UNKNOWN_NEEDS_VERIFICATION
rank_math_capability_checked: BLOCKED_BY_ACCESS
rank_math_path_or_reason_not_used: Production configuration and responsible output owner were not supplied.
google_basis: GOOGLE_CONSISTENT
google_reference: https://developers.google.com/search/docs/appearance/structured-data/intro-structured-data
```

**Evidence:** `schema_types: []`; no schema payload was identified in the supplied snapshot. Product visible content includes title, variants and price range, but schema consistency cannot be assessed.
**Impact:** Eligibility or consistency for product structured data is unverified; no rich-result or ranking causation is claimed.
**Recommendation:** INITIAL — verify rendered structured-data output and Rank Math/theme/plugin ownership, then assess Product/Offer/variant consistency against visible facts before any change.
**Acceptance criteria:** A representative product-family check records current output, owner, verified facts, conflicts, and regression cases; Second Review decides whether action is warranted.",OBSERVED,P1,PAGE,CONFIRMED,,pages/products/WP-27893.md
WP-27901,products,https://www.mariwork.ir/shop/mariwork-semi-matte-varnish-code216/,WP-27901-F001,No parsed structured-data types in supplied initial HTML evidence,"#### WP-27901-F001 — No parsed structured-data types in supplied initial HTML evidence

```yaml
severity: P1
scope: PAGE
status: CONFIRMED
evidence_class: OBSERVED
confidence: HIGH
source_refs: [""input.evidence.schema_types"", ""registry/SYSTEMIC-FINDINGS.md#SYS-004""]
seo_owner_current: UNKNOWN_NEEDS_VERIFICATION
seo_owner_target: RANK_MATH where capability is verified; otherwise UNKNOWN_NEEDS_VERIFICATION
rank_math_capability_checked: BLOCKED_BY_ACCESS
rank_math_path_or_reason_not_used: Production configuration and responsible output owner were not supplied.
google_basis: GOOGLE_CONSISTENT
google_reference: https://developers.google.com/search/docs/appearance/structured-data/intro-structured-data
```

**Evidence:** `schema_types: []`; no schema payload was identified in the supplied snapshot. Product visible content includes title, variants and price range, but schema consistency cannot be assessed.
**Impact:** Eligibility or consistency for product structured data is unverified; no rich-result or ranking causation is claimed.
**Recommendation:** INITIAL — verify rendered structured-data output and Rank Math/theme/plugin ownership, then assess Product/Offer/variant consistency against visible facts before any change.
**Acceptance criteria:** A representative product-family check records current output, owner, verified facts, conflicts, and regression cases; Second Review decides whether action is warranted.",OBSERVED,P1,PAGE,CONFIRMED,,pages/products/WP-27901.md
WP-27903,products,https://www.mariwork.ir/shop/contouring-pot-mariwork-fabric-code-311/,WP-27903-F001,No parsed structured-data types in supplied initial HTML evidence,"#### WP-27903-F001 — No parsed structured-data types in supplied initial HTML evidence

```yaml
severity: P1
scope: PAGE
status: CONFIRMED
evidence_class: OBSERVED
confidence: HIGH
source_refs: [""input.evidence.schema_types"", ""registry/SYSTEMIC-FINDINGS.md#SYS-004""]
seo_owner_current: UNKNOWN_NEEDS_VERIFICATION
seo_owner_target: RANK_MATH where capability is verified; otherwise UNKNOWN_NEEDS_VERIFICATION
rank_math_capability_checked: BLOCKED_BY_ACCESS
rank_math_path_or_reason_not_used: Production configuration and responsible output owner were not supplied.
google_basis: GOOGLE_CONSISTENT
google_reference: https://developers.google.com/search/docs/appearance/structured-data/intro-structured-data
```

**Evidence:** `schema_types: []`; no schema payload was identified in the supplied snapshot. Product visible content includes title, options and price range, but schema consistency cannot be assessed.
**Impact:** Eligibility or consistency for product structured data is unverified; no rich-result or ranking causation is claimed.
**Recommendation:** INITIAL — verify rendered structured-data output and Rank Math/theme/plugin ownership, then assess Product/Offer/variant consistency against visible facts before any change.
**Acceptance criteria:** A representative product-family check records current output, owner, verified facts, conflicts, and regression cases; Second Review decides whether action is warranted.",OBSERVED,P1,PAGE,CONFIRMED,,pages/products/WP-27903.md
WP-28232,products,https://www.mariwork.ir/shop/mariwork-golden-shine-code206/,WP-28232-F001,No parsed structured-data types in supplied initial HTML evidence,"#### WP-28232-F001 — No parsed structured-data types in supplied initial HTML evidence
```yaml
severity: P1
scope: PAGE
status: CONFIRMED
evidence_class: OBSERVED
confidence: HIGH
source_refs: [""input.evidence.schema_types"", ""registry/SYSTEMIC-FINDINGS.md#SYS-004""]
seo_owner_current: UNKNOWN_NEEDS_VERIFICATION
seo_owner_target: RANK_MATH where capability is verified; otherwise UNKNOWN_NEEDS_VERIFICATION
rank_math_capability_checked: BLOCKED_BY_ACCESS
rank_math_path_or_reason_not_used: Production configuration and responsible output owner were not supplied.
google_basis: GOOGLE_CONSISTENT
google_reference: https://developers.google.com/search/docs/appearance/structured-data/intro-structured-data
```
**Evidence:** `schema_types: []`; no schema payload was identified. **Impact:** Product structured-data eligibility/consistency is unverified; no ranking or rich-result causation is claimed. **Recommendation:** INITIAL — verify output and Rank Math/theme/plugin ownership, then compare Product/Offer facts with visible content. **Acceptance criteria:** Owner, current output, verified facts, conflicts and regression cases are recorded before any decision.",OBSERVED,P1,PAGE,CONFIRMED,,pages/products/WP-28232.md
WP-28239,products,https://www.mariwork.ir/shop/mariwork-silver-shine-code207/,WP-28239-F001,No parsed structured-data types in supplied initial HTML evidence,"#### WP-28239-F001 — No parsed structured-data types in supplied initial HTML evidence
```yaml
severity: P1
scope: PAGE
status: CONFIRMED
evidence_class: OBSERVED
confidence: HIGH
source_refs: [""input.evidence.schema_types"", ""registry/SYSTEMIC-FINDINGS.md#SYS-004""]
seo_owner_current: UNKNOWN_NEEDS_VERIFICATION
seo_owner_target: RANK_MATH where capability is verified; otherwise UNKNOWN_NEEDS_VERIFICATION
rank_math_capability_checked: BLOCKED_BY_ACCESS
rank_math_path_or_reason_not_used: Production configuration and responsible output owner were not supplied.
google_basis: GOOGLE_CONSISTENT
google_reference: https://developers.google.com/search/docs/appearance/structured-data/intro-structured-data
```
**Evidence:** `schema_types: []`; no schema payload was identified. **Impact:** Product structured-data eligibility/consistency is unverified; no ranking or rich-result causation is claimed. **Recommendation:** INITIAL — verify output and Rank Math/theme/plugin ownership, then compare Product/Offer facts with visible content. **Acceptance criteria:** Owner, current output, verified facts, conflicts and regression cases are recorded before any decision.",OBSERVED,P1,PAGE,CONFIRMED,,pages/products/WP-28239.md
WP-28242,products,https://www.mariwork.ir/shop/mocha-mousse-mariwork-fabric-color-code138/,WP-28242-F001,No parsed structured-data types in supplied initial HTML evidence,"#### WP-28242-F001 — No parsed structured-data types in supplied initial HTML evidence
```yaml
severity: P1
scope: PAGE
status: CONFIRMED
evidence_class: OBSERVED
confidence: HIGH
source_refs: [""input.evidence.schema_types"", ""registry/SYSTEMIC-FINDINGS.md#SYS-004""]
seo_owner_current: UNKNOWN_NEEDS_VERIFICATION
seo_owner_target: RANK_MATH where capability is verified; otherwise UNKNOWN_NEEDS_VERIFICATION
rank_math_capability_checked: BLOCKED_BY_ACCESS
rank_math_path_or_reason_not_used: Production configuration and responsible output owner were not supplied.
google_basis: GOOGLE_CONSISTENT
google_reference: https://developers.google.com/search/docs/appearance/structured-data/intro-structured-data
```
**Evidence:** `schema_types: []`; no schema payload was identified. **Impact:** Product structured-data eligibility/consistency is unverified; no ranking or rich-result causation is claimed. **Recommendation:** INITIAL — verify output and Rank Math/theme/plugin ownership, then compare Product/Offer facts with visible content. **Acceptance criteria:** Owner, current output, verified facts, conflicts and regression cases are recorded before any decision.",OBSERVED,P1,PAGE,CONFIRMED,,pages/products/WP-28242.md
WP-28244,products,https://www.mariwork.ir/shop/teal-mariwork-fabric-color-code139/,WP-28244-F001,No parsed structured-data types in supplied initial HTML evidence,"#### WP-28244-F001 — No parsed structured-data types in supplied initial HTML evidence
```yaml
severity: P1
scope: PAGE
status: CONFIRMED
evidence_class: OBSERVED
confidence: HIGH
source_refs: [""input.evidence.schema_types"", ""registry/SYSTEMIC-FINDINGS.md#SYS-004""]
seo_owner_current: UNKNOWN_NEEDS_VERIFICATION
seo_owner_target: RANK_MATH where capability is verified; otherwise UNKNOWN_NEEDS_VERIFICATION
rank_math_capability_checked: BLOCKED_BY_ACCESS
rank_math_path_or_reason_not_used: Production configuration and responsible output owner were not supplied.
google_basis: GOOGLE_CONSISTENT
google_reference: https://developers.google.com/search/docs/appearance/structured-data/intro-structured-data
```
**Evidence:** `schema_types: []`; no schema payload was identified. **Impact:** Product structured-data eligibility/consistency is unverified; no ranking or rich-result causation is claimed. **Recommendation:** INITIAL — verify output and Rank Math/theme/plugin ownership, then compare Product/Offer facts with visible content. **Acceptance criteria:** Owner, current output, verified facts, conflicts and regression cases are recorded before any decision.",OBSERVED,P1,PAGE,CONFIRMED,,pages/products/WP-28244.md
WP-28610,products,https://www.mariwork.ir/shop/40color-set/,WP-28610-F001,No parsed structured-data types in supplied initial HTML evidence,"#### WP-28610-F001 — No parsed structured-data types in supplied initial HTML evidence
```yaml
severity: P1
scope: PAGE
status: CONFIRMED
evidence_class: OBSERVED
confidence: HIGH
source_refs: [""input.evidence.schema_types"", ""registry/SYSTEMIC-FINDINGS.md#SYS-004""]
seo_owner_current: UNKNOWN_NEEDS_VERIFICATION
seo_owner_target: RANK_MATH where capability is verified; otherwise UNKNOWN_NEEDS_VERIFICATION
rank_math_capability_checked: BLOCKED_BY_ACCESS
rank_math_path_or_reason_not_used: Production configuration and responsible output owner were not supplied.
google_basis: GOOGLE_CONSISTENT
google_reference: https://developers.google.com/search/docs/appearance/structured-data/intro-structured-data
```
**Evidence:** `schema_types: []`; no schema payload was identified. **Impact:** Bundle structured-data eligibility/consistency is unverified; no ranking or rich-result causation is claimed. **Recommendation:** INITIAL — verify output and ownership, then compare bundle/Offer facts with visible contents. **Acceptance criteria:** Owner, current output, verified facts, conflicts and regression cases are recorded before any decision.",OBSERVED,P1,PAGE,CONFIRMED,,pages/products/WP-28610.md
WP-28623,products,https://www.mariwork.ir/shop/whole-colors-and-mediumes-set/,WP-28623-F001,No parsed structured-data types in supplied initial HTML evidence,"#### WP-28623-F001 — No parsed structured-data types in supplied initial HTML evidence
```yaml
severity: P1
scope: PAGE
status: CONFIRMED
evidence_class: OBSERVED
confidence: HIGH
source_refs: [""input.evidence.schema_types"", ""registry/SYSTEMIC-FINDINGS.md#SYS-004""]
seo_owner_current: UNKNOWN_NEEDS_VERIFICATION
seo_owner_target: RANK_MATH where capability is verified; otherwise UNKNOWN_NEEDS_VERIFICATION
rank_math_capability_checked: BLOCKED_BY_ACCESS
rank_math_path_or_reason_not_used: Production configuration and responsible output owner were not supplied.
google_basis: GOOGLE_CONSISTENT
google_reference: https://developers.google.com/search/docs/appearance/structured-data/intro-structured-data
```
**Evidence:** `schema_types: []`; no schema payload was identified. **Impact:** Bundle structured-data eligibility/consistency is unverified; no ranking or rich-result causation is claimed. **Recommendation:** INITIAL — verify output and ownership, then compare bundle/Offer facts with visible contents. **Acceptance criteria:** Owner, current output, verified facts, conflicts and regression cases are recorded before any decision.",OBSERVED,P1,PAGE,CONFIRMED,,pages/products/WP-28623.md
WP-28627,products,https://www.mariwork.ir/shop/whole-mediumes-set/,WP-28627-F001,Malformed widget artifact in meta description,"#### WP-28627-F001 — Malformed widget artifact in meta description
```yaml
severity: P1
scope: PAGE
status: CONFIRMED
evidence_class: OBSERVED
confidence: HIGH
source_refs: [""input.evidence.meta_description""]
seo_owner_current: UNKNOWN_NEEDS_VERIFICATION
seo_owner_target: RANK_MATH where capability is verified; otherwise UNKNOWN_NEEDS_VERIFICATION
rank_math_capability_checked: BLOCKED_BY_ACCESS
rank_math_path_or_reason_not_used: Production configuration and metadata source were not supplied.
google_basis: GOOGLE_CONSISTENT
google_reference: https://developers.google.com/search/docs/appearance/snippet
```
**Evidence:** supplied meta description begins `idget_type=""woocommerce-product-additional-information.default"">` before the product description. **Impact:** The controlled snippet input contains a visible template/markup artifact and may not accurately summarize the product. **Recommendation:** INITIAL — trace the source in the single approved SEO/content owner and remove the artifact only after confirming the intended visible description; do not draft replacement copy in Round 1. **Acceptance criteria:** Clean initial output, accurate visible description, single owner, and no regression on representative bundle pages.",OBSERVED,P1,PAGE,CONFIRMED,,pages/products/WP-28627.md
WP-28627,products,https://www.mariwork.ir/shop/whole-mediumes-set/,WP-28627-F002,No parsed structured-data types in supplied initial HTML evidence,"#### WP-28627-F002 — No parsed structured-data types in supplied initial HTML evidence
```yaml
severity: P1
scope: PAGE
status: CONFIRMED
evidence_class: OBSERVED
confidence: HIGH
source_refs: [""input.evidence.schema_types"", ""registry/SYSTEMIC-FINDINGS.md#SYS-004""]
seo_owner_current: UNKNOWN_NEEDS_VERIFICATION
seo_owner_target: RANK_MATH where capability is verified; otherwise UNKNOWN_NEEDS_VERIFICATION
rank_math_capability_checked: BLOCKED_BY_ACCESS
rank_math_path_or_reason_not_used: Production configuration and responsible output owner were not supplied.
google_basis: GOOGLE_CONSISTENT
google_reference: https://developers.google.com/search/docs/appearance/structured-data/intro-structured-data
```
**Evidence:** `schema_types: []`; no schema payload was identified. **Impact:** Bundle structured-data eligibility/consistency is unverified; no ranking or rich-result causation is claimed. **Recommendation:** INITIAL — verify output and ownership, then compare bundle/Offer facts with visible contents. **Acceptance criteria:** Owner, current output, verified facts, conflicts and regression cases are recorded before any decision.",OBSERVED,P1,PAGE,CONFIRMED,,pages/products/WP-28627.md
WP-30906,static,https://www.mariwork.ir/login-otino/,WP-30906-F001,200 account page has noindex and no canonical output,"#### WP-30906-F001 — 200 account page has noindex and no canonical output
```yaml
severity: P1
scope: PAGE
status: CONFIRMED
evidence_class: OBSERVED
confidence: HIGH
source_refs: [""INPUT:evidence.status"", ""INPUT:evidence.meta_robots"", ""INPUT:evidence.canonical""]
impact: Current signals are observable but account-page policy and canonical ownership are not evidenced; no ranking penalty is claimed.
recommendation: INITIAL — confirm sitewide account-page policy and owner before any robots/canonical change; do not infer indexability intent.
acceptance_criteria: Approved policy, current owner, and account-URL regression checks are documented.
google_basis: GOOGLE_RECOMMENDED
google_reference: https://developers.google.com/search/docs/crawling-indexing/robots-meta-tag
seo_owner_current: UNKNOWN_NEEDS_VERIFICATION
seo_owner_target: RANK_MATH where capability is verified
rank_math_capability_checked: BLOCKED_BY_ACCESS
rank_math_path_or_reason_not_used: Installed modules/settings unavailable
```",OBSERVED,P1,PAGE,CONFIRMED,INITIAL — confirm sitewide account-page policy and owner before any robots/canonical change,pages/static/WP-30906.md
WP-30906,static,https://www.mariwork.ir/login-otino/,WP-30906-F002,Authentication flow is not fully verifiable from supplied evidence,"#### WP-30906-F002 — Authentication flow is not fully verifiable from supplied evidence
```yaml
severity: P2
scope: PAGE
status: BLOCKED
evidence_class: OBSERVED
confidence: HIGH
source_refs: [""INPUT:evidence.text_excerpt"", ""INPUT:evidence.html_sha256""]
impact: Authenticated behavior and interaction-dependent content remain unknown.
recommendation: INITIAL — verify only through an approved auth-safe, non-production test; record no credentials or phone data.
acceptance_criteria: Initial HTML, JS behavior, and public content are distinguished without account actions.
google_basis: PROJECT_DECISION
google_reference: https://developers.google.com/search/docs/crawling-indexing/javascript
seo_owner_current: PLATFORM/CONTENT_UNKNOWN
seo_owner_target: PLATFORM for auth behavior; CONTENT for public text
rank_math_capability_checked: NOT_APPLICABLE_FOR_AUTH_FLOW
rank_math_path_or_reason_not_used: Rank Math does not establish OTP delivery/authentication behavior
```",OBSERVED,P2,PAGE,BLOCKED,"INITIAL — verify only through an approved auth-safe, non-production test",pages/static/WP-30906.md
WP-30918,shop,https://www.mariwork.ir/shop/,WP-30918-F001,Archive has no H1 in supplied initial HTML,"#### WP-30918-F001 — Archive has no H1 in supplied initial HTML

```yaml
id: WP-30918-F001
severity: P1
scope: PAGE
status: CONFIRMED
evidence_class: OBSERVED
confidence: HIGH
source_refs: [input.evidence.h1, input.evidence.title, input.evidence.headings, SYS-004]
impact: The page has a product-listing archive but no supplied H1 that clearly identifies the page/topic for users and crawlers; the exact rendered/mobile state is not verified.
recommendation: INITIAL — validate rendered output and ownership first; if confirmed, add one visible, descriptive H1 through the approved content/template owner without changing the URL.
acceptance_criteria: One visible H1 is present in initial and rendered/mobile output, accurately identifies the shop/archive, is not duplicated, and is consistent with the approved page content and metadata.
google_basis: GOOGLE_CONSISTENT
google_reference: https://developers.google.com/search/docs/fundamentals/seo-starter-guide
seo_owner_current: UNKNOWN_NEEDS_VERIFICATION
seo_owner_target: CONTENT/template owner for visible H1; Rank Math only for supported metadata, not visible content
rank_math_capability_checked: BLOCKED_BY_ACCESS
rank_math_path_or_reason_not_used: Rank Math configuration/version and template ownership were not supplied; visible H1 is not a Rank Math metadata concern.
```

**Evidence:** Supplied evidence reports `h1: """"` while listing ten H2 product headings and 84 results.
**Impact:** Page identity is less explicit in the supplied initial HTML; no ranking causation is claimed.
**Recommendation:** Initial recommendation only; verify rendered output and template ownership before any change.
**Acceptance criteria:** As stated in the finding YAML.",OBSERVED,P1,PAGE,CONFIRMED,INITIAL — validate rendered output and ownership first,pages/shop/WP-30918.md
WP-30918,shop,https://www.mariwork.ir/shop/,WP-30918-F002,Meta description contains the literal archive placeholder,"#### WP-30918-F002 — Meta description contains the literal archive placeholder

```yaml
id: WP-30918-F002
severity: P2
scope: PAGE
status: CONFIRMED
evidence_class: OBSERVED
confidence: HIGH
source_refs: [input.evidence.meta_description, input.evidence.title, SYS-004]
impact: The supplied description exposes the literal English token `Archive` and gives limited page-specific context for a Persian shop archive; snippet selection and ranking impact are not claimed.
recommendation: INITIAL — review the intended archive description and current owner; if changed, manage the metadata through the verified Rank Math path where supported, with no duplicate SEO output.
acceptance_criteria: Approved metadata accurately describes the visible shop/archive, removes unintended template leakage, remains consistent with page content, and is emitted by one verified owner.
google_basis: GOOGLE_RECOMMENDED
google_reference: https://developers.google.com/search/docs/appearance/snippet
seo_owner_current: UNKNOWN_NEEDS_VERIFICATION
seo_owner_target: RANK_MATH where capability/current ownership is verified
rank_math_capability_checked: BLOCKED_BY_ACCESS
rank_math_path_or_reason_not_used: Installed version/modules and current metadata owner were not supplied; see SYS-001 and SYS-006.
```

**Evidence:** Supplied meta description is exactly `محصولات Archive - رنگ پارچه ماری ورک`.
**Impact:** Template leakage and weak specificity are observed; no guaranteed CTR/ranking effect is asserted.
**Recommendation:** Initial recommendation only; do not draft or implement final metadata in Round 1.
**Acceptance criteria:** As stated in the finding YAML.",OBSERVED,P2,PAGE,CONFIRMED,INITIAL — review the intended archive description and current owner,pages/shop/WP-30918.md
WP-30918,shop,https://www.mariwork.ir/shop/,WP-30918-F003,Archive structured-data state is unverified,"#### WP-30918-F003 — Archive structured-data state is unverified

```yaml
id: WP-30918-F003
severity: P2
scope: PAGE
status: OPEN
evidence_class: MEASURED
confidence: MEDIUM
source_refs: [input.evidence.schema_types, input.evidence.text_excerpt, SYS-004]
impact: No parsed schema type is present in the supplied evidence for an archive containing 84 products; this does not establish that schema is required or that a rich-result loss occurred.
recommendation: INITIAL — verify rendered JSON-LD/microdata and the intended archive schema policy before deciding whether any change is warranted; preserve consistency with visible product data.
acceptance_criteria: Rendered and initial output are checked, intended schema policy is documented, and any emitted structured data is valid, non-duplicated and consistent with visible content.
google_basis: GOOGLE_CONSISTENT
google_reference: https://developers.google.com/search/docs/appearance/structured-data/intro-structured-data
seo_owner_current: UNKNOWN_NEEDS_VERIFICATION
seo_owner_target: RANK_MATH where supported; otherwise one documented central integration
rank_math_capability_checked: BLOCKED_BY_ACCESS
rank_math_path_or_reason_not_used: Rank Math schema modules/configuration and rendered output were not available in the deterministic input.
```

**Evidence:** `schema_types: []` is reported; the page visibly lists products and prices.
**Impact:** Structured-data coverage and consistency cannot be assessed from this snapshot alone.
**Recommendation:** Verification only at Round 1; no schema implementation is authorized.
**Acceptance criteria:** As stated in the finding YAML.

**Explicit gaps:** Search Console/coverage metrics, joined Page+Query data, rendered/mobile output, Rank Math version/modules/settings, current SEO owners, exact sitemap membership, and legacy URL mapping are not available. Existing systemic references: SYS-001, SYS-004, SYS-006, SYS-007.",MEASURED,P2,PAGE,OPEN,INITIAL — verify rendered JSON-LD/microdata and the intended archive schema policy before deciding whether any change is warranted,pages/shop/WP-30918.md
WP-30991,static,https://www.mariwork.ir/fast-buy/,WP-30991-F001,Interactive product results are not evidenced in initial output,"#### WP-30991-F001 — Interactive product results are not evidenced in initial output
```yaml
severity: P1
scope: PAGE
status: BLOCKED
evidence_class: OBSERVED
confidence: HIGH
source_refs: [""INPUT:evidence.text_excerpt"", ""INPUT:evidence.meta_robots"", ""INPUT:evidence.canonical""]
impact: Product discovery and crawlable critical content cannot be assessed; runtime failure is not concluded.
recommendation: INITIAL — verify in an approved non-purchase test and distinguish initial vs post-JS content.
acceptance_criteria: Representative results, filters, and accessible links are evidenced safely; failure states are documented.
google_basis: GOOGLE_CONSISTENT
google_reference: https://developers.google.com/search/docs/crawling-indexing/javascript
seo_owner_current: PLATFORM/UNKNOWN_NEEDS_VERIFICATION
seo_owner_target: PLATFORM for tool behavior; RANK_MATH for supported SEO controls
rank_math_capability_checked: BLOCKED_BY_ACCESS
rank_math_path_or_reason_not_used: Production modules and AJAX implementation unavailable
```",OBSERVED,P1,PAGE,BLOCKED,INITIAL — verify in an approved non-purchase test and distinguish initial vs post-JS content.,pages/static/WP-30991.md
WP-30991,static,https://www.mariwork.ir/fast-buy/,WP-30991-F002,Noindex/canonical policy for this tool page is unresolved,"#### WP-30991-F002 — Noindex/canonical policy for this tool page is unresolved
```yaml
severity: P1
scope: PAGE
status: CONFIRMED
evidence_class: OBSERVED
confidence: HIGH
source_refs: [""INPUT:inventory.canonical_url"", ""INPUT:evidence.meta_robots"", ""INPUT:evidence.canonical""]
impact: Current signal is observable but intended policy and owner are not evidenced.
recommendation: INITIAL — document the sitewide policy for interactive commerce tools before changing robots/canonical output.
acceptance_criteria: Approved policy, owner, and regression URLs are recorded.
google_basis: GOOGLE_RECOMMENDED
google_reference: https://developers.google.com/search/docs/crawling-indexing/robots-meta-tag
seo_owner_current: UNKNOWN_NEEDS_VERIFICATION
seo_owner_target: RANK_MATH where capability is verified
rank_math_capability_checked: BLOCKED_BY_ACCESS
rank_math_path_or_reason_not_used: Installed settings unavailable
```",OBSERVED,P1,PAGE,CONFIRMED,INITIAL — document the sitewide policy for interactive commerce tools before changing robots/canonical output.,pages/static/WP-30991.md
WP-32689,static,https://www.mariwork.ir/mds-manual-qa-905b/,WP-32689-F001,Inventory identity/status conflicts with current page evidence,"#### WP-32689-F001 — Inventory identity/status conflicts with current page evidence
```yaml
severity: P1
scope: PAGE
status: CONFIRMED
evidence_class: OBSERVED
confidence: HIGH
source_refs: [""INPUT:inventory.actual_status"", ""INPUT:evidence.status"", ""INPUT:evidence.final_url"", ""SYS-003""]
impact: Current disposition cannot be selected safely; redirect, restoration, or removal would require source identity and intent evidence.
recommendation: INITIAL — reconcile the inventory/REST record with the observed 404 and historical sources; do not infer a replacement from slug similarity.
acceptance_criteria: Exact source identity, redirect/canonical status, historical evidence, and approved disposition are documented.
google_basis: GOOGLE_CONSISTENT
google_reference: https://developers.google.com/search/docs/crawling-indexing/301-redirects
seo_owner_current: UNKNOWN_NEEDS_VERIFICATION
seo_owner_target: RANK_MATH if supported for redirect controls; otherwise documented platform owner
rank_math_capability_checked: BLOCKED_BY_ACCESS
rank_math_path_or_reason_not_used: Redirect table and installed modules unavailable
```",OBSERVED,P1,PAGE,CONFIRMED,INITIAL — reconcile the inventory/REST record with the observed 404 and historical sources,pages/static/WP-32689.md
WP-32714,academy,https://www.mariwork.ir/academy/mariwork-one-minute-guides/,WP-32714-F001,Course image ALT coverage gap,"#### WP-32714-F001 — Course image ALT coverage gap

```yaml
severity: P1
scope: PAGE
status: CONFIRMED
evidence_class: MEASURED
confidence: HIGH
source_refs: [supplied evidence, GSC:Pages.csv:258]
google_basis: GOOGLE_RECOMMENDED
google_reference: https://developers.google.com/search/docs/appearance/google-images
```
**Evidence:** 20 of 22 reported images lack ALT; roles were not independently inspected.
**Impact:** Many course/lesson thumbnails may lack accessible/image context. No ranking causation is claimed.
**Recommendation:** INITIAL — perform family-level image-role review and add descriptive ALT only for informative images.
**Acceptance criteria:** Per-image decisions, decorative handling, and regression evidence without invented descriptions.",MEASURED,P1,PAGE,CONFIRMED,,pages/academy/WP-32714.md
WP-32714,academy,https://www.mariwork.ir/academy/mariwork-one-minute-guides/,WP-32714-F002,Structured-data evidence gap,"#### WP-32714-F002 — Structured-data evidence gap

```yaml
severity: P2
scope: PAGE
status: CONFIRMED
evidence_class: OBSERVED
confidence: MEDIUM
source_refs: [supplied evidence]
google_basis: GOOGLE_CONSISTENT
google_reference: https://developers.google.com/search/docs/appearance/structured-data/intro-structured-data
seo_owner_current: UNKNOWN_NEEDS_VERIFICATION
seo_owner_target: RANK_MATH if capability is verified; otherwise UNKNOWN_NEEDS_VERIFICATION
rank_math_capability_checked: BLOCKED_BY_ACCESS
rank_math_path_or_reason_not_used: Production configuration unavailable.
```
**Evidence:** `schema_types: []` in the supplied initial-HTML extraction.
**Impact:** Structured-data eligibility/coverage cannot be assessed from this evidence; no rich-result claim is made.
**Recommendation:** INITIAL — verify rendered and initial output and Rank Math/theme ownership before considering any schema work.
**Acceptance criteria:** Validated schema inventory and visible/schema consistency; no fabricated course/video facts.

**Family reference:** SYS-011; broader schema ownership/output gap: SYS-004.",OBSERVED,P2,PAGE,CONFIRMED,,pages/academy/WP-32714.md
WP-32844,education,https://www.mariwork.ir/academy/mariwork-one-minute-guides/lessons/painting-method-on-fabric-or-leather-shoes/,WP-32844-F001,Lesson image ALT coverage gap,"#### WP-32844-F001 — Lesson image ALT coverage gap
```yaml
severity: P2
scope: PAGE
status: CONFIRMED
evidence_class: MEASURED
confidence: HIGH
source_refs: [supplied evidence, GSC:Pages.csv:141]
google_basis: GOOGLE_RECOMMENDED
google_reference: https://developers.google.com/search/docs/appearance/google-images
```
**Evidence:** 3 of 31 images lack ALT; the lesson has a visible H1 and instructional initial HTML. **Impact:** image context/accessibility may be incomplete. **Recommendation:** INITIAL — classify image roles and add ALT only where informative. **Acceptance criteria:** per-image review with no invented descriptions.",MEASURED,P2,PAGE,CONFIRMED,,pages/education/WP-32844.md
WP-32844,education,https://www.mariwork.ir/academy/mariwork-one-minute-guides/lessons/painting-method-on-fabric-or-leather-shoes/,WP-32844-F002,Legacy education URL history needs verification,"#### WP-32844-F002 — Legacy education URL history needs verification
```yaml
severity: P2
scope: PAGE
status: CONFIRMED
evidence_class: OBSERVED
confidence: HIGH
source_refs: [supplied evidence, CANONICAL/REDIRECT references in inventory]
google_basis: GOOGLE_CONSISTENT
google_reference: https://developers.google.com/search/docs/crawling-indexing/301-redirects
```
**Evidence:** supplied inventory references a legacy `/education/painting-method-on-fabric-or-leather-shoes/` URL, while the current lesson URL is 200/self-canonical; complete chain and legacy status are not independently available. **Recommendation:** INITIAL — verify source, redirect chain and canonical mapping before any migration action. **Acceptance criteria:** direct, relevant mapping or explicit blocker; no inferred metric transfer.

Family reference: SYS-011; legacy verification also relates to SYS-003.",OBSERVED,P2,PAGE,CONFIRMED,,pages/education/WP-32844.md
WP-32845,education,https://www.mariwork.ir/academy/mariwork-one-minute-guides/lessons/combining-painting-and-embroidery-on-fabric/,WP-32845-F001,Lesson image ALT coverage gap,"#### WP-32845-F001 — Lesson image ALT coverage gap
```yaml
severity: P2
scope: PAGE
status: CONFIRMED
evidence_class: MEASURED
confidence: HIGH
source_refs: [supplied evidence, GSC:Pages.csv:228]
google_basis: GOOGLE_RECOMMENDED
google_reference: https://developers.google.com/search/docs/appearance/google-images
```
**Evidence:** 3 of 5 images lack ALT; visible instructional content is present in initial HTML. **Recommendation:** INITIAL — review image roles and assign descriptive ALT only when useful. **Acceptance criteria:** image-by-image evidence; decorative images remain empty ALT.",MEASURED,P2,PAGE,CONFIRMED,,pages/education/WP-32845.md
WP-32845,education,https://www.mariwork.ir/academy/mariwork-one-minute-guides/lessons/combining-painting-and-embroidery-on-fabric/,WP-32845-F002,Structured-data evidence gap,"#### WP-32845-F002 — Structured-data evidence gap
```yaml
severity: P2
scope: PAGE
status: CONFIRMED
evidence_class: OBSERVED
confidence: MEDIUM
source_refs: [supplied evidence]
google_basis: GOOGLE_CONSISTENT
google_reference: https://developers.google.com/search/docs/appearance/structured-data/intro-structured-data
seo_owner_current: UNKNOWN_NEEDS_VERIFICATION
seo_owner_target: RANK_MATH if verified
rank_math_capability_checked: BLOCKED_BY_ACCESS
rank_math_path_or_reason_not_used: Production configuration unavailable.
```
**Evidence:** no parsed schema types. **Recommendation:** INITIAL — verify output and ownership before any schema decision; do not invent review/video facts. **Acceptance criteria:** validated schema inventory and visible consistency.

Family reference: SYS-011; broader schema gap: SYS-004.",OBSERVED,P2,PAGE,CONFIRMED,,pages/education/WP-32845.md
WP-32846,education,https://www.mariwork.ir/academy/mariwork-one-minute-guides/lessons/painting-on-a-dry-background/,WP-32846-F001,Lesson image ALT coverage gap,"#### WP-32846-F001 — Lesson image ALT coverage gap
```yaml
severity: P2
scope: PAGE
status: CONFIRMED
evidence_class: MEASURED
confidence: HIGH
source_refs: [supplied evidence, GSC:Pages.csv:199]
google_basis: GOOGLE_RECOMMENDED
google_reference: https://developers.google.com/search/docs/appearance/google-images
```
**Evidence:** 5 of 7 images lack ALT. **Recommendation:** INITIAL — classify image roles and add descriptive ALT only to informative images. **Acceptance criteria:** per-image decision, no invented facts.",MEASURED,P2,PAGE,CONFIRMED,,pages/education/WP-32846.md
WP-32846,education,https://www.mariwork.ir/academy/mariwork-one-minute-guides/lessons/painting-on-a-dry-background/,WP-32846-F002,Structured-data evidence gap,"#### WP-32846-F002 — Structured-data evidence gap
```yaml
severity: P2
scope: PAGE
status: CONFIRMED
evidence_class: OBSERVED
confidence: MEDIUM
source_refs: [supplied evidence]
google_basis: GOOGLE_CONSISTENT
google_reference: https://developers.google.com/search/docs/appearance/structured-data/intro-structured-data
```
**Evidence:** no parsed schema types. **Recommendation:** INITIAL — verify rendered/initial output and Rank Math ownership before any schema work. **Acceptance criteria:** validated inventory and visible/schema consistency.

Family reference: SYS-011; broader schema gap: SYS-004.",OBSERVED,P2,PAGE,CONFIRMED,,pages/education/WP-32846.md
WP-32847,education,https://www.mariwork.ir/academy/mariwork-one-minute-guides/lessons/stencil-printing-method-with-wreath/,WP-32847-F001,Lesson image ALT coverage gap,"#### WP-32847-F001 — Lesson image ALT coverage gap
```yaml
severity: P2
scope: PAGE
status: CONFIRMED
evidence_class: MEASURED
confidence: HIGH
source_refs: [supplied evidence, GSC:Pages.csv:262]
google_basis: GOOGLE_RECOMMENDED
google_reference: https://developers.google.com/search/docs/appearance/google-images
```
**Evidence:** 7 of 9 images lack ALT. **Recommendation:** INITIAL — review image roles and add ALT only when informative. **Acceptance criteria:** per-image evidence; no keyword stuffing.",MEASURED,P2,PAGE,CONFIRMED,,pages/education/WP-32847.md
WP-32847,education,https://www.mariwork.ir/academy/mariwork-one-minute-guides/lessons/stencil-printing-method-with-wreath/,WP-32847-F002,Structured-data evidence gap,"#### WP-32847-F002 — Structured-data evidence gap
```yaml
severity: P2
scope: PAGE
status: CONFIRMED
evidence_class: OBSERVED
confidence: MEDIUM
source_refs: [supplied evidence]
google_basis: GOOGLE_CONSISTENT
google_reference: https://developers.google.com/search/docs/appearance/structured-data/intro-structured-data
```
**Evidence:** no parsed schema types. **Recommendation:** INITIAL — verify output and Rank Math owner before considering schema. **Acceptance criteria:** validated inventory and consistency.

Family reference: SYS-011; broader schema gap: SYS-004.",OBSERVED,P2,PAGE,CONFIRMED,,pages/education/WP-32847.md
WP-32848,education,https://www.mariwork.ir/academy/mariwork-one-minute-guides/lessons/working-with-the-wreath-and-its-glue/,WP-32848-F001,Lesson image ALT coverage gap,"#### WP-32848-F001 — Lesson image ALT coverage gap
```yaml
severity: P2
scope: PAGE
status: CONFIRMED
evidence_class: MEASURED
confidence: HIGH
source_refs: [supplied evidence, GSC:Pages.csv:160]
google_basis: GOOGLE_RECOMMENDED
google_reference: https://developers.google.com/search/docs/appearance/google-images
```
**Evidence:** 3 of 13 images lack ALT. **Recommendation:** INITIAL — classify image roles and add descriptive ALT only where informative. **Acceptance criteria:** image-by-image review without invented descriptions.",MEASURED,P2,PAGE,CONFIRMED,,pages/education/WP-32848.md
WP-32848,education,https://www.mariwork.ir/academy/mariwork-one-minute-guides/lessons/working-with-the-wreath-and-its-glue/,WP-32848-F002,Structured-data evidence gap,"#### WP-32848-F002 — Structured-data evidence gap
```yaml
severity: P2
scope: PAGE
status: CONFIRMED
evidence_class: OBSERVED
confidence: MEDIUM
source_refs: [supplied evidence]
google_basis: GOOGLE_CONSISTENT
google_reference: https://developers.google.com/search/docs/appearance/structured-data/intro-structured-data
```
**Evidence:** no parsed schema types. **Recommendation:** INITIAL — verify output and Rank Math ownership first. **Acceptance criteria:** validated schema inventory and visible consistency.

Family reference: SYS-011; broader schema gap: SYS-004.",OBSERVED,P2,PAGE,CONFIRMED,,pages/education/WP-32848.md
WP-32849,education,https://www.mariwork.ir/academy/mariwork-one-minute-guides/lessons/how-to-print-on-fabric-with-lino-stamp/,WP-32849-F001,Description appears mismatched with visible lesson topic,"#### WP-32849-F001 — Description appears mismatched with visible lesson topic
```yaml
severity: P1
scope: PAGE
status: CONFIRMED
evidence_class: OBSERVED
confidence: HIGH
source_refs: [supplied evidence, GSC:Pages.csv:169]
google_basis: GOOGLE_CONSISTENT
google_reference: https://developers.google.com/search/docs/appearance/snippet
```
**Evidence:** title/H1 concern lino-stamp printing, while the supplied meta description describes painting plus embroidery and does not match the visible topic. **Impact:** snippet representation may be misleading. **Recommendation:** INITIAL — reconcile visible topic and metadata through the verified SEO owner; do not draft final metadata in Round 1. **Acceptance criteria:** approved topic-aligned metadata, visible consistency, and Rank Math ownership evidence.",OBSERVED,P1,PAGE,CONFIRMED,,pages/education/WP-32849.md
WP-32849,education,https://www.mariwork.ir/academy/mariwork-one-minute-guides/lessons/how-to-print-on-fabric-with-lino-stamp/,WP-32849-F002,Lesson image ALT coverage gap,"#### WP-32849-F002 — Lesson image ALT coverage gap
```yaml
severity: P2
scope: PAGE
status: CONFIRMED
evidence_class: MEASURED
confidence: HIGH
source_refs: [supplied evidence]
google_basis: GOOGLE_RECOMMENDED
google_reference: https://developers.google.com/search/docs/appearance/google-images
```
**Evidence:** 5 of 7 images lack ALT. **Recommendation:** INITIAL — classify roles and add ALT only for informative images. **Acceptance criteria:** per-image evidence; no invented descriptions.

Family reference: SYS-011.",MEASURED,P2,PAGE,CONFIRMED,,pages/education/WP-32849.md
WP-32850,education,https://www.mariwork.ir/academy/mariwork-one-minute-guides/lessons/combining-monotype-and-monoprint-printing-3/,WP-32850-F001,Lesson image ALT coverage gap,"#### WP-32850-F001 — Lesson image ALT coverage gap
```yaml
severity: P2
scope: PAGE
status: CONFIRMED
evidence_class: MEASURED
confidence: HIGH
source_refs: [supplied evidence, GSC:Pages.csv:361]
google_basis: GOOGLE_RECOMMENDED
google_reference: https://developers.google.com/search/docs/appearance/google-images
```
**Evidence:** 6 of 8 images lack ALT. **Recommendation:** INITIAL — classify roles and add descriptive ALT only when useful. **Acceptance criteria:** image-by-image evidence without invented facts.",MEASURED,P2,PAGE,CONFIRMED,,pages/education/WP-32850.md
WP-32850,education,https://www.mariwork.ir/academy/mariwork-one-minute-guides/lessons/combining-monotype-and-monoprint-printing-3/,WP-32850-F002,Numbered lesson-series differentiation is unverified,"#### WP-32850-F002 — Numbered lesson-series differentiation is unverified
```yaml
severity: P2
scope: FAMILY
status: HYPOTHESIS
evidence_class: INFERRED
confidence: MEDIUM
source_refs: [supplied evidence, linked lesson-series URLs]
google_basis: PROJECT_DECISION
google_reference: NOT_APPLICABLE
```
**Evidence:** title is `... 3`, and related lesson 1/2 URLs are linked; distinct user intent between episodes is not established by the batch. **Recommendation:** INITIAL — review the series as a family and document unique value/links before metadata or consolidation decisions. **Acceptance criteria:** evidence-backed series map; no automatic canonical/redirect decision.

Family reference: SYS-011.",INFERRED,P2,FAMILY,HYPOTHESIS,,pages/education/WP-32850.md
WP-32851,education,https://www.mariwork.ir/academy/mariwork-one-minute-guides/lessons/printing-method-with-wooden-stamp-on-fabric/,WP-32851-F001,Lesson image ALT coverage gap,"#### WP-32851-F001 — Lesson image ALT coverage gap
```yaml
severity: P2
scope: PAGE
status: CONFIRMED
evidence_class: MEASURED
confidence: HIGH
source_refs: [supplied evidence, GSC:Pages.csv:249]
google_basis: GOOGLE_RECOMMENDED
google_reference: https://developers.google.com/search/docs/appearance/google-images
```
**Evidence:** 6 of 18 images lack ALT. **Recommendation:** INITIAL — classify image roles and add ALT only for informative imagery. **Acceptance criteria:** per-image review without invented descriptions.",MEASURED,P2,PAGE,CONFIRMED,,pages/education/WP-32851.md
WP-32851,education,https://www.mariwork.ir/academy/mariwork-one-minute-guides/lessons/printing-method-with-wooden-stamp-on-fabric/,WP-32851-F002,Structured-data evidence gap,"#### WP-32851-F002 — Structured-data evidence gap
```yaml
severity: P2
scope: PAGE
status: CONFIRMED
evidence_class: OBSERVED
confidence: MEDIUM
source_refs: [supplied evidence]
google_basis: GOOGLE_CONSISTENT
google_reference: https://developers.google.com/search/docs/appearance/structured-data/intro-structured-data
```
**Evidence:** no parsed schema types. **Recommendation:** INITIAL — verify output and Rank Math ownership before any schema decision. **Acceptance criteria:** validated inventory and visible/schema consistency.

Family reference: SYS-011; broader schema gap: SYS-004.",OBSERVED,P2,PAGE,CONFIRMED,,pages/education/WP-32851.md
WP-32852,education,https://www.mariwork.ir/academy/mariwork-one-minute-guides/lessons/combining-monotype-and-monoprint-printing-2/,WP-32852-F001,Lesson image ALT coverage gap,"#### WP-32852-F001 — Lesson image ALT coverage gap
```yaml
severity: P2
scope: PAGE
status: CONFIRMED
evidence_class: MEASURED
confidence: HIGH
source_refs: [supplied evidence]
google_basis: GOOGLE_RECOMMENDED
google_reference: https://developers.google.com/search/docs/appearance/google-images
```
**Evidence:** 7 of 9 images lack ALT. **Recommendation:** INITIAL — classify roles and add descriptive ALT only when informative. **Acceptance criteria:** per-image evidence; decorative imagery handled as decorative.",MEASURED,P2,PAGE,CONFIRMED,,pages/education/WP-32852.md
WP-32852,education,https://www.mariwork.ir/academy/mariwork-one-minute-guides/lessons/combining-monotype-and-monoprint-printing-2/,WP-32852-F002,Numbered lesson-series differentiation is unverified,"#### WP-32852-F002 — Numbered lesson-series differentiation is unverified
```yaml
severity: P2
scope: FAMILY
status: HYPOTHESIS
evidence_class: INFERRED
confidence: MEDIUM
source_refs: [supplied evidence, linked lesson-series URLs]
google_basis: PROJECT_DECISION
google_reference: NOT_APPLICABLE
```
**Evidence:** title is `... 2`; related series URLs are linked, but unique intent/value was not independently established. **Recommendation:** INITIAL — map the series before any consolidation or metadata changes. **Acceptance criteria:** approved family map; no automatic URL change.

Family reference: SYS-011.",INFERRED,P2,FAMILY,HYPOTHESIS,,pages/education/WP-32852.md
WP-32853,education,https://www.mariwork.ir/academy/mariwork-one-minute-guides/lessons/combining-monotype-and-monoprint-printing-1/,WP-32853-F001,Lesson image ALT coverage gap,"#### WP-32853-F001 — Lesson image ALT coverage gap
```yaml
severity: P2
scope: PAGE
status: CONFIRMED
evidence_class: MEASURED
confidence: HIGH
source_refs: [supplied evidence, GSC:Pages.csv:245]
google_basis: GOOGLE_RECOMMENDED
google_reference: https://developers.google.com/search/docs/appearance/google-images
```
**Evidence:** 7 of 9 images lack ALT. **Recommendation:** INITIAL — classify roles and add ALT only when informative. **Acceptance criteria:** image-by-image review, no invented descriptions.",MEASURED,P2,PAGE,CONFIRMED,,pages/education/WP-32853.md
WP-32853,education,https://www.mariwork.ir/academy/mariwork-one-minute-guides/lessons/combining-monotype-and-monoprint-printing-1/,WP-32853-F002,Numbered lesson-series differentiation is unverified,"#### WP-32853-F002 — Numbered lesson-series differentiation is unverified
```yaml
severity: P2
scope: FAMILY
status: HYPOTHESIS
evidence_class: INFERRED
confidence: MEDIUM
source_refs: [supplied evidence, linked lesson-series URLs]
google_basis: PROJECT_DECISION
google_reference: NOT_APPLICABLE
```
**Evidence:** title is `... 1`; related series URLs are linked, but unique intent/value was not independently established. **Recommendation:** INITIAL — review series differentiation before any consolidation or URL decision. **Acceptance criteria:** evidence-backed series map; no inferred Page+Query relation.

Family reference: SYS-011.",INFERRED,P2,FAMILY,HYPOTHESIS,,pages/education/WP-32853.md
WP-32854,education,https://www.mariwork.ir/academy/mariwork-one-minute-guides/lessons/how-to-print-a-stencil-on-a-cloth-bag-1/,WP-32854-F001,Lesson image ALT coverage gap,"#### WP-32854-F001 — Lesson image ALT coverage gap
```yaml
severity: P2
scope: PAGE
status: CONFIRMED
evidence_class: MEASURED
confidence: HIGH
source_refs: [supplied evidence, GSC:Pages.csv:288]
google_basis: GOOGLE_RECOMMENDED
google_reference: https://developers.google.com/search/docs/appearance/google-images
```
**Evidence:** 5 of 7 images lack ALT. **Recommendation:** INITIAL — classify roles and add descriptive ALT only when informative. **Acceptance criteria:** image-by-image evidence without invented descriptions.",MEASURED,P2,PAGE,CONFIRMED,,pages/education/WP-32854.md
WP-32854,education,https://www.mariwork.ir/academy/mariwork-one-minute-guides/lessons/how-to-print-a-stencil-on-a-cloth-bag-1/,WP-32854-F002,Legacy education URL history needs verification,"#### WP-32854-F002 — Legacy education URL history needs verification
```yaml
severity: P2
scope: PAGE
status: CONFIRMED
evidence_class: OBSERVED
confidence: HIGH
source_refs: [supplied evidence, linked legacy `/education/` URLs]
google_basis: GOOGLE_CONSISTENT
google_reference: https://developers.google.com/search/docs/crawling-indexing/301-redirects
```
**Evidence:** inventory references legacy education URLs while the current lesson is 200/self-canonical; complete legacy status/chain is unavailable. **Recommendation:** INITIAL — verify mapping before any redirect/canonical action. **Acceptance criteria:** direct relevant mapping or explicit blocker; no inferred metric transfer.

Family reference: SYS-011; legacy verification relates to SYS-003.",OBSERVED,P2,PAGE,CONFIRMED,,pages/education/WP-32854.md
WP-32855,education,https://www.mariwork.ir/academy/mariwork-one-minute-guides/lessons/stencil-printing-method/,WP-32855-F001,Lesson image ALT coverage gap,"#### WP-32855-F001 — Lesson image ALT coverage gap
```yaml
severity: P2
scope: PAGE
status: CONFIRMED
evidence_class: MEASURED
confidence: HIGH
source_refs: [supplied evidence, GSC:Pages.csv:248]
google_basis: GOOGLE_RECOMMENDED
google_reference: https://developers.google.com/search/docs/appearance/google-images
```
**Evidence:** 5 of 9 images lack ALT. **Recommendation:** INITIAL — classify roles and add ALT only where informative. **Acceptance criteria:** per-image review; no invented image facts.",MEASURED,P2,PAGE,CONFIRMED,,pages/education/WP-32855.md
WP-32855,education,https://www.mariwork.ir/academy/mariwork-one-minute-guides/lessons/stencil-printing-method/,WP-32855-F002,Structured-data evidence gap,"#### WP-32855-F002 — Structured-data evidence gap
```yaml
severity: P2
scope: PAGE
status: CONFIRMED
evidence_class: OBSERVED
confidence: MEDIUM
source_refs: [supplied evidence]
google_basis: GOOGLE_CONSISTENT
google_reference: https://developers.google.com/search/docs/appearance/structured-data/intro-structured-data
seo_owner_current: UNKNOWN_NEEDS_VERIFICATION
seo_owner_target: RANK_MATH if verified
rank_math_capability_checked: BLOCKED_BY_ACCESS
rank_math_path_or_reason_not_used: Production configuration unavailable.
```
**Evidence:** no parsed schema types. **Recommendation:** INITIAL — verify output and owner before any schema decision. **Acceptance criteria:** validated inventory and visible/schema consistency.

Family reference: SYS-011; broader schema gap: SYS-004.",OBSERVED,P2,PAGE,CONFIRMED,,pages/education/WP-32855.md
WP-32856,education,https://www.mariwork.ir/academy/mariwork-one-minute-guides/lessons/combining-mariwork-colors-with-puffy-medium/,WP-32856-F001,Lesson image ALT coverage gap,"#### WP-32856-F001 — Lesson image ALT coverage gap
```yaml
severity: P2
scope: PAGE
status: CONFIRMED
evidence_class: MEASURED
confidence: HIGH
source_refs: [supplied evidence, GSC:Pages.csv:173]
google_basis: GOOGLE_RECOMMENDED
google_reference: https://developers.google.com/search/docs/appearance/google-images
```
**Evidence:** 4 of 6 images lack ALT. **Recommendation:** INITIAL — classify image roles and add descriptive ALT only when useful. **Acceptance criteria:** per-image evidence; no invented descriptions.",MEASURED,P2,PAGE,CONFIRMED,,pages/education/WP-32856.md
WP-32856,education,https://www.mariwork.ir/academy/mariwork-one-minute-guides/lessons/combining-mariwork-colors-with-puffy-medium/,WP-32856-F002,Structured-data evidence gap,"#### WP-32856-F002 — Structured-data evidence gap
```yaml
severity: P2
scope: PAGE
status: CONFIRMED
evidence_class: OBSERVED
confidence: MEDIUM
source_refs: [supplied evidence]
google_basis: GOOGLE_CONSISTENT
google_reference: https://developers.google.com/search/docs/appearance/structured-data/intro-structured-data
seo_owner_current: UNKNOWN_NEEDS_VERIFICATION
seo_owner_target: RANK_MATH if verified
rank_math_capability_checked: BLOCKED_BY_ACCESS
rank_math_path_or_reason_not_used: Production configuration unavailable.
```
**Evidence:** no parsed schema types. **Recommendation:** INITIAL — verify output and Rank Math ownership before schema work. **Acceptance criteria:** validated inventory and visible/schema consistency.

Family reference: SYS-011; broader schema gap: SYS-004.",OBSERVED,P2,PAGE,CONFIRMED,,pages/education/WP-32856.md
WP-32857,education,https://www.mariwork.ir/academy/mariwork-one-minute-guides/lessons/macrome-yarn-dyeing-method/,WP-32857-F001,Structured-data output is not evidenced in the supplied snapshot,"#### WP-32857-F001 — Structured-data output is not evidenced in the supplied snapshot

```yaml
severity: P2
scope: PAGE
status: BLOCKED
evidence_class: OBSERVED
confidence: HIGH
source_refs: supplied evidence: WP-32857 evidence.schema_types; registry/SYSTEMIC-FINDINGS.md SYS-004
google_basis: GOOGLE_CONSISTENT
google_reference: https://developers.google.com/search/docs/appearance/structured-data/intro-structured-data
seo_owner_current: UNKNOWN_NEEDS_VERIFICATION
seo_owner_target: RANK_MATH where capability is verified
rank_math_capability_checked: BLOCKED_BY_ACCESS
rank_math_path_or_reason_not_used: Production Rank Math configuration and schema ownership were not supplied
```

**Evidence:** The supplied initial-HTML snapshot reports schema_types: []. This establishes that no parsed schema type was evidenced in the supplied extraction; it does not prove that all rendered or non-parsed structured data is absent.

**Impact:** Structured-data eligibility and visible/schema consistency cannot be assessed from this snapshot; no rich-result or ranking loss is claimed.

**Recommendation:** Initial — verify rendered/public structured data and the family schema policy before any change; if implementation is later approved, use the verified Rank Math owner and avoid duplicate output.

**Acceptance criteria:** Independent verification records actual public schema, visible consistency, current/target owner, Rank Math capability, and a family regression set.",OBSERVED,P2,PAGE,BLOCKED,,pages/education/WP-32857.md
WP-32857,education,https://www.mariwork.ir/academy/mariwork-one-minute-guides/lessons/macrome-yarn-dyeing-method/,WP-32857-F002,Informative/decorative image ALT coverage is unresolved,"#### WP-32857-F002 — Informative/decorative image ALT coverage is unresolved

```yaml
severity: P2
scope: PAGE
status: BLOCKED
evidence_class: MEASURED
confidence: HIGH
source_refs: supplied evidence: WP-32857 evidence.image_count, evidence.images_missing_alt; registry/SYSTEMIC-FINDINGS.md SYS-011
google_basis: GOOGLE_RECOMMENDED
google_reference: https://developers.google.com/search/docs/appearance/google-images
seo_owner_current: CONTENT/UNKNOWN_NEEDS_VERIFICATION
seo_owner_target: CONTENT for image-purpose decisions
rank_math_capability_checked: BLOCKED_BY_ACCESS
rank_math_path_or_reason_not_used: ALT ownership and production configuration were not supplied
```

**Evidence:** The supplied snapshot reports 8 images and 6 images missing ALT. Image purpose/decorative status and appropriate text were not independently inspected.

**Impact:** Image accessibility and image-search interpretation may be incomplete; no traffic causation is claimed.

**Recommendation:** Initial — review each image by role; use descriptive ALT only for informative images and empty ALT for decorative images. Do not invent visual facts or use ALT as a keyword field.

**Acceptance criteria:** Second Review or approved family work records the informative/decorative decision and resulting ALT for every image, with no fabricated descriptions.

**Audit outcome:** Supplied Round-1 evidence is sufficient for technical observations and initial recommendations. Search Console Page+Query relationship, complete legacy redirect history, rendered structured-data verification, current WordPress/Rank Math ownership, and image-purpose review remain UNKNOWN_NEEDS_VERIFICATION or BLOCKED_BY_ACCESS. No Production change is authorized.",MEASURED,P2,PAGE,BLOCKED,,pages/education/WP-32857.md
WP-32858,education,https://www.mariwork.ir/academy/mariwork-one-minute-guides/lessons/monoprint-printing-leaf-printing-on-fabric/,WP-32858-F001,Structured-data output is not evidenced in the supplied snapshot,"#### WP-32858-F001 — Structured-data output is not evidenced in the supplied snapshot

```yaml
severity: P2
scope: PAGE
status: BLOCKED
evidence_class: OBSERVED
confidence: HIGH
source_refs: supplied evidence: WP-32858 evidence.schema_types; registry/SYSTEMIC-FINDINGS.md SYS-004
google_basis: GOOGLE_CONSISTENT
google_reference: https://developers.google.com/search/docs/appearance/structured-data/intro-structured-data
seo_owner_current: UNKNOWN_NEEDS_VERIFICATION
seo_owner_target: RANK_MATH where capability is verified
rank_math_capability_checked: BLOCKED_BY_ACCESS
rank_math_path_or_reason_not_used: Production Rank Math configuration and schema ownership were not supplied
```

**Evidence:** The supplied initial-HTML snapshot reports schema_types: []. This establishes that no parsed schema type was evidenced in the supplied extraction; it does not prove that all rendered or non-parsed structured data is absent.

**Impact:** Structured-data eligibility and visible/schema consistency cannot be assessed from this snapshot; no rich-result or ranking loss is claimed.

**Recommendation:** Initial — verify rendered/public structured data and the family schema policy before any change; if implementation is later approved, use the verified Rank Math owner and avoid duplicate output.

**Acceptance criteria:** Independent verification records actual public schema, visible consistency, current/target owner, Rank Math capability, and a family regression set.",OBSERVED,P2,PAGE,BLOCKED,,pages/education/WP-32858.md
WP-32858,education,https://www.mariwork.ir/academy/mariwork-one-minute-guides/lessons/monoprint-printing-leaf-printing-on-fabric/,WP-32858-F002,Informative/decorative image ALT coverage is unresolved,"#### WP-32858-F002 — Informative/decorative image ALT coverage is unresolved

```yaml
severity: P2
scope: PAGE
status: BLOCKED
evidence_class: MEASURED
confidence: HIGH
source_refs: supplied evidence: WP-32858 evidence.image_count, evidence.images_missing_alt; registry/SYSTEMIC-FINDINGS.md SYS-011
google_basis: GOOGLE_RECOMMENDED
google_reference: https://developers.google.com/search/docs/appearance/google-images
seo_owner_current: CONTENT/UNKNOWN_NEEDS_VERIFICATION
seo_owner_target: CONTENT for image-purpose decisions
rank_math_capability_checked: BLOCKED_BY_ACCESS
rank_math_path_or_reason_not_used: ALT ownership and production configuration were not supplied
```

**Evidence:** The supplied snapshot reports 7 images and 3 images missing ALT. Image purpose/decorative status and appropriate text were not independently inspected.

**Impact:** Image accessibility and image-search interpretation may be incomplete; no traffic causation is claimed.

**Recommendation:** Initial — review each image by role; use descriptive ALT only for informative images and empty ALT for decorative images. Do not invent visual facts or use ALT as a keyword field.

**Acceptance criteria:** Second Review or approved family work records the informative/decorative decision and resulting ALT for every image, with no fabricated descriptions.

**Audit outcome:** Supplied Round-1 evidence is sufficient for technical observations and initial recommendations. Search Console Page+Query relationship, complete legacy redirect history, rendered structured-data verification, current WordPress/Rank Math ownership, and image-purpose review remain UNKNOWN_NEEDS_VERIFICATION or BLOCKED_BY_ACCESS. No Production change is authorized.",MEASURED,P2,PAGE,BLOCKED,,pages/education/WP-32858.md
WP-32859,education,https://www.mariwork.ir/academy/mariwork-one-minute-guides/lessons/simple-printing-printing-with-sponge-stamp/,WP-32859-F001,Structured-data output is not evidenced in the supplied snapshot,"#### WP-32859-F001 — Structured-data output is not evidenced in the supplied snapshot

```yaml
severity: P2
scope: PAGE
status: BLOCKED
evidence_class: OBSERVED
confidence: HIGH
source_refs: supplied evidence: WP-32859 evidence.schema_types; registry/SYSTEMIC-FINDINGS.md SYS-004
google_basis: GOOGLE_CONSISTENT
google_reference: https://developers.google.com/search/docs/appearance/structured-data/intro-structured-data
seo_owner_current: UNKNOWN_NEEDS_VERIFICATION
seo_owner_target: RANK_MATH where capability is verified
rank_math_capability_checked: BLOCKED_BY_ACCESS
rank_math_path_or_reason_not_used: Production Rank Math configuration and schema ownership were not supplied
```

**Evidence:** The supplied initial-HTML snapshot reports schema_types: []. This establishes that no parsed schema type was evidenced in the supplied extraction; it does not prove that all rendered or non-parsed structured data is absent.

**Impact:** Structured-data eligibility and visible/schema consistency cannot be assessed from this snapshot; no rich-result or ranking loss is claimed.

**Recommendation:** Initial — verify rendered/public structured data and the family schema policy before any change; if implementation is later approved, use the verified Rank Math owner and avoid duplicate output.

**Acceptance criteria:** Independent verification records actual public schema, visible consistency, current/target owner, Rank Math capability, and a family regression set.",OBSERVED,P2,PAGE,BLOCKED,,pages/education/WP-32859.md
WP-32859,education,https://www.mariwork.ir/academy/mariwork-one-minute-guides/lessons/simple-printing-printing-with-sponge-stamp/,WP-32859-F002,Informative/decorative image ALT coverage is unresolved,"#### WP-32859-F002 — Informative/decorative image ALT coverage is unresolved

```yaml
severity: P2
scope: PAGE
status: BLOCKED
evidence_class: MEASURED
confidence: HIGH
source_refs: supplied evidence: WP-32859 evidence.image_count, evidence.images_missing_alt; registry/SYSTEMIC-FINDINGS.md SYS-011
google_basis: GOOGLE_RECOMMENDED
google_reference: https://developers.google.com/search/docs/appearance/google-images
seo_owner_current: CONTENT/UNKNOWN_NEEDS_VERIFICATION
seo_owner_target: CONTENT for image-purpose decisions
rank_math_capability_checked: BLOCKED_BY_ACCESS
rank_math_path_or_reason_not_used: ALT ownership and production configuration were not supplied
```

**Evidence:** The supplied snapshot reports 5 images and 3 images missing ALT. Image purpose/decorative status and appropriate text were not independently inspected.

**Impact:** Image accessibility and image-search interpretation may be incomplete; no traffic causation is claimed.

**Recommendation:** Initial — review each image by role; use descriptive ALT only for informative images and empty ALT for decorative images. Do not invent visual facts or use ALT as a keyword field.

**Acceptance criteria:** Second Review or approved family work records the informative/decorative decision and resulting ALT for every image, with no fabricated descriptions.",MEASURED,P2,PAGE,BLOCKED,,pages/education/WP-32859.md
WP-32859,education,https://www.mariwork.ir/academy/mariwork-one-minute-guides/lessons/simple-printing-printing-with-sponge-stamp/,WP-32859-F003,Meta description is not page-specific,"#### WP-32859-F003 — Meta description is not page-specific

```yaml
severity: P2
scope: PAGE
status: CONFIRMED
evidence_class: OBSERVED
confidence: HIGH
source_refs: supplied evidence: WP-32859 evidence.meta_description; WP-32859 evidence.text_excerpt
google_basis: GOOGLE_RECOMMENDED
google_reference: https://developers.google.com/search/docs/appearance/snippet
seo_owner_current: UNKNOWN_NEEDS_VERIFICATION
seo_owner_target: RANK_MATH where capability is verified
rank_math_capability_checked: BLOCKED_BY_ACCESS
rank_math_path_or_reason_not_used: Production Rank Math configuration/ownership was not supplied
```

**Evidence:** The meta description is a generic statement about adding embroidery after painting/printing, while the visible title and page text describe simple sponge-stamp printing.

**Impact:** Search snippets may receive a less representative summary; no ranking or traffic causation is claimed.

**Recommendation:** Initial — independently review the page intent and, if a change is approved, manage the description through the verified Rank Math owner; do not draft final metadata in Round 1.

**Acceptance criteria:** Second Review confirms the intended summary, Rank Math ownership is verified, and the rendered description accurately represents the visible page without unsupported claims.

**Audit outcome:** Supplied Round-1 evidence is sufficient for technical observations and initial recommendations. Search Console Page+Query relationship, complete legacy redirect history, rendered structured-data verification, current WordPress/Rank Math ownership, and image-purpose review remain UNKNOWN_NEEDS_VERIFICATION or BLOCKED_BY_ACCESS. No Production change is authorized.",OBSERVED,P2,PAGE,CONFIRMED,,pages/education/WP-32859.md
WP-32860,education,https://www.mariwork.ir/academy/mariwork-one-minute-guides/lessons/painting-on-jeans/,WP-32860-F001,Structured-data output is not evidenced in the supplied snapshot,"#### WP-32860-F001 — Structured-data output is not evidenced in the supplied snapshot

```yaml
severity: P2
scope: PAGE
status: BLOCKED
evidence_class: OBSERVED
confidence: HIGH
source_refs: supplied evidence: WP-32860 evidence.schema_types; registry/SYSTEMIC-FINDINGS.md SYS-004
google_basis: GOOGLE_CONSISTENT
google_reference: https://developers.google.com/search/docs/appearance/structured-data/intro-structured-data
seo_owner_current: UNKNOWN_NEEDS_VERIFICATION
seo_owner_target: RANK_MATH where capability is verified
rank_math_capability_checked: BLOCKED_BY_ACCESS
rank_math_path_or_reason_not_used: Production Rank Math configuration and schema ownership were not supplied
```

**Evidence:** The supplied initial-HTML snapshot reports schema_types: []. This establishes that no parsed schema type was evidenced in the supplied extraction; it does not prove that all rendered or non-parsed structured data is absent.

**Impact:** Structured-data eligibility and visible/schema consistency cannot be assessed from this snapshot; no rich-result or ranking loss is claimed.

**Recommendation:** Initial — verify rendered/public structured data and the family schema policy before any change; if implementation is later approved, use the verified Rank Math owner and avoid duplicate output.

**Acceptance criteria:** Independent verification records actual public schema, visible consistency, current/target owner, Rank Math capability, and a family regression set.",OBSERVED,P2,PAGE,BLOCKED,,pages/education/WP-32860.md
WP-32860,education,https://www.mariwork.ir/academy/mariwork-one-minute-guides/lessons/painting-on-jeans/,WP-32860-F002,Informative/decorative image ALT coverage is unresolved,"#### WP-32860-F002 — Informative/decorative image ALT coverage is unresolved

```yaml
severity: P2
scope: PAGE
status: BLOCKED
evidence_class: MEASURED
confidence: HIGH
source_refs: supplied evidence: WP-32860 evidence.image_count, evidence.images_missing_alt; registry/SYSTEMIC-FINDINGS.md SYS-011
google_basis: GOOGLE_RECOMMENDED
google_reference: https://developers.google.com/search/docs/appearance/google-images
seo_owner_current: CONTENT/UNKNOWN_NEEDS_VERIFICATION
seo_owner_target: CONTENT for image-purpose decisions
rank_math_capability_checked: BLOCKED_BY_ACCESS
rank_math_path_or_reason_not_used: ALT ownership and production configuration were not supplied
```

**Evidence:** The supplied snapshot reports 5 images and 3 images missing ALT. Image purpose/decorative status and appropriate text were not independently inspected.

**Impact:** Image accessibility and image-search interpretation may be incomplete; no traffic causation is claimed.

**Recommendation:** Initial — review each image by role; use descriptive ALT only for informative images and empty ALT for decorative images. Do not invent visual facts or use ALT as a keyword field.

**Acceptance criteria:** Second Review or approved family work records the informative/decorative decision and resulting ALT for every image, with no fabricated descriptions.

**Audit outcome:** Supplied Round-1 evidence is sufficient for technical observations and initial recommendations. Search Console Page+Query relationship, complete legacy redirect history, rendered structured-data verification, current WordPress/Rank Math ownership, and image-purpose review remain UNKNOWN_NEEDS_VERIFICATION or BLOCKED_BY_ACCESS. No Production change is authorized.",MEASURED,P2,PAGE,BLOCKED,,pages/education/WP-32860.md
WP-32861,education,https://www.mariwork.ir/academy/mariwork-one-minute-guides/lessons/print-on-towels/,WP-32861-F001,Structured-data output is not evidenced in the supplied snapshot,"#### WP-32861-F001 — Structured-data output is not evidenced in the supplied snapshot

```yaml
severity: P2
scope: PAGE
status: BLOCKED
evidence_class: OBSERVED
confidence: HIGH
source_refs: supplied evidence: WP-32861 evidence.schema_types; registry/SYSTEMIC-FINDINGS.md SYS-004
google_basis: GOOGLE_CONSISTENT
google_reference: https://developers.google.com/search/docs/appearance/structured-data/intro-structured-data
seo_owner_current: UNKNOWN_NEEDS_VERIFICATION
seo_owner_target: RANK_MATH where capability is verified
rank_math_capability_checked: BLOCKED_BY_ACCESS
rank_math_path_or_reason_not_used: Production Rank Math configuration and schema ownership were not supplied
```

**Evidence:** The supplied initial-HTML snapshot reports schema_types: []. This establishes that no parsed schema type was evidenced in the supplied extraction; it does not prove that all rendered or non-parsed structured data is absent.

**Impact:** Structured-data eligibility and visible/schema consistency cannot be assessed from this snapshot; no rich-result or ranking loss is claimed.

**Recommendation:** Initial — verify rendered/public structured data and the family schema policy before any change; if implementation is later approved, use the verified Rank Math owner and avoid duplicate output.

**Acceptance criteria:** Independent verification records actual public schema, visible consistency, current/target owner, Rank Math capability, and a family regression set.",OBSERVED,P2,PAGE,BLOCKED,,pages/education/WP-32861.md
WP-32861,education,https://www.mariwork.ir/academy/mariwork-one-minute-guides/lessons/print-on-towels/,WP-32861-F002,Informative/decorative image ALT coverage is unresolved,"#### WP-32861-F002 — Informative/decorative image ALT coverage is unresolved

```yaml
severity: P2
scope: PAGE
status: BLOCKED
evidence_class: MEASURED
confidence: HIGH
source_refs: supplied evidence: WP-32861 evidence.image_count, evidence.images_missing_alt; registry/SYSTEMIC-FINDINGS.md SYS-011
google_basis: GOOGLE_RECOMMENDED
google_reference: https://developers.google.com/search/docs/appearance/google-images
seo_owner_current: CONTENT/UNKNOWN_NEEDS_VERIFICATION
seo_owner_target: CONTENT for image-purpose decisions
rank_math_capability_checked: BLOCKED_BY_ACCESS
rank_math_path_or_reason_not_used: ALT ownership and production configuration were not supplied
```

**Evidence:** The supplied snapshot reports 5 images and 3 images missing ALT. Image purpose/decorative status and appropriate text were not independently inspected.

**Impact:** Image accessibility and image-search interpretation may be incomplete; no traffic causation is claimed.

**Recommendation:** Initial — review each image by role; use descriptive ALT only for informative images and empty ALT for decorative images. Do not invent visual facts or use ALT as a keyword field.

**Acceptance criteria:** Second Review or approved family work records the informative/decorative decision and resulting ALT for every image, with no fabricated descriptions.

**Audit outcome:** Supplied Round-1 evidence is sufficient for technical observations and initial recommendations. Search Console Page+Query relationship, complete legacy redirect history, rendered structured-data verification, current WordPress/Rank Math ownership, and image-purpose review remain UNKNOWN_NEEDS_VERIFICATION or BLOCKED_BY_ACCESS. No Production change is authorized.",MEASURED,P2,PAGE,BLOCKED,,pages/education/WP-32861.md
WP-32862,education,https://www.mariwork.ir/academy/mariwork-one-minute-guides/lessons/simultaneous-painting-on-silk-and-linen/,WP-32862-F001,Structured-data output is not evidenced in the supplied snapshot,"#### WP-32862-F001 — Structured-data output is not evidenced in the supplied snapshot

```yaml
severity: P2
scope: PAGE
status: BLOCKED
evidence_class: OBSERVED
confidence: HIGH
source_refs: supplied evidence: WP-32862 evidence.schema_types; registry/SYSTEMIC-FINDINGS.md SYS-004
google_basis: GOOGLE_CONSISTENT
google_reference: https://developers.google.com/search/docs/appearance/structured-data/intro-structured-data
seo_owner_current: UNKNOWN_NEEDS_VERIFICATION
seo_owner_target: RANK_MATH where capability is verified
rank_math_capability_checked: BLOCKED_BY_ACCESS
rank_math_path_or_reason_not_used: Production Rank Math configuration and schema ownership were not supplied
```

**Evidence:** The supplied initial-HTML snapshot reports schema_types: []. This establishes that no parsed schema type was evidenced in the supplied extraction; it does not prove that all rendered or non-parsed structured data is absent.

**Impact:** Structured-data eligibility and visible/schema consistency cannot be assessed from this snapshot; no rich-result or ranking loss is claimed.

**Recommendation:** Initial — verify rendered/public structured data and the family schema policy before any change; if implementation is later approved, use the verified Rank Math owner and avoid duplicate output.

**Acceptance criteria:** Independent verification records actual public schema, visible consistency, current/target owner, Rank Math capability, and a family regression set.",OBSERVED,P2,PAGE,BLOCKED,,pages/education/WP-32862.md
WP-32862,education,https://www.mariwork.ir/academy/mariwork-one-minute-guides/lessons/simultaneous-painting-on-silk-and-linen/,WP-32862-F002,Informative/decorative image ALT coverage is unresolved,"#### WP-32862-F002 — Informative/decorative image ALT coverage is unresolved

```yaml
severity: P2
scope: PAGE
status: BLOCKED
evidence_class: MEASURED
confidence: HIGH
source_refs: supplied evidence: WP-32862 evidence.image_count, evidence.images_missing_alt; registry/SYSTEMIC-FINDINGS.md SYS-011
google_basis: GOOGLE_RECOMMENDED
google_reference: https://developers.google.com/search/docs/appearance/google-images
seo_owner_current: CONTENT/UNKNOWN_NEEDS_VERIFICATION
seo_owner_target: CONTENT for image-purpose decisions
rank_math_capability_checked: BLOCKED_BY_ACCESS
rank_math_path_or_reason_not_used: ALT ownership and production configuration were not supplied
```

**Evidence:** The supplied snapshot reports 7 images and 5 images missing ALT. Image purpose/decorative status and appropriate text were not independently inspected.

**Impact:** Image accessibility and image-search interpretation may be incomplete; no traffic causation is claimed.

**Recommendation:** Initial — review each image by role; use descriptive ALT only for informative images and empty ALT for decorative images. Do not invent visual facts or use ALT as a keyword field.

**Acceptance criteria:** Second Review or approved family work records the informative/decorative decision and resulting ALT for every image, with no fabricated descriptions.

**Audit outcome:** Supplied Round-1 evidence is sufficient for technical observations and initial recommendations. Search Console Page+Query relationship, complete legacy redirect history, rendered structured-data verification, current WordPress/Rank Math ownership, and image-purpose review remain UNKNOWN_NEEDS_VERIFICATION or BLOCKED_BY_ACCESS. No Production change is authorized.",MEASURED,P2,PAGE,BLOCKED,,pages/education/WP-32862.md
WP-32863,education,https://www.mariwork.ir/academy/mariwork-one-minute-guides/lessons/staining-restoration-of-clothing-color/,WP-32863-F001,Structured-data output is not evidenced in the supplied snapshot,"#### WP-32863-F001 — Structured-data output is not evidenced in the supplied snapshot

```yaml
severity: P2
scope: PAGE
status: BLOCKED
evidence_class: OBSERVED
confidence: HIGH
source_refs: supplied evidence: WP-32863 evidence.schema_types; registry/SYSTEMIC-FINDINGS.md SYS-004
google_basis: GOOGLE_CONSISTENT
google_reference: https://developers.google.com/search/docs/appearance/structured-data/intro-structured-data
seo_owner_current: UNKNOWN_NEEDS_VERIFICATION
seo_owner_target: RANK_MATH where capability is verified
rank_math_capability_checked: BLOCKED_BY_ACCESS
rank_math_path_or_reason_not_used: Production Rank Math configuration and schema ownership were not supplied
```

**Evidence:** The supplied initial-HTML snapshot reports schema_types: []. This establishes that no parsed schema type was evidenced in the supplied extraction; it does not prove that all rendered or non-parsed structured data is absent.

**Impact:** Structured-data eligibility and visible/schema consistency cannot be assessed from this snapshot; no rich-result or ranking loss is claimed.

**Recommendation:** Initial — verify rendered/public structured data and the family schema policy before any change; if implementation is later approved, use the verified Rank Math owner and avoid duplicate output.

**Acceptance criteria:** Independent verification records actual public schema, visible consistency, current/target owner, Rank Math capability, and a family regression set.",OBSERVED,P2,PAGE,BLOCKED,,pages/education/WP-32863.md
WP-32863,education,https://www.mariwork.ir/academy/mariwork-one-minute-guides/lessons/staining-restoration-of-clothing-color/,WP-32863-F002,Informative/decorative image ALT coverage is unresolved,"#### WP-32863-F002 — Informative/decorative image ALT coverage is unresolved

```yaml
severity: P2
scope: PAGE
status: BLOCKED
evidence_class: MEASURED
confidence: HIGH
source_refs: supplied evidence: WP-32863 evidence.image_count, evidence.images_missing_alt; registry/SYSTEMIC-FINDINGS.md SYS-011
google_basis: GOOGLE_RECOMMENDED
google_reference: https://developers.google.com/search/docs/appearance/google-images
seo_owner_current: CONTENT/UNKNOWN_NEEDS_VERIFICATION
seo_owner_target: CONTENT for image-purpose decisions
rank_math_capability_checked: BLOCKED_BY_ACCESS
rank_math_path_or_reason_not_used: ALT ownership and production configuration were not supplied
```

**Evidence:** The supplied snapshot reports 6 images and 2 images missing ALT. Image purpose/decorative status and appropriate text were not independently inspected.

**Impact:** Image accessibility and image-search interpretation may be incomplete; no traffic causation is claimed.

**Recommendation:** Initial — review each image by role; use descriptive ALT only for informative images and empty ALT for decorative images. Do not invent visual facts or use ALT as a keyword field.

**Acceptance criteria:** Second Review or approved family work records the informative/decorative decision and resulting ALT for every image, with no fabricated descriptions.

**Audit outcome:** Supplied Round-1 evidence is sufficient for technical observations and initial recommendations. Search Console Page+Query relationship, complete legacy redirect history, rendered structured-data verification, current WordPress/Rank Math ownership, and image-purpose review remain UNKNOWN_NEEDS_VERIFICATION or BLOCKED_BY_ACCESS. No Production change is authorized.",MEASURED,P2,PAGE,BLOCKED,,pages/education/WP-32863.md
WP-32864,education,https://www.mariwork.ir/academy/mariwork-one-minute-guides/lessons/salt-technique-on-fabric/,WP-32864-F001,Structured-data output is not evidenced in the supplied snapshot,"#### WP-32864-F001 — Structured-data output is not evidenced in the supplied snapshot

```yaml
severity: P2
scope: PAGE
status: BLOCKED
evidence_class: OBSERVED
confidence: HIGH
source_refs: supplied evidence: WP-32864 evidence.schema_types; registry/SYSTEMIC-FINDINGS.md SYS-004
google_basis: GOOGLE_CONSISTENT
google_reference: https://developers.google.com/search/docs/appearance/structured-data/intro-structured-data
seo_owner_current: UNKNOWN_NEEDS_VERIFICATION
seo_owner_target: RANK_MATH where capability is verified
rank_math_capability_checked: BLOCKED_BY_ACCESS
rank_math_path_or_reason_not_used: Production Rank Math configuration and schema ownership were not supplied
```

**Evidence:** The supplied initial-HTML snapshot reports schema_types: []. This establishes that no parsed schema type was evidenced in the supplied extraction; it does not prove that all rendered or non-parsed structured data is absent.

**Impact:** Structured-data eligibility and visible/schema consistency cannot be assessed from this snapshot; no rich-result or ranking loss is claimed.

**Recommendation:** Initial — verify rendered/public structured data and the family schema policy before any change; if implementation is later approved, use the verified Rank Math owner and avoid duplicate output.

**Acceptance criteria:** Independent verification records actual public schema, visible consistency, current/target owner, Rank Math capability, and a family regression set.",OBSERVED,P2,PAGE,BLOCKED,,pages/education/WP-32864.md
WP-32864,education,https://www.mariwork.ir/academy/mariwork-one-minute-guides/lessons/salt-technique-on-fabric/,WP-32864-F002,Informative/decorative image ALT coverage is unresolved,"#### WP-32864-F002 — Informative/decorative image ALT coverage is unresolved

```yaml
severity: P2
scope: PAGE
status: BLOCKED
evidence_class: MEASURED
confidence: HIGH
source_refs: supplied evidence: WP-32864 evidence.image_count, evidence.images_missing_alt; registry/SYSTEMIC-FINDINGS.md SYS-011
google_basis: GOOGLE_RECOMMENDED
google_reference: https://developers.google.com/search/docs/appearance/google-images
seo_owner_current: CONTENT/UNKNOWN_NEEDS_VERIFICATION
seo_owner_target: CONTENT for image-purpose decisions
rank_math_capability_checked: BLOCKED_BY_ACCESS
rank_math_path_or_reason_not_used: ALT ownership and production configuration were not supplied
```

**Evidence:** The supplied snapshot reports 7 images and 5 images missing ALT. Image purpose/decorative status and appropriate text were not independently inspected.

**Impact:** Image accessibility and image-search interpretation may be incomplete; no traffic causation is claimed.

**Recommendation:** Initial — review each image by role; use descriptive ALT only for informative images and empty ALT for decorative images. Do not invent visual facts or use ALT as a keyword field.

**Acceptance criteria:** Second Review or approved family work records the informative/decorative decision and resulting ALT for every image, with no fabricated descriptions.

**Audit outcome:** Supplied Round-1 evidence is sufficient for technical observations and initial recommendations. Search Console Page+Query relationship, complete legacy redirect history, rendered structured-data verification, current WordPress/Rank Math ownership, and image-purpose review remain UNKNOWN_NEEDS_VERIFICATION or BLOCKED_BY_ACCESS. No Production change is authorized.",MEASURED,P2,PAGE,BLOCKED,,pages/education/WP-32864.md
WP-32866,education,https://www.mariwork.ir/academy/mariwork-one-minute-guides/lessons/bandana-and-shiburi-technique/,WP-32866-F001,Structured-data output is not evidenced in the supplied snapshot,"#### WP-32866-F001 — Structured-data output is not evidenced in the supplied snapshot

```yaml
severity: P2
scope: PAGE
status: BLOCKED
evidence_class: OBSERVED
confidence: HIGH
source_refs: supplied evidence: WP-32866 evidence.schema_types; registry/SYSTEMIC-FINDINGS.md SYS-004
google_basis: GOOGLE_CONSISTENT
google_reference: https://developers.google.com/search/docs/appearance/structured-data/intro-structured-data
seo_owner_current: UNKNOWN_NEEDS_VERIFICATION
seo_owner_target: RANK_MATH where capability is verified
rank_math_capability_checked: BLOCKED_BY_ACCESS
rank_math_path_or_reason_not_used: Production Rank Math configuration and schema ownership were not supplied
```

**Evidence:** The supplied initial-HTML snapshot reports schema_types: []. This establishes that no parsed schema type was evidenced in the supplied extraction; it does not prove that all rendered or non-parsed structured data is absent.

**Impact:** Structured-data eligibility and visible/schema consistency cannot be assessed from this snapshot; no rich-result or ranking loss is claimed.

**Recommendation:** Initial — verify rendered/public structured data and the family schema policy before any change; if implementation is later approved, use the verified Rank Math owner and avoid duplicate output.

**Acceptance criteria:** Independent verification records actual public schema, visible consistency, current/target owner, Rank Math capability, and a family regression set.",OBSERVED,P2,PAGE,BLOCKED,,pages/education/WP-32866.md
WP-32866,education,https://www.mariwork.ir/academy/mariwork-one-minute-guides/lessons/bandana-and-shiburi-technique/,WP-32866-F002,Informative/decorative image ALT coverage is unresolved,"#### WP-32866-F002 — Informative/decorative image ALT coverage is unresolved

```yaml
severity: P2
scope: PAGE
status: BLOCKED
evidence_class: MEASURED
confidence: HIGH
source_refs: supplied evidence: WP-32866 evidence.image_count, evidence.images_missing_alt; registry/SYSTEMIC-FINDINGS.md SYS-011
google_basis: GOOGLE_RECOMMENDED
google_reference: https://developers.google.com/search/docs/appearance/google-images
seo_owner_current: CONTENT/UNKNOWN_NEEDS_VERIFICATION
seo_owner_target: CONTENT for image-purpose decisions
rank_math_capability_checked: BLOCKED_BY_ACCESS
rank_math_path_or_reason_not_used: ALT ownership and production configuration were not supplied
```

**Evidence:** The supplied snapshot reports 6 images and 4 images missing ALT. Image purpose/decorative status and appropriate text were not independently inspected.

**Impact:** Image accessibility and image-search interpretation may be incomplete; no traffic causation is claimed.

**Recommendation:** Initial — review each image by role; use descriptive ALT only for informative images and empty ALT for decorative images. Do not invent visual facts or use ALT as a keyword field.

**Acceptance criteria:** Second Review or approved family work records the informative/decorative decision and resulting ALT for every image, with no fabricated descriptions.",MEASURED,P2,PAGE,BLOCKED,,pages/education/WP-32866.md
WP-32866,education,https://www.mariwork.ir/academy/mariwork-one-minute-guides/lessons/bandana-and-shiburi-technique/,WP-32866-F003,Meta description is not page-specific,"#### WP-32866-F003 — Meta description is not page-specific

```yaml
severity: P2
scope: PAGE
status: CONFIRMED
evidence_class: OBSERVED
confidence: HIGH
source_refs: supplied evidence: WP-32866 evidence.meta_description; WP-32866 evidence.text_excerpt
google_basis: GOOGLE_RECOMMENDED
google_reference: https://developers.google.com/search/docs/appearance/snippet
seo_owner_current: UNKNOWN_NEEDS_VERIFICATION
seo_owner_target: RANK_MATH where capability is verified
rank_math_capability_checked: BLOCKED_BY_ACCESS
rank_math_path_or_reason_not_used: Production Rank Math configuration/ownership was not supplied
```

**Evidence:** The meta description is a generic statement about adding embroidery after painting/printing, while the visible title and page text describe the bandana/shibori technique.

**Impact:** Search snippets may receive a less representative summary; no ranking or traffic causation is claimed.

**Recommendation:** Initial — independently review the page intent and, if a change is approved, manage the description through the verified Rank Math owner; do not draft final metadata in Round 1.

**Acceptance criteria:** Second Review confirms the intended summary, Rank Math ownership is verified, and the rendered description accurately represents the visible page without unsupported claims.

**Audit outcome:** Supplied Round-1 evidence is sufficient for technical observations and initial recommendations. Search Console Page+Query relationship, complete legacy redirect history, rendered structured-data verification, current WordPress/Rank Math ownership, and image-purpose review remain UNKNOWN_NEEDS_VERIFICATION or BLOCKED_BY_ACCESS. No Production change is authorized.",OBSERVED,P2,PAGE,CONFIRMED,,pages/education/WP-32866.md
WP-32867,education,https://www.mariwork.ir/academy/mariwork-one-minute-guides/lessons/light-shadow-painting/,WP-32867-F001,Structured-data output is not evidenced in the supplied snapshot,"#### WP-32867-F001 — Structured-data output is not evidenced in the supplied snapshot

```yaml
severity: P2
scope: PAGE
status: BLOCKED
evidence_class: OBSERVED
confidence: HIGH
source_refs: supplied evidence: WP-32867 evidence.schema_types; registry/SYSTEMIC-FINDINGS.md SYS-004
google_basis: GOOGLE_CONSISTENT
google_reference: https://developers.google.com/search/docs/appearance/structured-data/intro-structured-data
seo_owner_current: UNKNOWN_NEEDS_VERIFICATION
seo_owner_target: RANK_MATH where capability is verified
rank_math_capability_checked: BLOCKED_BY_ACCESS
rank_math_path_or_reason_not_used: Production Rank Math configuration and schema ownership were not supplied
```

**Evidence:** The supplied initial-HTML snapshot reports schema_types: []. This establishes that no parsed schema type was evidenced in the supplied extraction; it does not prove that all rendered or non-parsed structured data is absent.

**Impact:** Structured-data eligibility and visible/schema consistency cannot be assessed from this snapshot; no rich-result or ranking loss is claimed.

**Recommendation:** Initial — verify rendered/public structured data and the family schema policy before any change; if implementation is later approved, use the verified Rank Math owner and avoid duplicate output.

**Acceptance criteria:** Independent verification records actual public schema, visible consistency, current/target owner, Rank Math capability, and a family regression set.",OBSERVED,P2,PAGE,BLOCKED,,pages/education/WP-32867.md
WP-32867,education,https://www.mariwork.ir/academy/mariwork-one-minute-guides/lessons/light-shadow-painting/,WP-32867-F002,Informative/decorative image ALT coverage is unresolved,"#### WP-32867-F002 — Informative/decorative image ALT coverage is unresolved

```yaml
severity: P2
scope: PAGE
status: BLOCKED
evidence_class: MEASURED
confidence: HIGH
source_refs: supplied evidence: WP-32867 evidence.image_count, evidence.images_missing_alt; registry/SYSTEMIC-FINDINGS.md SYS-011
google_basis: GOOGLE_RECOMMENDED
google_reference: https://developers.google.com/search/docs/appearance/google-images
seo_owner_current: CONTENT/UNKNOWN_NEEDS_VERIFICATION
seo_owner_target: CONTENT for image-purpose decisions
rank_math_capability_checked: BLOCKED_BY_ACCESS
rank_math_path_or_reason_not_used: ALT ownership and production configuration were not supplied
```

**Evidence:** The supplied snapshot reports 4 images and 2 images missing ALT. Image purpose/decorative status and appropriate text were not independently inspected.

**Impact:** Image accessibility and image-search interpretation may be incomplete; no traffic causation is claimed.

**Recommendation:** Initial — review each image by role; use descriptive ALT only for informative images and empty ALT for decorative images. Do not invent visual facts or use ALT as a keyword field.

**Acceptance criteria:** Second Review or approved family work records the informative/decorative decision and resulting ALT for every image, with no fabricated descriptions.

**Audit outcome:** Supplied Round-1 evidence is sufficient for technical observations and initial recommendations. Search Console Page+Query relationship, complete legacy redirect history, rendered structured-data verification, current WordPress/Rank Math ownership, and image-purpose review remain UNKNOWN_NEEDS_VERIFICATION or BLOCKED_BY_ACCESS. No Production change is authorized.",MEASURED,P2,PAGE,BLOCKED,,pages/education/WP-32867.md
WP-32868,education,https://www.mariwork.ir/academy/mariwork-one-minute-guides/lessons/painting-with-base-coat-on-dark-fabric/,WP-32868-F001,Structured-data output is not evidenced in the supplied snapshot,"#### WP-32868-F001 — Structured-data output is not evidenced in the supplied snapshot

```yaml
severity: P2
scope: PAGE
status: BLOCKED
evidence_class: OBSERVED
confidence: HIGH
source_refs: supplied evidence: WP-32868 evidence.schema_types; registry/SYSTEMIC-FINDINGS.md SYS-004
google_basis: GOOGLE_CONSISTENT
google_reference: https://developers.google.com/search/docs/appearance/structured-data/intro-structured-data
seo_owner_current: UNKNOWN_NEEDS_VERIFICATION
seo_owner_target: RANK_MATH where capability is verified
rank_math_capability_checked: BLOCKED_BY_ACCESS
rank_math_path_or_reason_not_used: Production Rank Math configuration and schema ownership were not supplied
```

**Evidence:** The supplied initial-HTML snapshot reports schema_types: []. This establishes that no parsed schema type was evidenced in the supplied extraction; it does not prove that all rendered or non-parsed structured data is absent.

**Impact:** Structured-data eligibility and visible/schema consistency cannot be assessed from this snapshot; no rich-result or ranking loss is claimed.

**Recommendation:** Initial — verify rendered/public structured data and the family schema policy before any change; if implementation is later approved, use the verified Rank Math owner and avoid duplicate output.

**Acceptance criteria:** Independent verification records actual public schema, visible consistency, current/target owner, Rank Math capability, and a family regression set.",OBSERVED,P2,PAGE,BLOCKED,,pages/education/WP-32868.md
WP-32868,education,https://www.mariwork.ir/academy/mariwork-one-minute-guides/lessons/painting-with-base-coat-on-dark-fabric/,WP-32868-F002,Informative/decorative image ALT coverage is unresolved,"#### WP-32868-F002 — Informative/decorative image ALT coverage is unresolved

```yaml
severity: P2
scope: PAGE
status: BLOCKED
evidence_class: MEASURED
confidence: HIGH
source_refs: supplied evidence: WP-32868 evidence.image_count, evidence.images_missing_alt; registry/SYSTEMIC-FINDINGS.md SYS-011
google_basis: GOOGLE_RECOMMENDED
google_reference: https://developers.google.com/search/docs/appearance/google-images
seo_owner_current: CONTENT/UNKNOWN_NEEDS_VERIFICATION
seo_owner_target: CONTENT for image-purpose decisions
rank_math_capability_checked: BLOCKED_BY_ACCESS
rank_math_path_or_reason_not_used: ALT ownership and production configuration were not supplied
```

**Evidence:** The supplied snapshot reports 5 images and 3 images missing ALT. Image purpose/decorative status and appropriate text were not independently inspected.

**Impact:** Image accessibility and image-search interpretation may be incomplete; no traffic causation is claimed.

**Recommendation:** Initial — review each image by role; use descriptive ALT only for informative images and empty ALT for decorative images. Do not invent visual facts or use ALT as a keyword field.

**Acceptance criteria:** Second Review or approved family work records the informative/decorative decision and resulting ALT for every image, with no fabricated descriptions.

**Audit outcome:** Supplied Round-1 evidence is sufficient for technical observations and initial recommendations. Search Console Page+Query relationship, complete legacy redirect history, rendered structured-data verification, current WordPress/Rank Math ownership, and image-purpose review remain UNKNOWN_NEEDS_VERIFICATION or BLOCKED_BY_ACCESS. No Production change is authorized.",MEASURED,P2,PAGE,BLOCKED,,pages/education/WP-32868.md
WP-32869,education,https://www.mariwork.ir/academy/mariwork-one-minute-guides/lessons/batik-painting/,WP-32869-F001,Structured-data output is not evidenced in the supplied snapshot,"#### WP-32869-F001 — Structured-data output is not evidenced in the supplied snapshot

```yaml
severity: P2
scope: PAGE
status: BLOCKED
evidence_class: OBSERVED
confidence: HIGH
source_refs: supplied evidence: WP-32869 evidence.schema_types; registry/SYSTEMIC-FINDINGS.md SYS-004
google_basis: GOOGLE_CONSISTENT
google_reference: https://developers.google.com/search/docs/appearance/structured-data/intro-structured-data
seo_owner_current: UNKNOWN_NEEDS_VERIFICATION
seo_owner_target: RANK_MATH where capability is verified
rank_math_capability_checked: BLOCKED_BY_ACCESS
rank_math_path_or_reason_not_used: Production Rank Math configuration and schema ownership were not supplied
```

**Evidence:** The supplied initial-HTML snapshot reports schema_types: []. This establishes that no parsed schema type was evidenced in the supplied extraction; it does not prove that all rendered or non-parsed structured data is absent.

**Impact:** Structured-data eligibility and visible/schema consistency cannot be assessed from this snapshot; no rich-result or ranking loss is claimed.

**Recommendation:** Initial — verify rendered/public structured data and the family schema policy before any change; if implementation is later approved, use the verified Rank Math owner and avoid duplicate output.

**Acceptance criteria:** Independent verification records actual public schema, visible consistency, current/target owner, Rank Math capability, and a family regression set.",OBSERVED,P2,PAGE,BLOCKED,,pages/education/WP-32869.md
WP-32869,education,https://www.mariwork.ir/academy/mariwork-one-minute-guides/lessons/batik-painting/,WP-32869-F002,Informative/decorative image ALT coverage is unresolved,"#### WP-32869-F002 — Informative/decorative image ALT coverage is unresolved

```yaml
severity: P2
scope: PAGE
status: BLOCKED
evidence_class: MEASURED
confidence: HIGH
source_refs: supplied evidence: WP-32869 evidence.image_count, evidence.images_missing_alt; registry/SYSTEMIC-FINDINGS.md SYS-011
google_basis: GOOGLE_RECOMMENDED
google_reference: https://developers.google.com/search/docs/appearance/google-images
seo_owner_current: CONTENT/UNKNOWN_NEEDS_VERIFICATION
seo_owner_target: CONTENT for image-purpose decisions
rank_math_capability_checked: BLOCKED_BY_ACCESS
rank_math_path_or_reason_not_used: ALT ownership and production configuration were not supplied
```

**Evidence:** The supplied snapshot reports 5 images and 3 images missing ALT. Image purpose/decorative status and appropriate text were not independently inspected.

**Impact:** Image accessibility and image-search interpretation may be incomplete; no traffic causation is claimed.

**Recommendation:** Initial — review each image by role; use descriptive ALT only for informative images and empty ALT for decorative images. Do not invent visual facts or use ALT as a keyword field.

**Acceptance criteria:** Second Review or approved family work records the informative/decorative decision and resulting ALT for every image, with no fabricated descriptions.

**Audit outcome:** Supplied Round-1 evidence is sufficient for technical observations and initial recommendations. Search Console Page+Query relationship, complete legacy redirect history, rendered structured-data verification, current WordPress/Rank Math ownership, and image-purpose review remain UNKNOWN_NEEDS_VERIFICATION or BLOCKED_BY_ACCESS. No Production change is authorized.",MEASURED,P2,PAGE,BLOCKED,,pages/education/WP-32869.md
WP-32870,education,https://www.mariwork.ir/academy/mariwork-one-minute-guides/lessons/silk-screen-print/,WP-32870-F001,Structured-data output is not evidenced in the supplied snapshot,"#### WP-32870-F001 — Structured-data output is not evidenced in the supplied snapshot

```yaml
severity: P2
scope: PAGE
status: BLOCKED
evidence_class: OBSERVED
confidence: HIGH
source_refs: supplied evidence: WP-32870 evidence.schema_types; registry/SYSTEMIC-FINDINGS.md SYS-004
google_basis: GOOGLE_CONSISTENT
google_reference: https://developers.google.com/search/docs/appearance/structured-data/intro-structured-data
seo_owner_current: UNKNOWN_NEEDS_VERIFICATION
seo_owner_target: RANK_MATH where capability is verified
rank_math_capability_checked: BLOCKED_BY_ACCESS
rank_math_path_or_reason_not_used: Production Rank Math configuration and schema ownership were not supplied
```

**Evidence:** The supplied initial-HTML snapshot reports schema_types: []. This establishes that no parsed schema type was evidenced in the supplied extraction; it does not prove that all rendered or non-parsed structured data is absent.

**Impact:** Structured-data eligibility and visible/schema consistency cannot be assessed from this snapshot; no rich-result or ranking loss is claimed.

**Recommendation:** Initial — verify rendered/public structured data and the family schema policy before any change; if implementation is later approved, use the verified Rank Math owner and avoid duplicate output.

**Acceptance criteria:** Independent verification records actual public schema, visible consistency, current/target owner, Rank Math capability, and a family regression set.",OBSERVED,P2,PAGE,BLOCKED,,pages/education/WP-32870.md
WP-32870,education,https://www.mariwork.ir/academy/mariwork-one-minute-guides/lessons/silk-screen-print/,WP-32870-F002,Informative/decorative image ALT coverage is unresolved,"#### WP-32870-F002 — Informative/decorative image ALT coverage is unresolved

```yaml
severity: P2
scope: PAGE
status: BLOCKED
evidence_class: MEASURED
confidence: HIGH
source_refs: supplied evidence: WP-32870 evidence.image_count, evidence.images_missing_alt; registry/SYSTEMIC-FINDINGS.md SYS-011
google_basis: GOOGLE_RECOMMENDED
google_reference: https://developers.google.com/search/docs/appearance/google-images
seo_owner_current: CONTENT/UNKNOWN_NEEDS_VERIFICATION
seo_owner_target: CONTENT for image-purpose decisions
rank_math_capability_checked: BLOCKED_BY_ACCESS
rank_math_path_or_reason_not_used: ALT ownership and production configuration were not supplied
```

**Evidence:** The supplied snapshot reports 5 images and 3 images missing ALT. Image purpose/decorative status and appropriate text were not independently inspected.

**Impact:** Image accessibility and image-search interpretation may be incomplete; no traffic causation is claimed.

**Recommendation:** Initial — review each image by role; use descriptive ALT only for informative images and empty ALT for decorative images. Do not invent visual facts or use ALT as a keyword field.

**Acceptance criteria:** Second Review or approved family work records the informative/decorative decision and resulting ALT for every image, with no fabricated descriptions.

**Audit outcome:** Supplied Round-1 evidence is sufficient for technical observations and initial recommendations. Search Console Page+Query relationship, complete legacy redirect history, rendered structured-data verification, current WordPress/Rank Math ownership, and image-purpose review remain UNKNOWN_NEEDS_VERIFICATION or BLOCKED_BY_ACCESS. No Production change is authorized.",MEASURED,P2,PAGE,BLOCKED,,pages/education/WP-32870.md
WP-32871,education,https://www.mariwork.ir/academy/mariwork-one-minute-guides/lessons/painting-on-a-tshirt/,WP-32871-F001,Structured-data output is not evidenced in the supplied snapshot,"#### WP-32871-F001 — Structured-data output is not evidenced in the supplied snapshot

```yaml
severity: P2
scope: PAGE
status: BLOCKED
evidence_class: OBSERVED
confidence: HIGH
source_refs: supplied evidence: WP-32871 evidence.schema_types; registry/SYSTEMIC-FINDINGS.md SYS-004
google_basis: GOOGLE_CONSISTENT
google_reference: https://developers.google.com/search/docs/appearance/structured-data/intro-structured-data
seo_owner_current: UNKNOWN_NEEDS_VERIFICATION
seo_owner_target: RANK_MATH where capability is verified
rank_math_capability_checked: BLOCKED_BY_ACCESS
rank_math_path_or_reason_not_used: Production Rank Math configuration and schema ownership were not supplied
```

**Evidence:** The supplied initial-HTML snapshot reports schema_types: []. This establishes that no parsed schema type was evidenced in the supplied extraction; it does not prove that all rendered or non-parsed structured data is absent.

**Impact:** Structured-data eligibility and visible/schema consistency cannot be assessed from this snapshot; no rich-result or ranking loss is claimed.

**Recommendation:** Initial — verify rendered/public structured data and the family schema policy before any change; if implementation is later approved, use the verified Rank Math owner and avoid duplicate output.

**Acceptance criteria:** Independent verification records actual public schema, visible consistency, current/target owner, Rank Math capability, and a family regression set.",OBSERVED,P2,PAGE,BLOCKED,,pages/education/WP-32871.md
WP-32871,education,https://www.mariwork.ir/academy/mariwork-one-minute-guides/lessons/painting-on-a-tshirt/,WP-32871-F002,Informative/decorative image ALT coverage is unresolved,"#### WP-32871-F002 — Informative/decorative image ALT coverage is unresolved

```yaml
severity: P2
scope: PAGE
status: BLOCKED
evidence_class: MEASURED
confidence: HIGH
source_refs: supplied evidence: WP-32871 evidence.image_count, evidence.images_missing_alt; registry/SYSTEMIC-FINDINGS.md SYS-011
google_basis: GOOGLE_RECOMMENDED
google_reference: https://developers.google.com/search/docs/appearance/google-images
seo_owner_current: CONTENT/UNKNOWN_NEEDS_VERIFICATION
seo_owner_target: CONTENT for image-purpose decisions
rank_math_capability_checked: BLOCKED_BY_ACCESS
rank_math_path_or_reason_not_used: ALT ownership and production configuration were not supplied
```

**Evidence:** The supplied snapshot reports 6 images and 4 images missing ALT. Image purpose/decorative status and appropriate text were not independently inspected.

**Impact:** Image accessibility and image-search interpretation may be incomplete; no traffic causation is claimed.

**Recommendation:** Initial — review each image by role; use descriptive ALT only for informative images and empty ALT for decorative images. Do not invent visual facts or use ALT as a keyword field.

**Acceptance criteria:** Second Review or approved family work records the informative/decorative decision and resulting ALT for every image, with no fabricated descriptions.

**Audit outcome:** Supplied Round-1 evidence is sufficient for technical observations and initial recommendations. Search Console Page+Query relationship, complete legacy redirect history, rendered structured-data verification, current WordPress/Rank Math ownership, and image-purpose review remain UNKNOWN_NEEDS_VERIFICATION or BLOCKED_BY_ACCESS. No Production change is authorized.",MEASURED,P2,PAGE,BLOCKED,,pages/education/WP-32871.md
WP-32872,education,https://www.mariwork.ir/academy/mariwork-one-minute-guides/lessons/use-medium-base-coat-on-silk/,WP-32872-F001,Structured-data output is not evidenced in the supplied snapshot,"#### WP-32872-F001 — Structured-data output is not evidenced in the supplied snapshot

```yaml
severity: P2
scope: PAGE
status: BLOCKED
evidence_class: OBSERVED
confidence: HIGH
source_refs: supplied evidence: WP-32872 evidence.schema_types; registry/SYSTEMIC-FINDINGS.md SYS-004
google_basis: GOOGLE_CONSISTENT
google_reference: https://developers.google.com/search/docs/appearance/structured-data/intro-structured-data
seo_owner_current: UNKNOWN_NEEDS_VERIFICATION
seo_owner_target: RANK_MATH where capability is verified
rank_math_capability_checked: BLOCKED_BY_ACCESS
rank_math_path_or_reason_not_used: Production Rank Math configuration and schema ownership were not supplied
```

**Evidence:** The supplied initial-HTML snapshot reports schema_types: []. This establishes that no parsed schema type was evidenced in the supplied extraction; it does not prove that all rendered or non-parsed structured data is absent.

**Impact:** Structured-data eligibility and visible/schema consistency cannot be assessed from this snapshot; no rich-result or ranking loss is claimed.

**Recommendation:** Initial — verify rendered/public structured data and the family schema policy before any change; if implementation is later approved, use the verified Rank Math owner and avoid duplicate output.

**Acceptance criteria:** Independent verification records actual public schema, visible consistency, current/target owner, Rank Math capability, and a family regression set.",OBSERVED,P2,PAGE,BLOCKED,,pages/education/WP-32872.md
WP-32872,education,https://www.mariwork.ir/academy/mariwork-one-minute-guides/lessons/use-medium-base-coat-on-silk/,WP-32872-F002,Informative/decorative image ALT coverage is unresolved,"#### WP-32872-F002 — Informative/decorative image ALT coverage is unresolved

```yaml
severity: P2
scope: PAGE
status: BLOCKED
evidence_class: MEASURED
confidence: HIGH
source_refs: supplied evidence: WP-32872 evidence.image_count, evidence.images_missing_alt; registry/SYSTEMIC-FINDINGS.md SYS-011
google_basis: GOOGLE_RECOMMENDED
google_reference: https://developers.google.com/search/docs/appearance/google-images
seo_owner_current: CONTENT/UNKNOWN_NEEDS_VERIFICATION
seo_owner_target: CONTENT for image-purpose decisions
rank_math_capability_checked: BLOCKED_BY_ACCESS
rank_math_path_or_reason_not_used: ALT ownership and production configuration were not supplied
```

**Evidence:** The supplied snapshot reports 5 images and 3 images missing ALT. Image purpose/decorative status and appropriate text were not independently inspected.

**Impact:** Image accessibility and image-search interpretation may be incomplete; no traffic causation is claimed.

**Recommendation:** Initial — review each image by role; use descriptive ALT only for informative images and empty ALT for decorative images. Do not invent visual facts or use ALT as a keyword field.

**Acceptance criteria:** Second Review or approved family work records the informative/decorative decision and resulting ALT for every image, with no fabricated descriptions.

**Audit outcome:** Supplied Round-1 evidence is sufficient for technical observations and initial recommendations. Search Console Page+Query relationship, complete legacy redirect history, rendered structured-data verification, current WordPress/Rank Math ownership, and image-purpose review remain UNKNOWN_NEEDS_VERIFICATION or BLOCKED_BY_ACCESS. No Production change is authorized.",MEASURED,P2,PAGE,BLOCKED,,pages/education/WP-32872.md
WP-32873,education,https://www.mariwork.ir/academy/mariwork-one-minute-guides/lessons/combining-mariwork-fabric-colors-with-other-brands/,WP-32873-F001,severity: P2; scope: PAGE; status: CONFIRMED; evidence_class: MEASURED; confidence: HIGH,"#### WP-32873-F001

- severity: P2; scope: PAGE; status: CONFIRMED; evidence_class: MEASURED; confidence: HIGH
- source_refs: supplied evidence (`schema_types: []`, HTTP 200 HTML snapshot); SYS-004
- impact: No parsed structured-data type was reported for this lesson, so lesson/video/entity markup availability and consistency cannot be verified from the supplied snapshot.
- recommendation: INITIAL — inspect the rendered HTML and the central SEO/schema owner; add only markup supported by visible, verifiable lesson/media data after Second Review.
- acceptance_criteria: Schema output, if retained or added, matches visible content and has one verified owner; no duplicate output.
- google_basis: GOOGLE_CONSISTENT; google_reference: https://developers.google.com/search/docs/appearance/structured-data/intro-structured-data
- seo_owner_current: UNKNOWN_NEEDS_VERIFICATION; seo_owner_target: RANK_MATH where capability is verified, otherwise documented central owner
- rank_math_capability_checked: BLOCKED_BY_ACCESS; rank_math_path_or_reason_not_used: Production configuration/modules unavailable.",MEASURED,P2,PAGE,CONFIRMED,INITIAL — inspect the rendered HTML and the central SEO/schema owner,pages/education/WP-32873.md
WP-32873,education,https://www.mariwork.ir/academy/mariwork-one-minute-guides/lessons/combining-mariwork-fabric-colors-with-other-brands/,WP-32873-F002,severity: P2; scope: PAGE; status: BLOCKED; evidence_class: OBSERVED; confidence: HIGH,"#### WP-32873-F002

- severity: P2; scope: PAGE; status: BLOCKED; evidence_class: OBSERVED; confidence: HIGH
- source_refs: supplied text excerpt; SYS-007
- impact: The supplied evidence names a video/lesson but does not establish its embeddability, transcript/text completeness, or Page+Query relationship.
- recommendation: INITIAL — verify public rendered media and lesson body completeness, then use joined Page+Query or independent intent research before targeting queries.
- acceptance_criteria: Media URL/embed status and visible supporting text are evidenced; no query is attributed from separate GSC exports.
- google_basis: GOOGLE_CONSISTENT; google_reference: https://developers.google.com/search/docs/fundamentals/creating-helpful-content
- seo_owner_current: CONTENT/UNKNOWN_NEEDS_VERIFICATION; seo_owner_target: CONTENT for lesson/media content
- rank_math_capability_checked: NOT_APPLICABLE_FOR_CONTENT_GAP; rank_math_path_or_reason_not_used: Evidence gap concerns visible lesson/media content, not a verified Rank Math control.",OBSERVED,P2,PAGE,BLOCKED,"INITIAL — verify public rendered media and lesson body completeness, then use joined Page+Query or independent intent research before targeting queries.",pages/education/WP-32873.md
WP-32874,education,https://www.mariwork.ir/academy/mariwork-one-minute-guides/lessons/durability-of-mariwork-fabric-colors-and-how-to-maintain-them/,WP-32874-F001,severity: P2; scope: PAGE; status: CONFIRMED; evidence_class: MEASURED; confidence: HIGH,"#### WP-32874-F001

- severity: P2; scope: PAGE; status: CONFIRMED; evidence_class: MEASURED; confidence: HIGH
- source_refs: supplied evidence (`schema_types: []`); SYS-004
- impact: No parsed structured-data type was reported, leaving lesson/media entity representation and consistency unverified.
- recommendation: INITIAL — verify rendered output and central SEO/schema ownership; use only markup supported by visible, accurate content.
- acceptance_criteria: One verified schema owner; output, if used, matches visible lesson facts and media.
- google_basis: GOOGLE_CONSISTENT; google_reference: https://developers.google.com/search/docs/appearance/structured-data/intro-structured-data
- seo_owner_current: UNKNOWN_NEEDS_VERIFICATION; seo_owner_target: RANK_MATH where capability is verified, otherwise documented central owner
- rank_math_capability_checked: BLOCKED_BY_ACCESS; rank_math_path_or_reason_not_used: Production configuration/modules unavailable.",MEASURED,P2,PAGE,CONFIRMED,INITIAL — verify rendered output and central SEO/schema ownership,pages/education/WP-32874.md
WP-32874,education,https://www.mariwork.ir/academy/mariwork-one-minute-guides/lessons/durability-of-mariwork-fabric-colors-and-how-to-maintain-them/,WP-32874-F002,severity: P2; scope: PAGE; status: BLOCKED; evidence_class: OBSERVED; confidence: MEDIUM,"#### WP-32874-F002

- severity: P2; scope: PAGE; status: BLOCKED; evidence_class: OBSERVED; confidence: MEDIUM
- source_refs: supplied text excerpt; SYS-007
- impact: A product-storage duration claim and referenced video are present in the excerpt, but supporting source context, rendered media, and Page+Query intent evidence are unavailable.
- recommendation: INITIAL — independently validate the claim and media presentation before any content or query recommendation; do not infer GSC query ownership.
- acceptance_criteria: Claim provenance/currentness and media output are documented; Page+Query relation is joined or explicitly marked unavailable.
- google_basis: GOOGLE_CONSISTENT; google_reference: https://developers.google.com/search/docs/fundamentals/creating-helpful-content
- seo_owner_current: CONTENT/UNKNOWN_NEEDS_VERIFICATION; seo_owner_target: CONTENT
- rank_math_capability_checked: NOT_APPLICABLE_FOR_CONTENT_GAP; rank_math_path_or_reason_not_used: Concern is content evidence, not a verified Rank Math control.",OBSERVED,P2,PAGE,BLOCKED,INITIAL — independently validate the claim and media presentation before any content or query recommendation,pages/education/WP-32874.md
WP-32875,education,https://www.mariwork.ir/academy/mariwork-one-minute-guides/lessons/how-to-wash-works-with-fabric-dye/,WP-32875-F001,severity: P2; scope: PAGE; status: CONFIRMED; evidence_class: MEASURED; confidence: HIGH,"#### WP-32875-F001

- severity: P2; scope: PAGE; status: CONFIRMED; evidence_class: MEASURED; confidence: HIGH
- source_refs: supplied evidence (`images_missing_alt: 1`); SYS-011
- impact: One reported image has empty ALT; its informative/decorative role is not identified, so the correct accessible text cannot be determined from the snapshot.
- recommendation: INITIAL — review the image in context; provide concise descriptive ALT only if informative, otherwise retain empty ALT for decorative media.
- acceptance_criteria: Every page image has an evidence-backed informative/decorative decision and no invented description.
- google_basis: GOOGLE_RECOMMENDED; google_reference: https://developers.google.com/search/docs/appearance/google-images
- seo_owner_current: CONTENT/UNKNOWN_NEEDS_VERIFICATION; seo_owner_target: CONTENT for ALT decisions
- rank_math_capability_checked: BLOCKED_BY_ACCESS; rank_math_path_or_reason_not_used: Image/template ownership and Rank Math configuration unavailable.",MEASURED,P2,PAGE,CONFIRMED,INITIAL — review the image in context,pages/education/WP-32875.md
WP-32875,education,https://www.mariwork.ir/academy/mariwork-one-minute-guides/lessons/how-to-wash-works-with-fabric-dye/,WP-32875-F002,severity: P2; scope: PAGE; status: CONFIRMED; evidence_class: MEASURED; confidence: HIGH,"#### WP-32875-F002

- severity: P2; scope: PAGE; status: CONFIRMED; evidence_class: MEASURED; confidence: HIGH
- source_refs: supplied evidence (`schema_types: []`); SYS-004
- impact: No parsed structured-data type was reported for the lesson, leaving media/lesson representation unverified.
- recommendation: INITIAL — verify rendered output and one central schema owner before considering any structured-data change.
- acceptance_criteria: Any output is consistent with visible content and has no duplicate owner.
- google_basis: GOOGLE_CONSISTENT; google_reference: https://developers.google.com/search/docs/appearance/structured-data/intro-structured-data
- seo_owner_current: UNKNOWN_NEEDS_VERIFICATION; seo_owner_target: RANK_MATH where capability is verified, otherwise documented central owner
- rank_math_capability_checked: BLOCKED_BY_ACCESS; rank_math_path_or_reason_not_used: Production configuration/modules unavailable.",MEASURED,P2,PAGE,CONFIRMED,INITIAL — verify rendered output and one central schema owner before considering any structured-data change.,pages/education/WP-32875.md
WP-32876,education,https://www.mariwork.ir/academy/mariwork-one-minute-guides/lessons/how-to-fix-colors/,WP-32876-F001,severity: P2; scope: PAGE; status: CONFIRMED; evidence_class: MEASURED; confidence: HIGH,"#### WP-32876-F001

- severity: P2; scope: PAGE; status: CONFIRMED; evidence_class: MEASURED; confidence: HIGH
- source_refs: supplied evidence (`schema_types: []`); SYS-004
- impact: No parsed structured-data type was reported, so lesson/media markup and consistency are unverified.
- recommendation: INITIAL — inspect rendered output and central schema ownership; do not add unsupported markup.
- acceptance_criteria: Any schema is visible-content-consistent and emitted by one verified owner.
- google_basis: GOOGLE_CONSISTENT; google_reference: https://developers.google.com/search/docs/appearance/structured-data/intro-structured-data
- seo_owner_current: UNKNOWN_NEEDS_VERIFICATION; seo_owner_target: RANK_MATH where capability is verified, otherwise documented central owner
- rank_math_capability_checked: BLOCKED_BY_ACCESS; rank_math_path_or_reason_not_used: Production configuration/modules unavailable.",MEASURED,P2,PAGE,CONFIRMED,INITIAL — inspect rendered output and central schema ownership,pages/education/WP-32876.md
WP-32876,education,https://www.mariwork.ir/academy/mariwork-one-minute-guides/lessons/how-to-fix-colors/,WP-32876-F002,severity: P2; scope: PAGE; status: BLOCKED; evidence_class: OBSERVED; confidence: MEDIUM,"#### WP-32876-F002

- severity: P2; scope: PAGE; status: BLOCKED; evidence_class: OBSERVED; confidence: MEDIUM
- source_refs: supplied text excerpt; SYS-007
- impact: The lesson contains procedural heat-setting guidance, but the supplied audit does not independently validate the instructions or show the referenced video output; query intent is also unproven.
- recommendation: INITIAL — route the instructional steps and media through subject/content review before any rewrite or query targeting.
- acceptance_criteria: Current source/provenance and rendered media are documented; no Page+Query relation is inferred.
- google_basis: GOOGLE_CONSISTENT; google_reference: https://developers.google.com/search/docs/fundamentals/creating-helpful-content
- seo_owner_current: CONTENT/UNKNOWN_NEEDS_VERIFICATION; seo_owner_target: CONTENT
- rank_math_capability_checked: NOT_APPLICABLE_FOR_CONTENT_GAP; rank_math_path_or_reason_not_used: Concern is instructional evidence, not a verified Rank Math control.",OBSERVED,P2,PAGE,BLOCKED,INITIAL — route the instructional steps and media through subject/content review before any rewrite or query targeting.,pages/education/WP-32876.md
WP-32877,education,https://www.mariwork.ir/academy/mariwork-one-minute-guides/lessons/what-fabrics-need-a-base-coat/,WP-32877-F001,severity: P2; scope: PAGE; status: CONFIRMED; evidence_class: MEASURED; confidence: HIGH,"#### WP-32877-F001

- severity: P2; scope: PAGE; status: CONFIRMED; evidence_class: MEASURED; confidence: HIGH
- source_refs: supplied evidence (`images_missing_alt: 1`); SYS-011
- impact: One image lacks ALT in the supplied snapshot; informative versus decorative purpose is unknown.
- recommendation: INITIAL — inspect context and assign descriptive ALT only where the image conveys page information; otherwise use empty ALT.
- acceptance_criteria: Image-role decision and resulting ALT are evidenced without invented details.
- google_basis: GOOGLE_RECOMMENDED; google_reference: https://developers.google.com/search/docs/appearance/google-images
- seo_owner_current: CONTENT/UNKNOWN_NEEDS_VERIFICATION; seo_owner_target: CONTENT for ALT decisions
- rank_math_capability_checked: BLOCKED_BY_ACCESS; rank_math_path_or_reason_not_used: Image/template ownership and Rank Math configuration unavailable.",MEASURED,P2,PAGE,CONFIRMED,INITIAL — inspect context and assign descriptive ALT only where the image conveys page information,pages/education/WP-32877.md
WP-32877,education,https://www.mariwork.ir/academy/mariwork-one-minute-guides/lessons/what-fabrics-need-a-base-coat/,WP-32877-F002,severity: P2; scope: PAGE; status: CONFIRMED; evidence_class: MEASURED; confidence: HIGH,"#### WP-32877-F002

- severity: P2; scope: PAGE; status: CONFIRMED; evidence_class: MEASURED; confidence: HIGH
- source_refs: supplied evidence (`schema_types: []`); SYS-004
- impact: No parsed structured-data type was reported, so lesson/media entity representation is unverified.
- recommendation: INITIAL — verify rendered output and central SEO/schema ownership before any markup decision.
- acceptance_criteria: Any schema matches visible content and has one verified owner.
- google_basis: GOOGLE_CONSISTENT; google_reference: https://developers.google.com/search/docs/appearance/structured-data/intro-structured-data
- seo_owner_current: UNKNOWN_NEEDS_VERIFICATION; seo_owner_target: RANK_MATH where capability is verified, otherwise documented central owner
- rank_math_capability_checked: BLOCKED_BY_ACCESS; rank_math_path_or_reason_not_used: Production configuration/modules unavailable.",MEASURED,P2,PAGE,CONFIRMED,INITIAL — verify rendered output and central SEO/schema ownership before any markup decision.,pages/education/WP-32877.md
WP-32878,education,https://www.mariwork.ir/academy/mariwork-one-minute-guides/lessons/test-the-stability-of-mariwork-colors-with-bleach/,WP-32878-F001,severity: P2; scope: PAGE; status: CONFIRMED; evidence_class: MEASURED; confidence: HIGH,"#### WP-32878-F001

- severity: P2; scope: PAGE; status: CONFIRMED; evidence_class: MEASURED; confidence: HIGH
- source_refs: supplied evidence (`images_missing_alt: 4`, `lazy_images: 1`); SYS-011
- impact: Four images lack ALT in the supplied snapshot; one image is lazy-loaded. Image purpose and whether the media is critical to understanding the test are unknown.
- recommendation: INITIAL — inspect each image in context, decide informative/decorative status, and verify lazy behavior for content-critical media before any change.
- acceptance_criteria: Image-role/ALT decisions and media loading behavior are documented; no fabricated descriptions.
- google_basis: GOOGLE_RECOMMENDED; google_reference: https://developers.google.com/search/docs/appearance/google-images
- seo_owner_current: CONTENT/UNKNOWN_NEEDS_VERIFICATION; seo_owner_target: CONTENT for ALT; PLATFORM or central template owner for loading behavior after verification
- rank_math_capability_checked: BLOCKED_BY_ACCESS; rank_math_path_or_reason_not_used: Image/template ownership and Rank Math configuration unavailable.",MEASURED,P2,PAGE,CONFIRMED,"INITIAL — inspect each image in context, decide informative/decorative status, and verify lazy behavior for content-critical media before any change.",pages/education/WP-32878.md
WP-32878,education,https://www.mariwork.ir/academy/mariwork-one-minute-guides/lessons/test-the-stability-of-mariwork-colors-with-bleach/,WP-32878-F002,severity: P2; scope: PAGE; status: CONFIRMED; evidence_class: MEASURED; confidence: HIGH,"#### WP-32878-F002

- severity: P2; scope: PAGE; status: CONFIRMED; evidence_class: MEASURED; confidence: HIGH
- source_refs: supplied evidence (`schema_types: []`); SYS-004
- impact: No parsed structured-data type was reported for this test lesson, leaving media/lesson representation unverified.
- recommendation: INITIAL — verify rendered HTML and central schema ownership; do not create unsupported test-result markup.
- acceptance_criteria: Any schema is supported by visible evidence and emitted once by a verified owner.
- google_basis: GOOGLE_CONSISTENT; google_reference: https://developers.google.com/search/docs/appearance/structured-data/intro-structured-data
- seo_owner_current: UNKNOWN_NEEDS_VERIFICATION; seo_owner_target: RANK_MATH where capability is verified, otherwise documented central owner
- rank_math_capability_checked: BLOCKED_BY_ACCESS; rank_math_path_or_reason_not_used: Production configuration/modules unavailable.",MEASURED,P2,PAGE,CONFIRMED,INITIAL — verify rendered HTML and central schema ownership,pages/education/WP-32878.md
WP-32879,education,https://www.mariwork.ir/academy/mariwork-one-minute-guides/lessons/felt-painting/,WP-32879-F001,severity: P2; scope: PAGE; status: CONFIRMED; evidence_class: MEASURED; confidence: HIGH,"#### WP-32879-F001

- severity: P2; scope: PAGE; status: CONFIRMED; evidence_class: MEASURED; confidence: HIGH
- source_refs: supplied evidence (`images_missing_alt: 1`); SYS-011
- impact: One image lacks ALT in the supplied snapshot; the image’s informative/decorative role is unknown.
- recommendation: INITIAL — inspect the image context and assign ALT only when informative; retain empty ALT when decorative.
- acceptance_criteria: Evidence-backed image-role decision and ALT output, without invented facts.
- google_basis: GOOGLE_RECOMMENDED; google_reference: https://developers.google.com/search/docs/appearance/google-images
- seo_owner_current: CONTENT/UNKNOWN_NEEDS_VERIFICATION; seo_owner_target: CONTENT for ALT decisions
- rank_math_capability_checked: BLOCKED_BY_ACCESS; rank_math_path_or_reason_not_used: Image/template ownership and Rank Math configuration unavailable.",MEASURED,P2,PAGE,CONFIRMED,INITIAL — inspect the image context and assign ALT only when informative,pages/education/WP-32879.md
WP-32879,education,https://www.mariwork.ir/academy/mariwork-one-minute-guides/lessons/felt-painting/,WP-32879-F002,severity: P2; scope: PAGE; status: CONFIRMED; evidence_class: MEASURED; confidence: HIGH,"#### WP-32879-F002

- severity: P2; scope: PAGE; status: CONFIRMED; evidence_class: MEASURED; confidence: HIGH
- source_refs: supplied evidence (`schema_types: []`); SYS-004
- impact: No parsed structured-data type was reported, so lesson/media representation is unverified.
- recommendation: INITIAL — verify rendered output and central schema ownership before any markup recommendation.
- acceptance_criteria: Any schema matches visible content and is emitted by one verified owner.
- google_basis: GOOGLE_CONSISTENT; google_reference: https://developers.google.com/search/docs/appearance/structured-data/intro-structured-data
- seo_owner_current: UNKNOWN_NEEDS_VERIFICATION; seo_owner_target: RANK_MATH where capability is verified, otherwise documented central owner
- rank_math_capability_checked: BLOCKED_BY_ACCESS; rank_math_path_or_reason_not_used: Production configuration/modules unavailable.",MEASURED,P2,PAGE,CONFIRMED,INITIAL — verify rendered output and central schema ownership before any markup recommendation.,pages/education/WP-32879.md
WP-32880,education,https://www.mariwork.ir/academy/mariwork-one-minute-guides/lessons/how-to-recognize-types-of-fabrics/,WP-32880-F001,severity: P2; scope: PAGE; status: CONFIRMED; evidence_class: MEASURED; confidence: HIGH,"#### WP-32880-F001

- severity: P2; scope: PAGE; status: CONFIRMED; evidence_class: MEASURED; confidence: HIGH
- source_refs: supplied evidence (`schema_types: []`); SYS-004
- impact: No parsed structured-data type was reported, leaving lesson/media representation unverified.
- recommendation: INITIAL — verify rendered output and one central SEO/schema owner; use only markup supported by visible content.
- acceptance_criteria: Any schema is visible-content-consistent and has no duplicate owner.
- google_basis: GOOGLE_CONSISTENT; google_reference: https://developers.google.com/search/docs/appearance/structured-data/intro-structured-data
- seo_owner_current: UNKNOWN_NEEDS_VERIFICATION; seo_owner_target: RANK_MATH where capability is verified, otherwise documented central owner
- rank_math_capability_checked: BLOCKED_BY_ACCESS; rank_math_path_or_reason_not_used: Production configuration/modules unavailable.",MEASURED,P2,PAGE,CONFIRMED,INITIAL — verify rendered output and one central SEO/schema owner,pages/education/WP-32880.md
WP-32880,education,https://www.mariwork.ir/academy/mariwork-one-minute-guides/lessons/how-to-recognize-types-of-fabrics/,WP-32880-F002,severity: P2; scope: PAGE; status: BLOCKED; evidence_class: OBSERVED; confidence: MEDIUM,"#### WP-32880-F002

- severity: P2; scope: PAGE; status: BLOCKED; evidence_class: OBSERVED; confidence: MEDIUM
- source_refs: supplied text excerpt; SYS-007
- impact: The supplied excerpt includes an instructional burn-test method, but its safety/context review, media rendering, and query intent evidence are unavailable.
- recommendation: INITIAL — obtain subject/content review and rendered-media evidence before content or query targeting decisions.
- acceptance_criteria: Instructional provenance/context and media output are documented; no Page+Query relation is inferred.
- google_basis: GOOGLE_CONSISTENT; google_reference: https://developers.google.com/search/docs/fundamentals/creating-helpful-content
- seo_owner_current: CONTENT/UNKNOWN_NEEDS_VERIFICATION; seo_owner_target: CONTENT
- rank_math_capability_checked: NOT_APPLICABLE_FOR_CONTENT_GAP; rank_math_path_or_reason_not_used: Concern is instructional evidence, not a verified Rank Math control.",OBSERVED,P2,PAGE,BLOCKED,INITIAL — obtain subject/content review and rendered-media evidence before content or query targeting decisions.,pages/education/WP-32880.md
WP-32881,education,https://www.mariwork.ir/academy/mariwork-one-minute-guides/lessons/mariwork-combinability-colors-cycle/,WP-32881-F001,severity: P2; scope: PAGE; status: CONFIRMED; evidence_class: MEASURED; confidence: HIGH,"#### WP-32881-F001

- severity: P2; scope: PAGE; status: CONFIRMED; evidence_class: MEASURED; confidence: HIGH
- source_refs: supplied evidence (`images_missing_alt: 3`); SYS-011
- impact: Three images lack ALT in the supplied snapshot; their informative/decorative roles are unknown.
- recommendation: INITIAL — inspect image context and assign descriptive ALT only for informative images; retain empty ALT for decorative images.
- acceptance_criteria: Each image receives an evidence-backed role decision and no fabricated description.
- google_basis: GOOGLE_RECOMMENDED; google_reference: https://developers.google.com/search/docs/appearance/google-images
- seo_owner_current: CONTENT/UNKNOWN_NEEDS_VERIFICATION; seo_owner_target: CONTENT for ALT decisions
- rank_math_capability_checked: BLOCKED_BY_ACCESS; rank_math_path_or_reason_not_used: Image/template ownership and Rank Math configuration unavailable.",MEASURED,P2,PAGE,CONFIRMED,INITIAL — inspect image context and assign descriptive ALT only for informative images,pages/education/WP-32881.md
WP-32881,education,https://www.mariwork.ir/academy/mariwork-one-minute-guides/lessons/mariwork-combinability-colors-cycle/,WP-32881-F002,severity: P2; scope: PAGE; status: CONFIRMED; evidence_class: MEASURED; confidence: HIGH,"#### WP-32881-F002

- severity: P2; scope: PAGE; status: CONFIRMED; evidence_class: MEASURED; confidence: HIGH
- source_refs: supplied evidence (`schema_types: []`); SYS-004
- impact: No parsed structured-data type was reported, and the excerpt is truncated; lesson/media entity representation cannot be verified.
- recommendation: INITIAL — verify the complete rendered page and central schema ownership before any markup decision.
- acceptance_criteria: Any schema matches the complete visible page and is emitted by one verified owner.
- google_basis: GOOGLE_CONSISTENT; google_reference: https://developers.google.com/search/docs/appearance/structured-data/intro-structured-data
- seo_owner_current: UNKNOWN_NEEDS_VERIFICATION; seo_owner_target: RANK_MATH where capability is verified, otherwise documented central owner
- rank_math_capability_checked: BLOCKED_BY_ACCESS; rank_math_path_or_reason_not_used: Production configuration/modules unavailable.",MEASURED,P2,PAGE,CONFIRMED,INITIAL — verify the complete rendered page and central schema ownership before any markup decision.,pages/education/WP-32881.md
WP-32895,static,https://www.mariwork.ir/faq/,WP-32895-F001,No structured-data type observed for an FAQ page,"#### WP-32895-F001 — No structured-data type observed for an FAQ page
```yaml
severity: P2
scope: PAGE
status: CONFIRMED
evidence_class: OBSERVED
confidence: HIGH
source_refs: [""INPUT:evidence.schema_types"", ""INPUT:evidence.text_excerpt"", ""SYS-004""]
impact: The page's structured-data state and visible/schema consistency are unverified; FAQ rich-result eligibility is not inferred.
recommendation: INITIAL — independently validate question/answer content and assess supported structured data only if it represents visible content; use verified Rank Math ownership where applicable.
acceptance_criteria: Visible answers, selected type, ownership, and validation evidence are aligned; no invented FAQ entries.
google_basis: GOOGLE_CONSISTENT
google_reference: https://developers.google.com/search/docs/appearance/structured-data/faqpage
seo_owner_current: UNKNOWN_NEEDS_VERIFICATION
seo_owner_target: RANK_MATH where capability is verified; CONTENT for visible answers
rank_math_capability_checked: BLOCKED_BY_ACCESS
rank_math_path_or_reason_not_used: Installed modules/configuration unavailable
```",OBSERVED,P2,PAGE,CONFIRMED,INITIAL — independently validate question/answer content and assess supported structured data only if it represents visible content,pages/static/WP-32895.md
WP-33318,products,https://www.mariwork.ir/shop/%D8%B3%D8%AA-5-%D8%B1%D9%86%DA%AF-%D9%81%D9%84%D9%88%D8%B1%D8%B3%D9%86%D8%AA-%D9%85%D8%A7%D8%B1%DB%8C-%D9%88%D8%B1%DA%A9-30ml/,WP-33318-F001,No parsed structured-data types in supplied initial HTML evidence,"#### WP-33318-F001 — No parsed structured-data types in supplied initial HTML evidence
```yaml
severity: P1
scope: PAGE
status: CONFIRMED
evidence_class: OBSERVED
confidence: HIGH
source_refs: [""input.evidence.schema_types"", ""registry/SYSTEMIC-FINDINGS.md#SYS-004""]
seo_owner_current: UNKNOWN_NEEDS_VERIFICATION
seo_owner_target: RANK_MATH where capability is verified; otherwise UNKNOWN_NEEDS_VERIFICATION
rank_math_capability_checked: BLOCKED_BY_ACCESS
rank_math_path_or_reason_not_used: Production configuration and responsible output owner were not supplied.
google_basis: GOOGLE_CONSISTENT
google_reference: https://developers.google.com/search/docs/appearance/structured-data/intro-structured-data
```
**Evidence:** `schema_types: []`; no schema payload was identified. **Impact:** Bundle structured-data eligibility/consistency is unverified; no ranking or rich-result causation is claimed. **Recommendation:** INITIAL — verify output and ownership, then compare bundle/Offer facts with visible contents. **Acceptance criteria:** Owner, current output, verified facts, conflicts and regression cases are recorded before any decision.",OBSERVED,P1,PAGE,CONFIRMED,,pages/products/WP-33318.md
WP-33319,products,https://www.mariwork.ir/shop/six-color-set-30ml/,WP-33319-F001,No parsed structured-data types in supplied initial HTML evidence,"#### WP-33319-F001 — No parsed structured-data types in supplied initial HTML evidence
```yaml
severity: P1
scope: PAGE
status: CONFIRMED
evidence_class: OBSERVED
confidence: HIGH
source_refs: [""input.evidence.schema_types"", ""registry/SYSTEMIC-FINDINGS.md#SYS-004""]
seo_owner_current: UNKNOWN_NEEDS_VERIFICATION
seo_owner_target: RANK_MATH where capability is verified; otherwise UNKNOWN_NEEDS_VERIFICATION
rank_math_capability_checked: BLOCKED_BY_ACCESS
rank_math_path_or_reason_not_used: Production configuration and responsible output owner were not supplied.
google_basis: GOOGLE_CONSISTENT
google_reference: https://developers.google.com/search/docs/appearance/structured-data/intro-structured-data
```
**Evidence:** `schema_types: []`; no schema payload was identified. **Impact:** Bundle structured-data eligibility/consistency is unverified; no ranking or rich-result causation is claimed. **Recommendation:** INITIAL — verify output and ownership, then compare bundle/Offer facts with visible contents. **Acceptance criteria:** Owner, current output, verified facts, conflicts and regression cases are recorded before any decision.",OBSERVED,P1,PAGE,CONFIRMED,,pages/products/WP-33319.md
WP-33320,products,https://www.mariwork.ir/shop/eight-color-set-30ml/,WP-33320-F001,No parsed structured-data types in supplied initial HTML evidence,"#### WP-33320-F001 — No parsed structured-data types in supplied initial HTML evidence
```yaml
severity: P1
scope: PAGE
status: CONFIRMED
evidence_class: OBSERVED
confidence: HIGH
source_refs: [""input.evidence.schema_types"", ""registry/SYSTEMIC-FINDINGS.md#SYS-004""]
seo_owner_current: UNKNOWN_NEEDS_VERIFICATION
seo_owner_target: RANK_MATH where capability is verified; otherwise UNKNOWN_NEEDS_VERIFICATION
rank_math_capability_checked: BLOCKED_BY_ACCESS
rank_math_path_or_reason_not_used: Production configuration and responsible output owner were not supplied.
google_basis: GOOGLE_CONSISTENT
google_reference: https://developers.google.com/search/docs/appearance/structured-data/intro-structured-data
```
**Evidence:** `schema_types: []`; no schema payload was identified. **Impact:** Bundle structured-data eligibility/consistency is unverified; no ranking or rich-result causation is claimed. **Recommendation:** INITIAL — verify output and ownership, then compare bundle/Offer facts with visible contents. **Acceptance criteria:** Owner, current output, verified facts, conflicts and regression cases are recorded before any decision.",OBSERVED,P1,PAGE,CONFIRMED,,pages/products/WP-33320.md
WP-33322,products,https://www.mariwork.ir/shop/24color-set-30ml/,WP-33322-F001,No parsed structured-data types in supplied initial HTML evidence,"#### WP-33322-F001 — No parsed structured-data types in supplied initial HTML evidence
```yaml
severity: P1
scope: PAGE
status: CONFIRMED
evidence_class: OBSERVED
confidence: HIGH
source_refs: [""input.evidence.schema_types"", ""registry/SYSTEMIC-FINDINGS.md#SYS-004""]
seo_owner_current: UNKNOWN_NEEDS_VERIFICATION
seo_owner_target: RANK_MATH where capability is verified; otherwise UNKNOWN_NEEDS_VERIFICATION
rank_math_capability_checked: BLOCKED_BY_ACCESS
rank_math_path_or_reason_not_used: Production configuration and responsible output owner were not supplied.
google_basis: GOOGLE_CONSISTENT
google_reference: https://developers.google.com/search/docs/appearance/structured-data/intro-structured-data
```
**Evidence:** `schema_types: []`; no schema payload was identified. **Impact:** Bundle structured-data eligibility/consistency is unverified; no ranking or rich-result causation is claimed. **Recommendation:** INITIAL — verify output and ownership, then compare bundle/Offer facts with visible contents. **Acceptance criteria:** Owner, current output, verified facts, conflicts and regression cases are recorded before any decision.",OBSERVED,P1,PAGE,CONFIRMED,,pages/products/WP-33322.md
WP-33323,products,https://www.mariwork.ir/shop/a30-color-and-additives-set-30ml/,WP-33323-F001,No parsed structured-data types in supplied initial HTML evidence,"#### WP-33323-F001 — No parsed structured-data types in supplied initial HTML evidence
```yaml
severity: P1
scope: PAGE
status: CONFIRMED
evidence_class: OBSERVED
confidence: HIGH
source_refs: [""input.evidence.schema_types"", ""registry/SYSTEMIC-FINDINGS.md#SYS-004""]
seo_owner_current: UNKNOWN_NEEDS_VERIFICATION
seo_owner_target: RANK_MATH where capability is verified; otherwise UNKNOWN_NEEDS_VERIFICATION
rank_math_capability_checked: BLOCKED_BY_ACCESS
rank_math_path_or_reason_not_used: Production configuration and responsible output owner were not supplied.
google_basis: GOOGLE_CONSISTENT
google_reference: https://developers.google.com/search/docs/appearance/structured-data/intro-structured-data
```
**Evidence:** `schema_types: []`; no schema payload was identified. **Impact:** Bundle structured-data eligibility/consistency is unverified; no ranking or rich-result causation is claimed. **Recommendation:** INITIAL — verify output and ownership, then compare bundle/Offer facts with visible contents. **Acceptance criteria:** Owner, current output, verified facts, conflicts and regression cases are recorded before any decision.",OBSERVED,P1,PAGE,CONFIRMED,,pages/products/WP-33323.md
WP-33324,products,https://www.mariwork.ir/shop/glitter-set-mariwork-fabric-medium-30ml/,WP-33324-F001,Product structured-data output is not evidenced in the supplied extraction,"#### WP-33324-F001 — Product structured-data output is not evidenced in the supplied extraction

```yaml
severity: P1
scope: PAGE
status: BLOCKED
evidence_class: OBSERVED
confidence: MEDIUM
source_refs: [""INPUT:evidence.WP-33324.schema_types"", ""SYS-004"", ""SYS-006""]
impact: Product rich-result eligibility and consistency of price, product identity and offer data cannot be assessed from this extraction; no ranking or rich-result causation is claimed.
recommendation: INITIAL — inspect the complete initial/rendered head and current Rank Math/WooCommerce schema owner before deciding whether any change is needed; do not add parallel schema.
acceptance_criteria: One verified schema owner; Product/Offer fields are consistent with visible/WooCommerce facts; valid output is tested on a representative product-set regression sample.
google_basis: GOOGLE_RECOMMENDED
google_reference: https://developers.google.com/search/docs/appearance/structured-data/product-snippet
seo_owner_current: UNKNOWN_NEEDS_VERIFICATION
seo_owner_target: RANK_MATH where the installed capability supports Product/WooCommerce schema
rank_math_capability_checked: BLOCKED_BY_ACCESS
rank_math_path_or_reason_not_used: Installed version/modules and current owner were not supplied.
```

**Evidence:** The deterministic page evidence reports `schema_types: []`; it does not prove that no schema exists in all rendered states.

**Impact:** Structured-data consistency and eligibility remain unverified.

**Recommendation:** Initial verification only; no Production change is authorized.

**Acceptance criteria:** As stated in the finding contract above.",OBSERVED,P1,PAGE,BLOCKED,INITIAL — inspect the complete initial/rendered head and current Rank Math/WooCommerce schema owner before deciding whether any change is needed,pages/products/WP-33324.md
WP-33324,products,https://www.mariwork.ir/shop/glitter-set-mariwork-fabric-medium-30ml/,WP-33324-F002,Product-set copy and heading pattern may provide limited family-specific information gain,"#### WP-33324-F002 — Product-set copy and heading pattern may provide limited family-specific information gain

```yaml
severity: P2
scope: PAGE
status: OPEN
evidence_class: OBSERVED
confidence: MEDIUM
source_refs: [""INPUT:evidence.WP-33324.headings"", ""INPUT:evidence.WP-33324.text_excerpt"", ""SYS-008""]
impact: Repeated 30 ml rationale, FAQ headings and generic summary sections are visible across the supplied set pages; distinct selection information may be less extractable, but usefulness impact is not measured here.
recommendation: INITIAL — during Second Review, compare the set’s verified contents, use case and volume distinction with sibling products; retain only useful, evidence-backed distinctions.
acceptance_criteria: Second Review records unique verified facts and confirms whether repeated sections add decision value; no unsupported product claims are introduced.
google_basis: GOOGLE_CONSISTENT
google_reference: https://developers.google.com/search/docs/fundamentals/creating-helpful-content
seo_owner_current: CONTENT
seo_owner_target: CONTENT for visible copy; RANK_MATH for metadata only if separately approved and supported
rank_math_capability_checked: NOT_APPLICABLE_FOR_VISIBLE_COPY
rank_math_path_or_reason_not_used: This is a visible-content/family differentiation question, not a metadata ownership decision.
```

**Evidence:** The page contains generic “جمع‌بندی”, FAQ and “چرا حجم 30 میل؟” headings and the same 30 ml rationale pattern appears in all four supplied excerpts.

**Impact:** Potentially reduced differentiation is a hypothesis pending independent review; no ranking causation is claimed.

**Recommendation:** Initial family comparison only; do not draft replacement copy in Round 1.

**Acceptance criteria:** As stated in the finding contract above.

**Explicit audit outcome:** Technical baseline is recorded; page remains `NOT_DECIDED` and is ready for ChatGPT Second Review. No Production or raw-data write occurred.",OBSERVED,P2,PAGE,OPEN,"INITIAL — during Second Review, compare the set’s verified contents, use case and volume distinction with sibling products",pages/products/WP-33324.md
WP-33325,products,https://www.mariwork.ir/shop/40color-set-30ml/,WP-33325-F001,Product structured-data output is not evidenced in the supplied extraction,"#### WP-33325-F001 — Product structured-data output is not evidenced in the supplied extraction

```yaml
severity: P1
scope: PAGE
status: BLOCKED
evidence_class: OBSERVED
confidence: MEDIUM
source_refs: [""INPUT:evidence.WP-33325.schema_types"", ""SYS-004"", ""SYS-006""]
impact: Product rich-result eligibility and consistency of price, identity and offer data cannot be assessed; no ranking or rich-result causation is claimed.
recommendation: INITIAL — inspect complete output and verify the current Rank Math/WooCommerce schema owner before deciding whether any change is needed; do not add parallel schema.
acceptance_criteria: One verified schema owner; Product/Offer fields agree with visible/WooCommerce facts; representative set regression passes.
google_basis: GOOGLE_RECOMMENDED
google_reference: https://developers.google.com/search/docs/appearance/structured-data/product-snippet
seo_owner_current: UNKNOWN_NEEDS_VERIFICATION
seo_owner_target: RANK_MATH where installed capability supports Product/WooCommerce schema
rank_math_capability_checked: BLOCKED_BY_ACCESS
rank_math_path_or_reason_not_used: Installed version/modules and current owner were not supplied.
```

**Evidence:** `schema_types: []` in the supplied extraction; this does not prove absence from every rendered state.

**Impact:** Structured-data consistency remains unverified.

**Recommendation:** Initial verification only; no Production change is authorized.

**Acceptance criteria:** As stated above.",OBSERVED,P1,PAGE,BLOCKED,INITIAL — inspect complete output and verify the current Rank Math/WooCommerce schema owner before deciding whether any change is needed,pages/products/WP-33325.md
WP-33325,products,https://www.mariwork.ir/shop/40color-set-30ml/,WP-33325-F002,Product-set template differentiation requires Second Review,"#### WP-33325-F002 — Product-set template differentiation requires Second Review

```yaml
severity: P2
scope: PAGE
status: OPEN
evidence_class: OBSERVED
confidence: MEDIUM
source_refs: [""INPUT:evidence.WP-33325.headings"", ""INPUT:evidence.WP-33325.text_excerpt"", ""SYS-008""]
impact: Repeated generic summary/FAQ/30 ml sections are present across the batch; the page’s distinct 40-color contents are partly visible but family-level information gain is not measured.
recommendation: INITIAL — compare verified contents, use case and size distinction with sibling sets during Second Review; preserve only useful, evidence-backed distinctions.
acceptance_criteria: Second Review identifies unique verified facts and confirms decision value; no unsupported claims are added.
google_basis: GOOGLE_CONSISTENT
google_reference: https://developers.google.com/search/docs/fundamentals/creating-helpful-content
seo_owner_current: CONTENT
seo_owner_target: CONTENT for visible copy; RANK_MATH for metadata only if separately approved and supported
rank_math_capability_checked: NOT_APPLICABLE_FOR_VISIBLE_COPY
rank_math_path_or_reason_not_used: Visible-content differentiation is outside metadata ownership.
```

**Evidence:** The supplied heading and excerpt repeat the family pattern while also exposing 40-color contents.

**Impact:** Potential differentiation limitation is a hypothesis; no ranking causation is claimed.

**Recommendation:** Initial family comparison only; no replacement copy in Round 1.

**Acceptance criteria:** As stated above.

**Explicit audit outcome:** Direct legacy redirect evidence is preserved; current page audit is sufficient for Second Review, while indexability, Page+Query and Rank Math configuration remain unresolved. No Production or raw-data write occurred.",OBSERVED,P2,PAGE,OPEN,"INITIAL — compare verified contents, use case and size distinction with sibling sets during Second Review",pages/products/WP-33325.md
WP-33326,products,https://www.mariwork.ir/shop/whole-colors-and-mediumes-set-30ml/,WP-33326-F001,Product structured-data output is not evidenced in the supplied extraction,"#### WP-33326-F001 — Product structured-data output is not evidenced in the supplied extraction

```yaml
severity: P1
scope: PAGE
status: BLOCKED
evidence_class: OBSERVED
confidence: MEDIUM
source_refs: [""INPUT:evidence.WP-33326.schema_types"", ""SYS-004"", ""SYS-006""]
impact: Product rich-result eligibility and consistency of price, identity and offer data cannot be assessed; no ranking or rich-result causation is claimed.
recommendation: INITIAL — inspect complete output and verify the current Rank Math/WooCommerce schema owner before deciding whether any change is needed; do not add parallel schema.
acceptance_criteria: One verified schema owner; Product/Offer fields agree with visible/WooCommerce facts; representative set regression passes.
google_basis: GOOGLE_RECOMMENDED
google_reference: https://developers.google.com/search/docs/appearance/structured-data/product-snippet
seo_owner_current: UNKNOWN_NEEDS_VERIFICATION
seo_owner_target: RANK_MATH where installed capability supports Product/WooCommerce schema
rank_math_capability_checked: BLOCKED_BY_ACCESS
rank_math_path_or_reason_not_used: Installed version/modules and current owner were not supplied.
```

**Evidence:** `schema_types: []` in the supplied extraction; this does not prove absence from every rendered state.

**Impact:** Structured-data consistency remains unverified.

**Recommendation:** Initial verification only; no Production change is authorized.

**Acceptance criteria:** As stated above.",OBSERVED,P1,PAGE,BLOCKED,INITIAL — inspect complete output and verify the current Rank Math/WooCommerce schema owner before deciding whether any change is needed,pages/products/WP-33326.md
WP-33326,products,https://www.mariwork.ir/shop/whole-colors-and-mediumes-set-30ml/,WP-33326-F002,Product-set template differentiation requires Second Review,"#### WP-33326-F002 — Product-set template differentiation requires Second Review

```yaml
severity: P2
scope: PAGE
status: OPEN
evidence_class: OBSERVED
confidence: MEDIUM
source_refs: [""INPUT:evidence.WP-33326.headings"", ""INPUT:evidence.WP-33326.text_excerpt"", ""SYS-008""]
impact: Repeated generic summary/FAQ/30 ml sections are present across the batch; the page’s 40-color/16-medium distinction is stated but family-level information gain is not measured.
recommendation: INITIAL — compare verified contents, use case and size distinction with sibling sets during Second Review; preserve only useful, evidence-backed distinctions.
acceptance_criteria: Second Review identifies unique verified facts and confirms decision value; no unsupported claims are added.
google_basis: GOOGLE_CONSISTENT
google_reference: https://developers.google.com/search/docs/fundamentals/creating-helpful-content
seo_owner_current: CONTENT
seo_owner_target: CONTENT for visible copy; RANK_MATH for metadata only if separately approved and supported
rank_math_capability_checked: NOT_APPLICABLE_FOR_VISIBLE_COPY
rank_math_path_or_reason_not_used: Visible-content differentiation is outside metadata ownership.
```

**Evidence:** The supplied heading and excerpt repeat the family pattern while stating 40 colors and 16 mediums.

**Impact:** Potential differentiation limitation is a hypothesis; no ranking causation is claimed.

**Recommendation:** Initial family comparison only; no replacement copy in Round 1.

**Acceptance criteria:** As stated above.

**Explicit audit outcome:** Direct legacy redirect evidence is preserved; current page audit is sufficient for Second Review, while indexability, Page+Query and Rank Math configuration remain unresolved. No Production or raw-data write occurred.",OBSERVED,P2,PAGE,OPEN,"INITIAL — compare verified contents, use case and size distinction with sibling sets during Second Review",pages/products/WP-33326.md
WP-33327,products,https://www.mariwork.ir/shop/whole-mediumes-set-30ml/,WP-33327-F001,Meta description contains an apparent markup artifact,"#### WP-33327-F001 — Meta description contains an apparent markup artifact

```yaml
severity: P1
scope: PAGE
status: CONFIRMED
evidence_class: OBSERVED
confidence: HIGH
source_refs: [""INPUT:evidence.WP-33327.meta_description"", ""INPUT:evidence.WP-33327.text_excerpt""]
impact: The supplied meta description begins with `idget_type=\""woocommerce-product-additional-information.default\"">`, which can make the snippet misleading or lower-quality if emitted in the live head; exact rendered head ownership still needs verification.
recommendation: INITIAL — verify the raw head and Rank Math output, identify the source of the artifact, and correct it through the single verified SEO owner if confirmed; do not add competing metadata.
acceptance_criteria: Raw head contains a clean, accurate description owned by one verified pipeline; no visible-content or schema facts are changed without approval.
google_basis: GOOGLE_CONSISTENT
google_reference: https://developers.google.com/search/docs/appearance/snippet
seo_owner_current: UNKNOWN_NEEDS_VERIFICATION
seo_owner_target: RANK_MATH if it owns product meta output; otherwise documented single owner after capability verification
rank_math_capability_checked: BLOCKED_BY_ACCESS
rank_math_path_or_reason_not_used: Installed version/modules and current metadata owner were not supplied.
```

**Evidence:** The deterministic evidence includes the artifact at the beginning of `meta_description` and in the text excerpt.

**Impact:** Potentially misleading snippet content; live-head confirmation is still required.

**Recommendation:** Initial verification and owner-led correction only; no Production change is authorized.

**Acceptance criteria:** As stated above.",OBSERVED,P1,PAGE,CONFIRMED,"INITIAL — verify the raw head and Rank Math output, identify the source of the artifact, and correct it through the single verified SEO owner if confirmed",pages/products/WP-33327.md
WP-33327,products,https://www.mariwork.ir/shop/whole-mediumes-set-30ml/,WP-33327-F002,Product structured-data output is not evidenced in the supplied extraction,"#### WP-33327-F002 — Product structured-data output is not evidenced in the supplied extraction

```yaml
severity: P1
scope: PAGE
status: BLOCKED
evidence_class: OBSERVED
confidence: MEDIUM
source_refs: [""INPUT:evidence.WP-33327.schema_types"", ""SYS-004"", ""SYS-006""]
impact: Product rich-result eligibility and consistency of price, identity and offer data cannot be assessed; no ranking or rich-result causation is claimed.
recommendation: INITIAL — inspect complete output and verify the current Rank Math/WooCommerce schema owner before deciding whether any change is needed; do not add parallel schema.
acceptance_criteria: One verified schema owner; Product/Offer fields agree with visible/WooCommerce facts; representative set regression passes.
google_basis: GOOGLE_RECOMMENDED
google_reference: https://developers.google.com/search/docs/appearance/structured-data/product-snippet
seo_owner_current: UNKNOWN_NEEDS_VERIFICATION
seo_owner_target: RANK_MATH where installed capability supports Product/WooCommerce schema
rank_math_capability_checked: BLOCKED_BY_ACCESS
rank_math_path_or_reason_not_used: Installed version/modules and current owner were not supplied.
```

**Evidence:** `schema_types: []` in the supplied extraction; this does not prove absence from every rendered state.

**Impact:** Structured-data consistency remains unverified.

**Recommendation:** Initial verification only; no Production change is authorized.

**Acceptance criteria:** As stated above.",OBSERVED,P1,PAGE,BLOCKED,INITIAL — inspect complete output and verify the current Rank Math/WooCommerce schema owner before deciding whether any change is needed,pages/products/WP-33327.md
WP-33327,products,https://www.mariwork.ir/shop/whole-mediumes-set-30ml/,WP-33327-F003,Product-set template differentiation requires Second Review,"#### WP-33327-F003 — Product-set template differentiation requires Second Review

```yaml
severity: P2
scope: PAGE
status: OPEN
evidence_class: OBSERVED
confidence: MEDIUM
source_refs: [""INPUT:evidence.WP-33327.headings"", ""INPUT:evidence.WP-33327.text_excerpt"", ""SYS-008""]
impact: Repeated generic summary/FAQ/30 ml sections are present across the batch; medium-specific decision support is not measured here.
recommendation: INITIAL — compare verified medium contents, use cases and size distinction with sibling products during Second Review; preserve only useful, evidence-backed distinctions.
acceptance_criteria: Second Review identifies unique verified facts and confirms decision value; no unsupported claims are added.
google_basis: GOOGLE_CONSISTENT
google_reference: https://developers.google.com/search/docs/fundamentals/creating-helpful-content
seo_owner_current: CONTENT
seo_owner_target: CONTENT for visible copy; RANK_MATH for metadata only if separately approved and supported
rank_math_capability_checked: NOT_APPLICABLE_FOR_VISIBLE_COPY
rank_math_path_or_reason_not_used: Visible-content differentiation is outside metadata ownership.
```

**Evidence:** The supplied page repeats the shared heading/30 ml pattern; its meta and visible excerpt also contain the artifact recorded in F001.

**Impact:** Potential differentiation limitation is a hypothesis; no ranking causation is claimed.

**Recommendation:** Initial family comparison only; no replacement copy in Round 1.

**Acceptance criteria:** As stated above.

**Explicit audit outcome:** Direct legacy redirect evidence is preserved; the metadata artifact is material and needs Second Review confirmation. Page remains `NOT_DECIDED`; no Production or raw-data write occurred.",OBSERVED,P2,PAGE,OPEN,"INITIAL — compare verified medium contents, use cases and size distinction with sibling products during Second Review",pages/products/WP-33327.md
WP-34061,static,https://www.mariwork.ir/test/,WP-34061-F001,Inventory identity/status conflicts with current page evidence,"#### WP-34061-F001 — Inventory identity/status conflicts with current page evidence
```yaml
severity: P1
scope: PAGE
status: CONFIRMED
evidence_class: OBSERVED
confidence: HIGH
source_refs: [""INPUT:inventory.actual_status"", ""INPUT:evidence.status"", ""INPUT:evidence.final_url"", ""SYS-003""]
impact: Current disposition cannot be selected safely; redirect, restoration, or removal requires source identity and intent evidence.
recommendation: INITIAL — reconcile inventory/REST evidence with the observed 404; do not infer a replacement from slug similarity.
acceptance_criteria: Exact source identity, redirect/canonical status, historical evidence, and approved disposition are documented.
google_basis: GOOGLE_CONSISTENT
google_reference: https://developers.google.com/search/docs/crawling-indexing/301-redirects
seo_owner_current: UNKNOWN_NEEDS_VERIFICATION
seo_owner_target: RANK_MATH if supported for redirect controls; otherwise documented platform owner
rank_math_capability_checked: BLOCKED_BY_ACCESS
rank_math_path_or_reason_not_used: Redirect table and installed modules unavailable
```",OBSERVED,P1,PAGE,CONFIRMED,INITIAL — reconcile inventory/REST evidence with the observed 404,pages/static/WP-34061.md
WP-63,homepage,https://www.mariwork.ir/,WP-63-F001,severity: P1,"#### WP-63-F001

- severity: P1
- scope: PAGE
- status: CONFIRMED
- evidence_class: OBSERVED
- confidence: MEDIUM
- source_refs: `INPUT.evidence.schema_types=[]`; `INPUT.evidence.text_excerpt`; `SYS-004`
- impact: No structured-data type was parsed from the supplied initial-HTML evidence for the homepage. The appropriate entity/schema model, if any, and whether runtime output exists are not established; rich-result or ranking impact is not claimed.
- recommendation: INITIAL — independently verify raw initial HTML and rendered output, then reconcile visible entity facts with the approved schema scope. If Rank Math supports the approved output, use Rank Math as the single owner; do not add parallel/custom schema output before ownership and capability verification.
- acceptance_criteria: Raw and rendered checks explain the empty parser result; approved schema types/fields are limited to accurate visible facts; one owner, capability path, duplicate-output check and regression sample are documented; Second Review is complete.
- google_basis: GOOGLE_CONSISTENT
- google_reference: https://developers.google.com/search/docs/appearance/structured-data/intro-structured-data
- seo_owner_current: UNKNOWN_NEEDS_VERIFICATION
- seo_owner_target: RANK_MATH if capability is verified; otherwise UNKNOWN_NEEDS_VERIFICATION
- rank_math_capability_checked: BLOCKED_BY_ACCESS
- rank_math_path_or_reason_not_used: Installed version/modules and current schema owner were not supplied; see `SYS-001`/`SYS-006`.",OBSERVED,P1,PAGE,CONFIRMED,"INITIAL — independently verify raw initial HTML and rendered output, then reconcile visible entity facts with the approved schema scope. If Rank Math supports the approved output, use Rank Math as the single owner",pages/homepage/WP-63.md
WP-63,homepage,https://www.mariwork.ir/,WP-63-F002,severity: P1,"#### WP-63-F002

- severity: P1
- scope: PAGE
- status: BLOCKED
- evidence_class: OBSERVED
- confidence: HIGH
- source_refs: `INPUT.inventory.intended_indexability=UNKNOWN_NEEDS_VERIFICATION`; `INPUT.evidence.meta_robots`; `INPUT.evidence.canonical`; `INPUT.evidence.sitemap`; `SYS-001`/`SYS-006`
- impact: Public signals indicate index/follow and self-canonical, but the intended indexability decision and Rank Math/config ownership are not verified. This prevents a final indexability or SEO-control disposition.
- recommendation: INITIAL — verify the intended homepage indexability against the approved site architecture and inspect Rank Math settings/modules and any competing owners. Preserve the observed self-canonical/index-follow behavior unless a later approved decision changes it.
- acceptance_criteria: Intended indexability, sitemap membership, canonical/robots output, current owner, Rank Math capability/path, duplicate-owner status and regression check are evidenced; no change occurs before Second Review and approval.
- google_basis: GOOGLE_CONSISTENT
- google_reference: https://developers.google.com/search/docs/crawling-indexing/consolidate-duplicate-urls
- seo_owner_current: UNKNOWN_NEEDS_VERIFICATION
- seo_owner_target: RANK_MATH where supported; otherwise UNKNOWN_NEEDS_VERIFICATION
- rank_math_capability_checked: BLOCKED_BY_ACCESS
- rank_math_path_or_reason_not_used: Production configuration, installed modules and hooks are inaccessible in this Round-1 evidence.",OBSERVED,P1,PAGE,BLOCKED,INITIAL — verify the intended homepage indexability against the approved site architecture and inspect Rank Math settings/modules and any competing owners. Preserve the observed self-canonical/index-follow behavior unless a later approved decision changes it.,pages/homepage/WP-63.md
WP-63,homepage,https://www.mariwork.ir/,WP-63-F003,severity: P2,"#### WP-63-F003

- severity: P2
- scope: PAGE
- status: BLOCKED
- evidence_class: OBSERVED
- confidence: MEDIUM
- source_refs: `INPUT.evidence.text_excerpt`; `INPUT.evidence.headings`; `INPUT.evidence.internal_links`; `GSC:Pages.csv:2`; `SYS-007`/`SYS-008`
- impact: The homepage visibly serves brand, product-navigation and education roles, but page-specific query ownership, SERP intent, content distinctiveness and cross-family link requirements are not proven by the supplied evidence.
- recommendation: INITIAL — perform the independent Second Review with SERP/intent research and a complete content/link inspection; use joined Page+Query evidence if available. Until then, do not assign queries, claim cannibalization, or mass-add links/copy.
- acceptance_criteria: Intent and page role are documented from independent review; any query target has joined evidence or explicitly documented alternative research; link recommendations distinguish systemic rules from homepage exceptions.
- google_basis: PROJECT_DECISION
- google_reference: https://developers.google.com/search/docs/fundamentals/seo-starter-guide
- seo_owner_current: CONTENT/UNKNOWN_NEEDS_VERIFICATION
- seo_owner_target: CONTENT for visible content/links; RANK_MATH for supported metadata
- rank_math_capability_checked: BLOCKED_BY_ACCESS
- rank_math_path_or_reason_not_used: Query attribution and visible content/link decisions are not Rank Math implementation concerns; metadata ownership remains unverified.

#### Explicit gaps

- `UNKNOWN_NEEDS_VERIFICATION`: raw Open Graph output, language/direction, complete image dimensions/srcset, mobile parity, performance field data, rendered/AJAX behavior, WP current data, Coverage/URL Inspection and live Rank Math configuration.
- `BLOCKED_BY_ACCESS`: no independent live/SERP review or Page+Query export was supplied; no claims are made from separate `Pages.csv` and `Queries.csv` files.",OBSERVED,P2,PAGE,BLOCKED,INITIAL — perform the independent Second Review with SERP/intent research and a complete content/link inspection,pages/homepage/WP-63.md
WP-66,static,https://www.mariwork.ir/about-us/,WP-66-F001,No structured-data type observed on the About page,"#### WP-66-F001 — No structured-data type observed on the About page
```yaml
severity: P2
scope: PAGE
status: CONFIRMED
evidence_class: OBSERVED
confidence: HIGH
source_refs: [""INPUT:evidence.schema_types"", ""INPUT:inventory.notes_excerpt"", ""SYS-004""]
impact: Structured-data behavior and visible/entity consistency cannot be assessed; no ranking or rich-result causation is claimed.
recommendation: INITIAL — verify whether supported organization/entity data is appropriate and maintain one verified Rank Math owner if applicable.
acceptance_criteria: Selected data is visible/factual, has one owner, and legacy/current URL history remains documented.
google_basis: GOOGLE_CONSISTENT
google_reference: https://developers.google.com/search/docs/appearance/structured-data/intro-structured-data
seo_owner_current: UNKNOWN_NEEDS_VERIFICATION
seo_owner_target: RANK_MATH where capability is verified
rank_math_capability_checked: BLOCKED_BY_ACCESS
rank_math_path_or_reason_not_used: Installed configuration unavailable
```",OBSERVED,P2,PAGE,CONFIRMED,INITIAL — verify whether supported organization/entity data is appropriate and maintain one verified Rank Math owner if applicable.,pages/static/WP-66.md
WP-68,static,https://www.mariwork.ir/contact-us/,WP-68-F001,No structured-data type observed on the contact page,"#### WP-68-F001 — No structured-data type observed on the contact page
```yaml
severity: P2
scope: PAGE
status: CONFIRMED
evidence_class: OBSERVED
confidence: HIGH
source_refs: [""INPUT:evidence.schema_types"", ""INPUT:evidence.text_excerpt"", ""SYS-004""]
impact: Entity/contact structured-data behavior cannot be assessed; no rich-result or ranking causation is claimed.
recommendation: INITIAL — verify visible contact channels and assess supported structured data only if appropriate; do not add unverified contact data.
acceptance_criteria: Visible facts are current, any output has one verified owner, and no private/customer data is exposed.
google_basis: GOOGLE_CONSISTENT
google_reference: https://developers.google.com/search/docs/appearance/structured-data/intro-structured-data
seo_owner_current: UNKNOWN_NEEDS_VERIFICATION
seo_owner_target: RANK_MATH where capability is verified; CONTENT for visible contact facts
rank_math_capability_checked: BLOCKED_BY_ACCESS
rank_math_path_or_reason_not_used: Installed modules/configuration unavailable
```",OBSERVED,P2,PAGE,CONFIRMED,INITIAL — verify visible contact channels and assess supported structured data only if appropriate,pages/static/WP-68.md
WP-70,static,https://www.mariwork.ir/mag/,WP-70-F001,Meta description is absent,"#### WP-70-F001 — Meta description is absent
```yaml
severity: P2
scope: PAGE
status: CONFIRMED
evidence_class: OBSERVED
confidence: HIGH
source_refs: [""INPUT:evidence.meta_description"", ""INPUT:evidence.title""]
impact: Search snippets may be generated from page content rather than a supplied description; no CTR or ranking effect is claimed.
recommendation: INITIAL — after Second Review, define a concise accurate description through the verified Rank Math owner; do not draft final metadata in Round 1.
acceptance_criteria: Approved description accurately represents visible magazine content and is emitted once.
google_basis: GOOGLE_CONSISTENT
google_reference: https://developers.google.com/search/docs/appearance/snippet
seo_owner_current: UNKNOWN_NEEDS_VERIFICATION
seo_owner_target: RANK_MATH where capability is verified
rank_math_capability_checked: BLOCKED_BY_ACCESS
rank_math_path_or_reason_not_used: Installed configuration unavailable
```",OBSERVED,P2,PAGE,CONFIRMED,"INITIAL — after Second Review, define a concise accurate description through the verified Rank Math owner",pages/static/WP-70.md
WP-70,static,https://www.mariwork.ir/mag/,WP-70-F002,Seven sampled images lack ALT text,"#### WP-70-F002 — Seven sampled images lack ALT text
```yaml
severity: P2
scope: PAGE
status: CONFIRMED
evidence_class: MEASURED
confidence: HIGH
source_refs: [""INPUT:evidence.image_count"", ""INPUT:evidence.images_missing_alt""]
impact: Image context/accessibility is incomplete for sampled magazine thumbnails; ALT is not a keyword field.
recommendation: INITIAL — review each image's function and add concise descriptive ALT only where useful, preserving decorative handling where appropriate.
acceptance_criteria: Each image is classified as informative/decorative; informative images have accurate ALT and no keyword stuffing.
google_basis: GOOGLE_RECOMMENDED
google_reference: https://developers.google.com/search/docs/appearance/google-images
seo_owner_current: CONTENT/PLATFORM_UNKNOWN
seo_owner_target: CONTENT for text alternative
rank_math_capability_checked: NOT_APPLICABLE_FOR_IMAGE_ALT_CONTENT
rank_math_path_or_reason_not_used: ALT is image/content data, not a Rank Math metadata control
```",MEASURED,P2,PAGE,CONFIRMED,"INITIAL — review each image's function and add concise descriptive ALT only where useful, preserving decorative handling where appropriate.",pages/static/WP-70.md
WP-70,static,https://www.mariwork.ir/mag/,WP-70-F003,No structured-data type observed,"#### WP-70-F003 — No structured-data type observed
```yaml
severity: P2
scope: PAGE
status: CONFIRMED
evidence_class: OBSERVED
confidence: HIGH
source_refs: [""INPUT:evidence.schema_types"", ""SYS-004""]
impact: Article-list structured-data behavior cannot be assessed; no rich-result impact is inferred.
recommendation: INITIAL — assess page/template schema against visible article cards and use one verified owner if applicable.
acceptance_criteria: Any type represents visible facts and has a single verified owner.
google_basis: GOOGLE_CONSISTENT
google_reference: https://developers.google.com/search/docs/appearance/structured-data/article
seo_owner_current: UNKNOWN_NEEDS_VERIFICATION
seo_owner_target: RANK_MATH where capability is verified
rank_math_capability_checked: BLOCKED_BY_ACCESS
rank_math_path_or_reason_not_used: Installed configuration unavailable
```",OBSERVED,P2,PAGE,CONFIRMED,INITIAL — assess page/template schema against visible article cards and use one verified owner if applicable.,pages/static/WP-70.md
